-- --------------------------------------------------------
-- Host:                         127.0.0.1
-- Server version:               10.4.13-MariaDB - mariadb.org binary distribution
-- Server OS:                    Win64
-- HeidiSQL Version:             9.4.0.5125
-- --------------------------------------------------------

/*!40101 SET @OLD_CHARACTER_SET_CLIENT=@@CHARACTER_SET_CLIENT */;
/*!40101 SET NAMES utf8 */;
/*!50503 SET NAMES utf8mb4 */;
/*!40014 SET @OLD_FOREIGN_KEY_CHECKS=@@FOREIGN_KEY_CHECKS, FOREIGN_KEY_CHECKS=0 */;
/*!40101 SET @OLD_SQL_MODE=@@SQL_MODE, SQL_MODE='NO_AUTO_VALUE_ON_ZERO' */;


-- Dumping database structure for db_diklatlampung
DROP DATABASE IF EXISTS `db_diklatlampung`;
CREATE DATABASE IF NOT EXISTS `db_diklatlampung` /*!40100 DEFAULT CHARACTER SET utf8 */;
USE `db_diklatlampung`;

-- Dumping structure for table db_diklatlampung.login
DROP TABLE IF EXISTS `login`;
CREATE TABLE IF NOT EXISTS `login` (
  `id` int(11) NOT NULL AUTO_INCREMENT,
  `username` varchar(50) NOT NULL,
  `password` varchar(50) NOT NULL,
  `nama` varchar(50) NOT NULL,
  `email` varchar(150) DEFAULT NULL,
  `active` int(11) DEFAULT NULL,
  PRIMARY KEY (`id`)
) ENGINE=InnoDB AUTO_INCREMENT=3 DEFAULT CHARSET=latin1;

-- Dumping data for table db_diklatlampung.login: ~2 rows (approximately)
DELETE FROM `login`;
/*!40000 ALTER TABLE `login` DISABLE KEYS */;
INSERT INTO `login` (`id`, `username`, `password`, `nama`, `email`, `active`) VALUES
	(1, 'test', 'test', 'fariz ', NULL, NULL),
	(2, 'coba1', 'coba1', 'microtrafh', 'microtrafh@gmail.com', 1);
/*!40000 ALTER TABLE `login` ENABLE KEYS */;

-- Dumping structure for table db_diklatlampung.tb_agama
DROP TABLE IF EXISTS `tb_agama`;
CREATE TABLE IF NOT EXISTS `tb_agama` (
  `id` int(11) NOT NULL AUTO_INCREMENT,
  `agama` varchar(50) DEFAULT NULL,
  PRIMARY KEY (`id`)
) ENGINE=MyISAM AUTO_INCREMENT=6 DEFAULT CHARSET=utf8;

-- Dumping data for table db_diklatlampung.tb_agama: 5 rows
DELETE FROM `tb_agama`;
/*!40000 ALTER TABLE `tb_agama` DISABLE KEYS */;
INSERT INTO `tb_agama` (`id`, `agama`) VALUES
	(1, 'Islam'),
	(2, 'Kristen Katolik'),
	(3, 'Kristen Protestan'),
	(4, 'Hindu'),
	(5, 'Budha');
/*!40000 ALTER TABLE `tb_agama` ENABLE KEYS */;

-- Dumping structure for table db_diklatlampung.tb_akun
DROP TABLE IF EXISTS `tb_akun`;
CREATE TABLE IF NOT EXISTS `tb_akun` (
  `id` int(11) NOT NULL AUTO_INCREMENT,
  `nip` varchar(50) DEFAULT NULL,
  `nama` varchar(50) DEFAULT NULL,
  `email` varchar(50) DEFAULT NULL,
  `kataSandi` varchar(50) DEFAULT NULL,
  `salt` varchar(50) DEFAULT NULL,
  `pangkatGolonganId` int(11) DEFAULT NULL,
  `jabatanEselon` varchar(200) DEFAULT NULL,
  `unitKerjaId` int(11) DEFAULT NULL,
  `instansiId` int(11) DEFAULT NULL,
  `instansiLainnya` varchar(200) DEFAULT NULL,
  `pendidikanTerakhirId` int(11) DEFAULT NULL,
  `jenisKelaminId` int(11) DEFAULT NULL,
  `tempatLahir` varchar(50) DEFAULT NULL,
  `tanggalLahir` date DEFAULT NULL,
  `agamaId` int(11) DEFAULT NULL,
  `alamat` text DEFAULT NULL,
  `alamatKantor` text DEFAULT NULL,
  `telpHp` varchar(50) DEFAULT NULL,
  `foto` varchar(50) DEFAULT NULL,
  `suratPerintahTugas` varchar(50) DEFAULT NULL,
  `suratPernyataanBebasTugasKedinasan` varchar(50) DEFAULT NULL,
  `suratKeputusanCPNS` varchar(50) DEFAULT NULL,
  `suratKeputusanPangkat` varchar(50) DEFAULT NULL,
  `suratKeputusanJabatanTerakhir` varchar(50) DEFAULT NULL,
  `ijazahTerakhir` varchar(50) DEFAULT NULL,
  `suratKeteranganDokterdariRumahSakitPemerintah` varchar(50) DEFAULT NULL,
  `askesBPJSatauKIS` varchar(50) DEFAULT NULL,
  `registeredOn` datetime DEFAULT NULL,
  `statusAkunId` int(11) DEFAULT NULL,
  `activeOn` datetime DEFAULT NULL,
  `tipeAkunId` int(11) DEFAULT NULL,
  PRIMARY KEY (`id`)
) ENGINE=MyISAM AUTO_INCREMENT=38 DEFAULT CHARSET=utf8;

-- Dumping data for table db_diklatlampung.tb_akun: 2 rows
DELETE FROM `tb_akun`;
/*!40000 ALTER TABLE `tb_akun` DISABLE KEYS */;
INSERT INTO `tb_akun` (`id`, `nip`, `nama`, `email`, `kataSandi`, `salt`, `pangkatGolonganId`, `jabatanEselon`, `unitKerjaId`, `instansiId`, `instansiLainnya`, `pendidikanTerakhirId`, `jenisKelaminId`, `tempatLahir`, `tanggalLahir`, `agamaId`, `alamat`, `alamatKantor`, `telpHp`, `foto`, `suratPerintahTugas`, `suratPernyataanBebasTugasKedinasan`, `suratKeputusanCPNS`, `suratKeputusanPangkat`, `suratKeputusanJabatanTerakhir`, `ijazahTerakhir`, `suratKeteranganDokterdariRumahSakitPemerintah`, `askesBPJSatauKIS`, `registeredOn`, `statusAkunId`, `activeOn`, `tipeAkunId`) VALUES
	(37, '123', 'Jayadi', 'track41studio@gmail.com', '349FFFE71BA2D1E997AF2548A9BDF983854DD903', 'B12A389E6E3D52023A51F51BB7EA475C88C1F160', 9, '-', 4, 4, '', 6, 1, '-', '1995-06-01', 1, '-', 'Hajimena', '-', 'E19E97CD9E1A7C60851246C9870F4C52B62F85D4.jpeg', '', '', '', '', '', '', '', '', '2020-06-30 01:06:28', 2, '2020-06-30 01:06:28', 1),
	(30, '123456', 'marbi', 'abyjebrut@gmail.com', '97D854B2255B51D3009EA80F1A04CC190C7D0034', '0AE2B9FEF630135162BDF02F12300C430A4234E7', 12, '1', 4, 4, '', NULL, 1, 'a', '2020-06-10', 1, 'a', 'ok', '4', '6BA362BB9A9085D95836B21164E1A6A8BF4AB343.jpeg', '', '', '', '', '', '', '', '', '2020-06-01 14:15:25', 2, '2020-06-01 14:15:25', 1);
/*!40000 ALTER TABLE `tb_akun` ENABLE KEYS */;

-- Dumping structure for table db_diklatlampung.tb_alumni
DROP TABLE IF EXISTS `tb_alumni`;
CREATE TABLE IF NOT EXISTS `tb_alumni` (
  `id` int(11) NOT NULL AUTO_INCREMENT,
  `diklatId` int(11) DEFAULT NULL,
  `akunId` int(11) DEFAULT NULL,
  `noRegistrasi` varchar(50) DEFAULT NULL,
  PRIMARY KEY (`id`)
) ENGINE=MyISAM AUTO_INCREMENT=3 DEFAULT CHARSET=utf8;

-- Dumping data for table db_diklatlampung.tb_alumni: 1 rows
DELETE FROM `tb_alumni`;
/*!40000 ALTER TABLE `tb_alumni` DISABLE KEYS */;
INSERT INTO `tb_alumni` (`id`, `diklatId`, `akunId`, `noRegistrasi`) VALUES
	(2, 148, 28, '123456');
/*!40000 ALTER TABLE `tb_alumni` ENABLE KEYS */;

-- Dumping structure for table db_diklatlampung.tb_angkatan
DROP TABLE IF EXISTS `tb_angkatan`;
CREATE TABLE IF NOT EXISTS `tb_angkatan` (
  `id` int(11) NOT NULL AUTO_INCREMENT,
  `angkatan` varchar(200) DEFAULT NULL,
  PRIMARY KEY (`id`)
) ENGINE=MyISAM AUTO_INCREMENT=16 DEFAULT CHARSET=utf8;

-- Dumping data for table db_diklatlampung.tb_angkatan: 10 rows
DELETE FROM `tb_angkatan`;
/*!40000 ALTER TABLE `tb_angkatan` DISABLE KEYS */;
INSERT INTO `tb_angkatan` (`id`, `angkatan`) VALUES
	(1, 'Angkatan I'),
	(2, 'Angkatan II'),
	(9, 'Angkatan IV'),
	(8, 'Angkatan III'),
	(10, 'Angkatan V'),
	(11, 'Angkatan VI'),
	(12, 'Angkatan VII'),
	(13, 'Angkatan VIII'),
	(14, 'Angkatan IX'),
	(15, 'Angkatan X');
/*!40000 ALTER TABLE `tb_angkatan` ENABLE KEYS */;

-- Dumping structure for table db_diklatlampung.tb_arsip_materi
DROP TABLE IF EXISTS `tb_arsip_materi`;
CREATE TABLE IF NOT EXISTS `tb_arsip_materi` (
  `id` int(11) NOT NULL AUTO_INCREMENT,
  `publishStatusId` int(11) DEFAULT NULL,
  `diklatId` int(11) DEFAULT NULL,
  `mataDiklat` varchar(200) DEFAULT NULL,
  `fileWord` varchar(50) DEFAULT NULL,
  `fileExcel` varchar(50) DEFAULT NULL,
  `filePowerPoint` varchar(50) DEFAULT NULL,
  `filePdf` varchar(50) DEFAULT NULL,
  PRIMARY KEY (`id`)
) ENGINE=MyISAM AUTO_INCREMENT=4 DEFAULT CHARSET=utf8;

-- Dumping data for table db_diklatlampung.tb_arsip_materi: 3 rows
DELETE FROM `tb_arsip_materi`;
/*!40000 ALTER TABLE `tb_arsip_materi` DISABLE KEYS */;
INSERT INTO `tb_arsip_materi` (`id`, `publishStatusId`, `diklatId`, `mataDiklat`, `fileWord`, `fileExcel`, `filePowerPoint`, `filePdf`) VALUES
	(1, 2, 1, 'Matematika', '64F432F6765867D751068A3E604207FCC77EE61F.htm', '', '', ''),
	(2, 2, 3, 'Ms Word', '', '336B0F8A5036CD2066E09D1205465E1F365A755C.odt', '', '805E07A6185D729102221CBA9421132A15000C40.pdf'),
	(3, 2, 2, 'Masak Gulai', '', '2F0D53FE9630785B016F1FA5A656A6710B669267.pdf', '', '');
/*!40000 ALTER TABLE `tb_arsip_materi` ENABLE KEYS */;

-- Dumping structure for table db_diklatlampung.tb_arsip_materi_pengajar
DROP TABLE IF EXISTS `tb_arsip_materi_pengajar`;
CREATE TABLE IF NOT EXISTS `tb_arsip_materi_pengajar` (
  `id` int(11) NOT NULL AUTO_INCREMENT,
  `arsipMateriId` int(11) DEFAULT NULL,
  `pengajarDiklatId` int(11) DEFAULT NULL,
  PRIMARY KEY (`id`)
) ENGINE=MyISAM AUTO_INCREMENT=10 DEFAULT CHARSET=utf8;

-- Dumping data for table db_diklatlampung.tb_arsip_materi_pengajar: 5 rows
DELETE FROM `tb_arsip_materi_pengajar`;
/*!40000 ALTER TABLE `tb_arsip_materi_pengajar` DISABLE KEYS */;
INSERT INTO `tb_arsip_materi_pengajar` (`id`, `arsipMateriId`, `pengajarDiklatId`) VALUES
	(8, 1, 1),
	(7, 1, 2),
	(5, 2, 1),
	(6, 2, 2),
	(9, 3, 1);
/*!40000 ALTER TABLE `tb_arsip_materi_pengajar` ENABLE KEYS */;

-- Dumping structure for table db_diklatlampung.tb_bahan_ajar
DROP TABLE IF EXISTS `tb_bahan_ajar`;
CREATE TABLE IF NOT EXISTS `tb_bahan_ajar` (
  `id` int(11) NOT NULL AUTO_INCREMENT,
  `judul` varchar(50) DEFAULT NULL,
  `pengantar` text DEFAULT NULL,
  PRIMARY KEY (`id`)
) ENGINE=MyISAM AUTO_INCREMENT=2 DEFAULT CHARSET=utf8;

-- Dumping data for table db_diklatlampung.tb_bahan_ajar: 1 rows
DELETE FROM `tb_bahan_ajar`;
/*!40000 ALTER TABLE `tb_bahan_ajar` DISABLE KEYS */;
INSERT INTO `tb_bahan_ajar` (`id`, `judul`, `pengantar`) VALUES
	(1, 'MATERI KEGIATAN DIKLAT TERSEDIA DALAM BENTUK FILE', '<p>Lorem ipsum dolor sit amet, consectetur adipisicing elit, sed do eiusmod tempor incididunt ut labore et dolore magna aliqua. Ut enim ad minim veniam, quis nostrud exercitation ullamco laboris nisi ut aliquip ex ea commodo consequat. Lorem ipsum dolor sit amet, consectetur adipiscing elit. Nullam turpis augue, congue ut consequat et, euismod a felis. Sed mauris magna, lacinia nec nibh vel, ullamcorper vehicula lacus. Suspendisse sit amet mi in elit venenatis ultricies. Nullam imperdiet neque ac lorem viverra porta. Donec enim est, tristique feugiat efficitur ac, accumsan in ligula. Cras egestas vulputate augue eu posuere. In scelerisque sollicitudin diam. Nulla ut orci diam. Duis eu lectus scelerisque, cursus erat eu, laoreet est.</p>');
/*!40000 ALTER TABLE `tb_bahan_ajar` ENABLE KEYS */;

-- Dumping structure for table db_diklatlampung.tb_bahan_jadwal_diklat
DROP TABLE IF EXISTS `tb_bahan_jadwal_diklat`;
CREATE TABLE IF NOT EXISTS `tb_bahan_jadwal_diklat` (
  `id` int(11) NOT NULL AUTO_INCREMENT,
  `pengajarDiklatId` int(11) DEFAULT NULL,
  `diklatId` int(11) DEFAULT NULL,
  `mataPelajaranId` int(11) DEFAULT NULL,
  `ruang` varchar(200) DEFAULT NULL,
  `tanggal` date DEFAULT NULL,
  `tanggalSelesai` date DEFAULT NULL,
  `jamMulai` time DEFAULT NULL,
  `jamSelesai` time DEFAULT NULL,
  `jumlahJp` int(11) DEFAULT NULL,
  `jumlahHari` int(11) DEFAULT NULL,
  `keterangan` text DEFAULT NULL,
  `statusSimpan` varchar(50) DEFAULT NULL,
  `userIdCreated` int(11) DEFAULT NULL,
  `tglCreated` datetime DEFAULT NULL,
  `userIdUpdated` int(11) DEFAULT NULL,
  `tglUpdated` datetime DEFAULT NULL,
  PRIMARY KEY (`id`)
) ENGINE=MyISAM AUTO_INCREMENT=10184 DEFAULT CHARSET=utf8 ROW_FORMAT=FIXED;

-- Dumping data for table db_diklatlampung.tb_bahan_jadwal_diklat: 158 rows
DELETE FROM `tb_bahan_jadwal_diklat`;
/*!40000 ALTER TABLE `tb_bahan_jadwal_diklat` DISABLE KEYS */;
INSERT INTO `tb_bahan_jadwal_diklat` (`id`, `pengajarDiklatId`, `diklatId`, `mataPelajaranId`, `ruang`, `tanggal`, `tanggalSelesai`, `jamMulai`, `jamSelesai`, `jumlahJp`, `jumlahHari`, `keterangan`, `statusSimpan`, `userIdCreated`, `tglCreated`, `userIdUpdated`, `tglUpdated`) VALUES
	(10175, 0, 193, 502, '', '2020-11-21', '2020-11-21', '13:30:00', '15:45:00', 3, 0, '', 'Belum', 11, '2020-08-18 12:55:01', 11, NULL),
	(10176, 0, 193, 503, '', '2020-11-23', '2020-11-23', '07:45:00', '10:00:00', 3, 0, '', 'Belum', 11, '2020-08-18 12:55:01', 11, NULL),
	(10177, 0, 193, 504, '', '2020-11-23', '2020-11-23', '10:15:00', '12:30:00', 3, 0, '', 'Belum', 11, '2020-08-18 12:55:01', 11, NULL),
	(10178, 0, 193, 505, '', '2020-11-23', '2020-11-23', '13:30:00', '15:45:00', 3, 0, '', 'Belum', 11, '2020-08-18 12:55:01', 11, NULL),
	(10179, 0, 193, 506, '', '2020-11-23', '2020-11-23', '16:00:00', '16:45:00', 1, 0, '', 'Belum', 11, '2020-08-18 12:55:01', 11, NULL),
	(10180, 0, 193, 507, '', '2020-11-24', '2020-11-24', '07:45:00', '10:00:00', 3, 0, '', 'Belum', 11, '2020-08-18 12:55:01', 11, NULL),
	(10181, 0, 193, 508, '', '2020-11-24', '2020-11-24', '10:15:00', '12:30:00', 3, 0, '', 'Belum', 11, '2020-08-18 12:55:01', 11, NULL),
	(10182, 0, 193, 509, '', '2020-11-25', '2020-11-25', '07:45:00', '10:00:00', 3, 0, '', 'Belum', 11, '2020-08-18 12:55:01', 11, NULL),
	(10183, 0, 193, 510, '', '2020-11-25', '2020-11-25', '10:00:00', '12:15:00', 3, 0, '', 'Belum', 11, '2020-08-18 12:55:01', 11, NULL),
	(10062, 0, 193, 397, '', '2020-08-18', '2020-08-18', '13:30:00', '15:45:00', 3, 0, '', 'Belum', 11, '2020-08-18 12:55:01', 11, NULL),
	(10063, 0, 193, 398, '', '2020-08-18', '2020-08-18', '16:00:00', '18:15:00', 3, 0, '', 'Belum', 11, '2020-08-18 12:55:01', 11, NULL),
	(10064, 0, 193, 399, '', '2020-08-19', '2020-08-19', '05:30:00', '07:00:00', 2, 0, '', 'Belum', 11, '2020-08-18 12:55:01', 11, NULL),
	(10065, 0, 193, 400, '', '2020-08-19', '2020-08-19', '07:30:00', '07:45:00', 0, 0, '', 'Belum', 11, '2020-08-18 12:55:01', 11, NULL),
	(10066, 0, 193, 401, '', '2020-08-19', '2020-08-19', '07:45:00', '10:00:00', 3, 0, '', 'Belum', 11, '2020-08-18 12:55:01', 11, NULL),
	(10067, 0, 193, 402, '', '2020-08-19', '2020-08-19', '10:15:00', '12:30:00', 3, 0, '', 'Belum', 11, '2020-08-18 12:55:01', 11, NULL),
	(10068, 0, 193, 403, '', '2020-08-19', '2020-08-19', '13:30:00', '15:45:00', 3, 0, '', 'Belum', 11, '2020-08-18 12:55:01', 11, NULL),
	(10069, 0, 193, 404, '', '2020-08-19', '2020-08-19', '16:00:00', '18:15:00', 3, 0, '', 'Belum', 11, '2020-08-18 12:55:01', 11, NULL),
	(10070, 0, 193, 405, '', '2020-08-24', '2020-08-24', '05:30:00', '07:00:00', 2, 0, '', 'Belum', 11, '2020-08-18 12:55:01', 11, NULL),
	(10071, 0, 193, 406, '', '2020-08-24', '2020-08-24', '07:30:00', '07:45:00', 0, 0, '', 'Belum', 11, '2020-08-18 12:55:01', 11, NULL),
	(10072, 0, 193, 407, '', '2020-08-24', '2020-08-24', '07:45:00', '10:00:00', 3, 0, '', 'Belum', 11, '2020-08-18 12:55:01', 11, NULL),
	(10073, 0, 193, 408, '', '2020-08-24', '2020-08-24', '10:15:00', '12:30:00', 3, 0, '', 'Belum', 11, '2020-08-18 12:55:01', 11, NULL),
	(10074, 0, 193, 409, '', '2020-08-24', '2020-08-24', '13:30:00', '15:45:00', 3, 0, '', 'Belum', 11, '2020-08-18 12:55:01', 11, NULL),
	(10075, 0, 193, 410, '', '2020-08-25', '2020-08-25', '05:30:00', '07:00:00', 2, 0, '', 'Belum', 11, '2020-08-18 12:55:01', 11, NULL),
	(10076, 0, 193, 411, '', '2020-08-25', '2020-08-25', '07:30:00', '07:45:00', 0, 0, '', 'Belum', 11, '2020-08-18 12:55:01', 11, NULL),
	(10077, 0, 193, 412, '', '2020-08-25', '2020-08-25', '07:45:00', '10:00:00', 3, 0, '', 'Belum', 11, '2020-08-18 12:55:01', 11, NULL),
	(10078, 0, 193, 413, '', '2020-08-25', '2020-08-25', '10:15:00', '12:30:00', 3, 0, '', 'Belum', 11, '2020-08-18 12:55:01', 11, NULL),
	(10079, 0, 193, 414, '', '2020-08-25', '2020-08-25', '13:30:00', '15:45:00', 3, 0, '', 'Belum', 11, '2020-08-18 12:55:01', 11, NULL),
	(10080, 0, 193, 415, '', '2020-08-25', '2020-08-25', '16:00:00', '18:15:00', 3, 0, '', 'Belum', 11, '2020-08-18 12:55:01', 11, NULL),
	(10081, 0, 193, 416, '', '2020-08-26', '2020-08-26', '05:30:00', '07:00:00', 2, 0, '', 'Belum', 11, '2020-08-18 12:55:01', 11, NULL),
	(10082, 0, 193, 417, '', '2020-08-26', '2020-08-26', '07:45:00', '10:00:00', 3, 0, '', 'Belum', 11, '2020-08-18 12:55:01', 11, NULL),
	(10083, 0, 193, 418, '', '2020-08-26', '2020-08-26', '10:15:00', '12:30:00', 3, 0, '', 'Belum', 11, '2020-08-18 12:55:01', 11, NULL),
	(10084, 0, 193, 419, '', '2020-08-26', '2020-08-26', '13:30:00', '15:45:00', 3, 0, '', 'Belum', 11, '2020-08-18 12:55:01', 11, NULL),
	(10085, 0, 193, 420, '', '2020-08-27', '2020-08-27', '05:30:00', '07:00:00', 2, 0, '', 'Belum', 11, '2020-08-18 12:55:01', 11, NULL),
	(10086, 0, 193, 421, '', '2020-08-27', '2020-08-27', '07:30:00', '07:45:00', 0, 0, '', 'Belum', 11, '2020-08-18 12:55:01', 11, NULL),
	(10087, 0, 193, 422, '', '2020-08-27', '2020-08-27', '07:45:00', '10:00:00', 3, 0, '', 'Belum', 11, '2020-08-18 12:55:01', 11, NULL),
	(10088, 0, 193, 423, '', '2020-08-27', '2020-08-27', '10:15:00', '12:30:00', 3, 0, '', 'Belum', 11, '2020-08-18 12:55:01', 11, NULL),
	(10089, 0, 193, 424, '', '2020-08-27', '2020-08-27', '13:30:00', '15:45:00', 3, 0, '', 'Belum', 11, '2020-08-18 12:55:01', 11, NULL),
	(10090, 0, 193, 425, '', '2020-08-28', '2020-08-28', '05:30:00', '07:00:00', 2, 0, '', 'Belum', 11, '2020-08-18 12:55:01', 11, NULL),
	(10091, 0, 193, 426, '', '2020-08-28', '2020-08-28', '07:30:00', '07:45:00', 0, 0, '', 'Belum', 11, '2020-08-18 12:55:01', 11, NULL),
	(10092, 0, 193, 427, '', '2020-08-28', '2020-08-28', '07:45:00', '10:00:00', 3, 0, '', 'Belum', 11, '2020-08-18 12:55:01', 11, NULL),
	(10093, 0, 193, 428, '', '2020-08-28', '2020-08-28', '10:15:00', '12:30:00', 3, 0, '', 'Belum', 11, '2020-08-18 12:55:01', 11, NULL),
	(10094, 0, 193, 429, '', '2020-08-28', '2020-08-28', '13:30:00', '15:45:00', 3, 0, '', 'Belum', 11, '2020-08-18 12:55:01', 11, NULL),
	(10095, 0, 193, 430, '', '2020-08-29', '2020-08-29', '05:30:00', '07:00:00', 2, 0, '', 'Belum', 11, '2020-08-18 12:55:01', 11, NULL),
	(10096, 0, 193, 431, '', '2020-08-29', '2020-08-29', '07:30:00', '07:45:00', 0, 0, '', 'Belum', 11, '2020-08-18 12:55:01', 11, NULL),
	(10097, 0, 193, 432, '', '2020-08-29', '2020-08-29', '07:45:00', '10:00:00', 3, 0, '', 'Belum', 11, '2020-08-18 12:55:01', 11, NULL),
	(10098, 0, 193, 433, '', '2020-08-29', '2020-08-29', '10:15:00', '12:30:00', 3, 0, '', 'Belum', 11, '2020-08-18 12:55:01', 11, NULL),
	(10099, 0, 193, 434, '', '2020-08-29', '2020-08-29', '13:30:00', '15:45:00', 3, 0, '', 'Belum', 11, '2020-08-18 12:55:01', 11, NULL),
	(10100, 0, 193, 435, '', '2020-08-31', '2020-08-31', '07:30:00', '07:45:00', 0, 0, '', 'Belum', 11, '2020-08-18 12:55:01', 11, NULL),
	(10101, 0, 193, 436, '', '2020-08-31', '2020-08-31', '07:45:00', '10:00:00', 3, 0, '', 'Belum', 11, '2020-08-18 12:55:01', 11, NULL),
	(10102, 0, 193, 437, '', '2020-08-31', '2020-08-31', '10:15:00', '12:30:00', 3, 0, '', 'Belum', 11, '2020-08-18 12:55:01', 11, NULL),
	(10103, 0, 193, 438, '', '2020-08-31', '2020-08-31', '13:30:00', '15:45:00', 3, 0, '', 'Belum', 11, '2020-08-18 12:55:01', 11, NULL),
	(10104, 0, 193, 439, '', '2020-09-01', '2020-09-01', '05:30:00', '07:00:00', 2, 0, '', 'Belum', 11, '2020-08-18 12:55:01', 11, NULL),
	(10105, 0, 193, 440, '', '2020-09-01', '2020-09-01', '07:30:00', '07:45:00', 0, 0, '', 'Belum', 11, '2020-08-18 12:55:01', 11, NULL),
	(10106, 0, 193, 441, '', '2020-09-01', '2020-09-01', '07:45:00', '10:00:00', 3, 0, '', 'Belum', 11, '2020-08-18 12:55:01', 11, NULL),
	(10107, 0, 193, 442, '', '2020-09-01', '2020-09-01', '10:15:00', '12:30:00', 3, 0, '', 'Belum', 11, '2020-08-18 12:55:01', 11, NULL),
	(10108, 0, 193, 443, '', '2020-09-01', '2020-09-01', '13:30:00', '15:45:00', 3, 0, '', 'Belum', 11, '2020-08-18 12:55:01', 11, NULL),
	(10109, 0, 193, 444, '', '2020-09-02', '2020-09-02', '07:30:00', '07:45:00', 0, 0, '', 'Belum', 11, '2020-08-18 12:55:01', 11, NULL),
	(10110, 0, 193, 445, '', '2020-09-02', '2020-09-02', '07:45:00', '10:00:00', 3, 0, '', 'Belum', 11, '2020-08-18 12:55:01', 11, NULL),
	(10111, 0, 193, 446, '', '2020-09-02', '2020-09-02', '10:15:00', '12:30:00', 3, 0, '', 'Belum', 11, '2020-08-18 12:55:01', 11, NULL),
	(10112, 0, 193, 447, '', '2020-09-02', '2020-09-02', '13:30:00', '15:45:00', 3, 0, '', 'Belum', 11, '2020-08-18 12:55:01', 11, NULL),
	(10113, 0, 193, 448, '', '2020-09-03', '2020-09-03', '05:30:00', '07:00:00', 2, 0, '', 'Belum', 11, '2020-08-18 12:55:01', 11, NULL),
	(10114, 0, 193, 449, '', '2020-09-03', '2020-09-03', '07:30:00', '07:45:00', 0, 0, '', 'Belum', 11, '2020-08-18 12:55:01', 11, NULL),
	(10115, 0, 193, 450, '', '2020-09-03', '2020-09-03', '07:45:00', '10:00:00', 3, 0, '', 'Belum', 11, '2020-08-18 12:55:01', 11, NULL),
	(10116, 0, 193, 451, '', '2020-09-03', '2020-09-03', '10:15:00', '12:30:00', 3, 0, '', 'Belum', 11, '2020-08-18 12:55:01', 11, NULL),
	(10117, 0, 193, 452, '', '2020-09-03', '2020-09-03', '13:30:00', '15:45:00', 3, 0, '', 'Belum', 11, '2020-08-18 12:55:01', 11, NULL),
	(10118, 0, 193, 453, '', '2020-09-04', '2020-09-04', '05:30:00', '07:00:00', 2, 0, '', 'Belum', 11, '2020-08-18 12:55:01', 11, NULL),
	(10119, 0, 193, 454, '', '2020-09-04', '2020-09-04', '07:30:00', '07:45:00', 0, 0, '', 'Belum', 11, '2020-08-18 12:55:01', 11, NULL),
	(10120, 0, 193, 455, '', '2020-09-04', '2020-09-04', '07:45:00', '10:00:00', 3, 0, '', 'Belum', 11, '2020-08-18 12:55:01', 11, NULL),
	(10121, 0, 193, 456, '', '2020-09-04', '2020-09-04', '10:15:00', '12:30:00', 3, 0, '', 'Belum', 11, '2020-08-18 12:55:01', 11, NULL),
	(10122, 0, 193, 457, '', '2020-09-04', '2020-09-04', '13:30:00', '15:45:00', 3, 0, '', 'Belum', 11, '2020-08-18 12:55:01', 11, NULL),
	(10123, 0, 193, 458, '', '2020-09-05', '2020-09-05', '07:30:00', '07:45:00', 0, 0, '', 'Belum', 11, '2020-08-18 12:55:01', 11, NULL),
	(10124, 0, 193, 459, '', '2020-09-05', '2020-09-05', '07:45:00', '10:00:00', 3, 0, '', 'Belum', 11, '2020-08-18 12:55:01', 11, NULL),
	(10125, 0, 193, 460, '', '2020-09-05', '2020-09-05', '10:15:00', '12:30:00', 3, 0, '', 'Belum', 11, '2020-08-18 12:55:01', 11, NULL),
	(10126, 0, 193, 461, '', '2020-09-05', '2020-09-05', '13:30:00', '15:45:00', 3, 0, '', 'Belum', 11, '2020-08-18 12:55:01', 11, NULL),
	(10127, 0, 193, 462, '', '2020-09-07', '2020-09-07', '07:30:00', '07:45:00', 0, 0, '', 'Belum', 11, '2020-08-18 12:55:01', 11, NULL),
	(10128, 0, 193, 463, '', '2020-09-07', '2020-09-07', '07:45:00', '10:00:00', 3, 0, '', 'Belum', 11, '2020-08-18 12:55:01', 11, NULL),
	(10129, 0, 193, 464, '', '2020-09-07', '2020-09-07', '10:15:00', '12:30:00', 3, 0, '', 'Belum', 11, '2020-08-18 12:55:01', 11, NULL),
	(10130, 0, 193, 465, '', '2020-09-07', '2020-09-07', '13:30:00', '15:45:00', 3, 0, '', 'Belum', 11, '2020-08-18 12:55:01', 11, NULL),
	(10131, 0, 193, 466, '', '2020-09-08', '2020-09-08', '05:30:00', '07:00:00', 2, 0, '', 'Belum', 11, '2020-08-18 12:55:01', 11, NULL),
	(10132, 0, 193, 467, '', '2020-09-08', '2020-09-08', '07:30:00', '07:45:00', 0, 0, '', 'Belum', 11, '2020-08-18 12:55:01', 11, NULL),
	(10133, 0, 193, 468, '', '2020-09-08', '2020-09-08', '07:45:00', '10:00:00', 3, 0, '', 'Belum', 11, '2020-08-18 12:55:01', 11, NULL),
	(10134, 0, 193, 469, '', '2020-09-08', '2020-09-08', '10:15:00', '12:30:00', 3, 0, '', 'Belum', 11, '2020-08-18 12:55:01', 11, NULL),
	(10135, 0, 193, 470, '', '2020-09-08', '2020-09-08', '13:30:00', '15:45:00', 3, 0, '', 'Belum', 11, '2020-08-18 12:55:01', 11, NULL),
	(10136, 0, 193, 471, '', '2020-09-09', '2020-09-09', '07:45:00', '09:15:00', 2, 1, '', 'Belum', 11, '2020-08-18 12:55:01', 11, NULL),
	(10137, 0, 193, 658, '', '2020-09-09', '2020-09-09', '09:30:00', '11:00:00', 2, 0, '', 'Belum', 11, '2020-08-18 12:55:01', 11, NULL),
	(10138, 0, 193, 472, '', '2020-09-10', '2020-09-10', '07:45:00', '10:00:00', 3, 4, '', 'Belum', 11, '2020-08-18 12:55:01', 11, NULL),
	(10139, 0, 193, 659, '', '2020-09-10', '2020-09-10', '10:15:00', '11:45:00', 2, 0, '', 'Belum', 11, '2020-08-18 12:55:01', 11, NULL),
	(10140, 0, 193, 660, '', '2020-09-11', '2020-09-11', '07:45:00', '10:00:00', 3, 0, '', 'Belum', 11, '2020-08-18 12:55:01', 11, NULL),
	(10141, 0, 193, 661, '', '2020-09-11', '2020-09-11', '10:15:00', '11:45:00', 2, 0, '', 'Belum', 11, '2020-08-18 12:55:01', 11, NULL),
	(10142, 0, 193, 662, '', '2020-09-12', '2020-09-12', '07:45:00', '10:00:00', 3, 0, '', 'Belum', 11, '2020-08-18 12:55:01', 11, NULL),
	(10143, 0, 193, 663, '', '2020-09-12', '2020-09-12', '10:15:00', '11:45:00', 2, 0, '', 'Belum', 11, '2020-08-18 12:55:01', 11, NULL),
	(10144, 0, 193, 664, '', '2020-09-14', '2020-09-14', '07:45:00', '10:00:00', 3, 0, '', 'Belum', 11, '2020-08-18 12:55:01', 11, NULL),
	(10145, 0, 193, 665, '', '2020-09-14', '2020-09-14', '10:15:00', '11:45:00', 2, 0, '', 'Belum', 11, '2020-08-18 12:55:01', 11, NULL),
	(10146, 0, 193, 473, '', '2020-09-15', '2020-09-15', '05:30:00', '07:00:00', 2, 0, '', 'Belum', 11, '2020-08-18 12:55:01', 11, NULL),
	(10147, 0, 193, 474, '', '2020-09-15', '2020-09-15', '07:45:00', '10:00:00', 3, 0, '', 'Belum', 11, '2020-08-18 12:55:01', 11, NULL),
	(10148, 0, 193, 475, '', '2020-09-15', '2020-09-15', '10:15:00', '12:30:00', 3, 0, '', 'Belum', 11, '2020-08-18 12:55:01', 11, NULL),
	(10149, 0, 193, 476, '', '2020-09-15', '2020-09-15', '13:30:00', '15:45:00', 3, 0, '', 'Belum', 11, '2020-08-18 12:55:01', 11, NULL),
	(10150, 0, 193, 477, '', '2020-09-15', '2020-09-15', '16:00:00', '18:15:00', 3, 0, '', 'Belum', 11, '2020-08-18 12:55:01', 11, NULL),
	(10151, 0, 193, 478, '', '2020-09-16', '2020-09-16', '07:30:00', '07:45:00', 0, 0, '', 'Belum', 11, '2020-08-18 12:55:01', 11, NULL),
	(10152, 0, 193, 479, '', '2020-09-16', '2020-09-16', '07:45:00', '10:00:00', 3, 0, '', 'Belum', 11, '2020-08-18 12:55:01', 11, NULL),
	(10153, 0, 193, 480, '', '2020-09-16', '2020-09-16', '10:15:00', '12:30:00', 3, 0, '', 'Belum', 11, '2020-08-18 12:55:01', 11, NULL),
	(10154, 0, 193, 481, '', '2020-09-16', '2020-09-16', '13:30:00', '15:45:00', 3, 0, '', 'Belum', 11, '2020-08-18 12:55:01', 11, NULL),
	(10155, 0, 193, 482, '', '2020-09-17', '2020-09-17', '07:30:00', '07:45:00', 0, 0, '', 'Belum', 11, '2020-08-18 12:55:01', 11, NULL),
	(10156, 0, 193, 483, '', '2020-09-17', '2020-09-17', '07:45:00', '10:00:00', 3, 0, '', 'Belum', 11, '2020-08-18 12:55:01', 11, NULL),
	(10157, 0, 193, 484, '', '2020-09-17', '2020-09-17', '10:15:00', '12:30:00', 3, 0, '', 'Belum', 11, '2020-08-18 12:55:01', 11, NULL),
	(10158, 0, 193, 485, '', '2020-09-17', '2020-09-17', '13:30:00', '15:45:00', 3, 0, '', 'Belum', 11, '2020-08-18 12:55:01', 11, NULL),
	(10159, 0, 193, 486, '', '2020-09-18', '2020-09-18', '07:30:00', '07:45:00', 0, 0, '', 'Belum', 11, '2020-08-18 12:55:01', 11, NULL),
	(10160, 0, 193, 487, '', '2020-09-18', '2020-09-18', '07:45:00', '10:00:00', 3, 0, '', 'Belum', 11, '2020-08-18 12:55:01', 11, NULL),
	(10161, 0, 193, 488, '', '2020-09-18', '2020-09-18', '10:15:00', '12:30:00', 3, 0, '', 'Belum', 11, '2020-08-18 12:55:01', 11, NULL),
	(10162, 0, 193, 489, '', '2020-09-18', '2020-09-18', '13:30:00', '15:45:00', 3, 0, '', 'Belum', 11, '2020-08-18 12:55:01', 11, NULL),
	(10163, 0, 193, 490, '', '2020-09-19', '2020-09-19', '07:45:00', '10:00:00', 3, 0, '', 'Belum', 11, '2020-08-18 12:55:01', 11, NULL),
	(10164, 0, 193, 491, '', '2020-09-19', '2020-09-19', '10:15:00', '12:30:00', 3, 0, '', 'Belum', 11, '2020-08-18 12:55:01', 11, NULL),
	(10165, 0, 193, 492, '', '2020-09-19', '2020-09-19', '13:30:00', '15:45:00', 3, 0, '', 'Belum', 11, '2020-08-18 12:55:01', 11, NULL),
	(10166, 0, 193, 493, '', '2020-09-19', '2020-09-19', '16:00:00', '16:45:00', 1, 0, '', 'Belum', 11, '2020-08-18 12:55:01', 11, NULL),
	(10167, 0, 193, 494, '', '2020-09-21', '2020-09-21', '05:30:00', '07:00:00', 2, 0, '', 'Belum', 11, '2020-08-18 12:55:01', 11, NULL),
	(10168, 0, 193, 495, '', '2020-09-21', '2020-09-21', '07:30:00', '07:45:00', 0, 0, '', 'Belum', 11, '2020-08-18 12:55:01', 11, NULL),
	(10169, 0, 193, 496, '', '2020-09-21', '2020-09-21', '07:45:00', '10:00:00', 3, 0, '', 'Belum', 11, '2020-08-18 12:55:01', 11, NULL),
	(10170, 0, 193, 497, '', '2020-09-21', '2020-09-21', '10:15:00', '12:30:00', 3, 0, '', 'Belum', 11, '2020-08-18 12:55:01', 11, NULL),
	(10171, 0, 193, 498, '', '2020-09-22', '2020-11-20', '04:16:00', '04:16:00', 0, 60, '', 'Belum', 11, '2020-08-18 12:55:01', 11, NULL),
	(10172, 0, 193, 499, '', '2020-11-21', '2020-11-21', '07:30:00', '07:45:00', 0, 0, '', 'Belum', 11, '2020-08-18 12:55:01', 11, NULL),
	(10173, 0, 193, 500, '', '2020-11-21', '2020-11-21', '07:45:00', '10:00:00', 3, 0, '', 'Belum', 11, '2020-08-18 12:55:01', 11, NULL),
	(10174, 0, 193, 501, '', '2020-11-21', '2020-11-21', '10:15:00', '12:30:00', 3, 0, '', 'Belum', 11, '2020-08-18 12:55:01', 11, NULL),
	(10061, 0, 193, 396, '', '2020-08-18', '2020-08-18', '10:15:00', '12:30:00', 3, 0, '', 'Belum', 11, '2020-08-18 12:55:01', 11, NULL),
	(10060, 0, 193, 394, '', '2020-08-18', '2020-08-18', '07:30:00', '07:45:00', 0, 0, '', 'Belum', 11, '2020-08-18 12:55:01', 11, NULL),
	(10059, 0, 193, 395, '', '2020-08-18', '2020-08-18', '07:30:00', '10:00:00', 3, 0, '', 'Belum', 11, '2020-08-18 12:55:01', 11, NULL),
	(6464, 0, 189, 708, '', '2020-08-13', '2020-08-13', '17:45:00', '18:00:00', 0, 0, '', 'Belum', 11, '2020-08-10 13:52:39', 0, NULL),
	(6463, 0, 189, 707, '', '2020-08-13', '2020-08-13', '15:30:00', '17:45:00', 3, 0, '', 'Belum', 11, '2020-08-10 13:52:39', 0, NULL),
	(6462, 0, 189, 706, '', '2020-08-13', '2020-08-13', '15:15:00', '15:30:00', 0, 0, '', 'Belum', 11, '2020-08-10 13:52:39', 0, NULL),
	(6460, 0, 189, 704, '', '2020-08-13', '2020-08-13', '12:15:00', '13:00:00', 0, 0, '', 'Belum', 11, '2020-08-10 13:52:39', 0, NULL),
	(6461, 0, 189, 705, '', '2020-08-13', '2020-08-13', '13:00:00', '15:15:00', 3, 0, '', 'Belum', 11, '2020-08-10 13:52:39', 0, NULL),
	(6459, 0, 189, 703, '', '2020-08-13', '2020-08-13', '10:00:00', '12:15:00', 3, 0, '', 'Belum', 11, '2020-08-10 13:52:39', 0, NULL),
	(6456, 0, 189, 700, '', '2020-08-12', '2020-08-12', '15:30:00', '17:00:00', 2, 0, '', 'Belum', 11, '2020-08-10 13:52:39', 0, NULL),
	(6458, 0, 189, 702, '', '2020-08-13', '2020-08-13', '09:45:00', '10:00:00', 0, 0, '', 'Belum', 11, '2020-08-10 13:52:39', 0, NULL),
	(6457, 0, 189, 701, '', '2020-08-13', '2020-08-13', '07:30:00', '09:45:00', 3, 0, '', 'Belum', 11, '2020-08-10 13:52:39', 0, NULL),
	(6453, 0, 189, 697, '', '2020-08-12', '2020-08-12', '12:15:00', '13:00:00', 0, 0, '', 'Belum', 11, '2020-08-10 13:52:39', 0, NULL),
	(6454, 0, 189, 698, '', '2020-08-12', '2020-08-12', '13:00:00', '15:15:00', 3, 0, '', 'Belum', 11, '2020-08-10 13:52:39', 0, NULL),
	(6455, 0, 189, 699, '', '2020-08-12', '2020-08-12', '15:15:00', '15:30:00', 0, 0, '', 'Belum', 11, '2020-08-10 13:52:39', 0, NULL),
	(6451, 0, 189, 695, '', '2020-08-12', '2020-08-12', '09:45:00', '10:00:00', 0, 0, '', 'Belum', 11, '2020-08-10 13:52:39', 0, NULL),
	(6452, 0, 189, 696, '', '2020-08-12', '2020-08-12', '10:00:00', '11:30:00', 2, 0, '', 'Belum', 11, '2020-08-10 13:52:39', 0, NULL),
	(6449, 0, 189, 693, '', '2020-08-11', '2020-08-11', '15:30:00', '17:00:00', 2, 0, '', 'Belum', 11, '2020-08-10 13:52:39', 0, NULL),
	(6450, 0, 189, 694, '', '2020-08-12', '2020-08-12', '07:30:00', '09:45:00', 3, 0, '', 'Belum', 11, '2020-08-10 13:52:39', 0, NULL),
	(6447, 0, 189, 684, '', '2020-08-11', '2020-08-11', '13:00:00', '15:15:00', 3, 0, '', 'Belum', 11, '2020-08-10 13:52:39', 0, NULL),
	(6448, 0, 189, 692, '', '2020-08-11', '2020-08-11', '15:15:00', '15:30:00', 0, 0, '', 'Belum', 11, '2020-08-10 13:52:39', 0, NULL),
	(6444, 0, 189, 690, '', '2020-08-11', '2020-08-11', '09:45:00', '10:00:00', 0, 0, '', 'Belum', 11, '2020-08-10 13:52:39', 0, NULL),
	(6445, 0, 189, 683, '', '2020-08-11', '2020-08-11', '10:00:00', '11:30:00', 2, 0, '', 'Belum', 11, '2020-08-10 13:52:39', 0, NULL),
	(6446, 0, 189, 691, '', '2020-08-11', '2020-08-11', '12:15:00', '13:00:00', 0, 0, '', 'Belum', 11, '2020-08-10 13:52:39', 0, NULL),
	(6442, 0, 189, 681, '', '2020-08-11', '2020-08-11', '07:30:00', '09:00:00', 2, 0, '', 'Belum', 11, '2020-08-10 13:52:39', 0, NULL),
	(6443, 0, 189, 682, '', '2020-08-11', '2020-08-11', '09:00:00', '09:45:00', 1, 0, '', 'Belum', 11, '2020-08-10 13:52:39', 0, NULL),
	(6439, 0, 189, 679, '', '2020-08-10', '2020-08-10', '13:00:00', '15:15:00', 3, 0, '', 'Belum', 11, '2020-08-10 13:52:39', 0, NULL),
	(6440, 0, 189, 689, '', '2020-08-10', '2020-08-10', '15:15:00', '15:30:00', 0, 0, '', 'Belum', 11, '2020-08-10 13:52:39', 0, NULL),
	(6441, 0, 189, 680, '', '2020-08-10', '2020-08-10', '15:30:00', '17:00:00', 2, 0, '', 'Belum', 11, '2020-08-10 13:52:39', 0, NULL),
	(6438, 0, 189, 688, '', '2020-08-10', '2020-08-10', '12:15:00', '13:00:00', 0, 0, '', 'Belum', 11, '2020-08-10 13:52:39', 0, NULL),
	(6435, 0, 189, 677, '', '2020-08-10', '2020-08-10', '09:00:00', '09:45:00', 1, 0, '', 'Belum', 11, '2020-08-10 13:52:39', 0, NULL),
	(6436, 0, 189, 687, '', '2020-08-10', '2020-08-10', '09:45:00', '10:00:00', 0, 0, '', 'Belum', 11, '2020-08-10 13:52:39', 0, NULL),
	(6437, 0, 189, 678, '', '2020-08-10', '2020-08-10', '10:00:00', '12:15:00', 3, 0, '', 'Belum', 11, '2020-08-10 13:52:39', 0, NULL),
	(6432, 0, 189, 685, '', '2020-08-10', '2020-08-10', '06:45:00', '07:00:00', 0, 0, '', 'Belum', 11, '2020-08-10 13:52:39', 0, NULL),
	(6433, 0, 189, 686, '', '2020-08-10', '2020-08-10', '07:00:00', '07:30:00', 0, 0, '', 'Belum', 11, '2020-08-10 13:52:39', 0, NULL),
	(6434, 0, 189, 676, '', '2020-08-10', '2020-08-10', '07:30:00', '09:00:00', 2, 0, '', 'Belum', 11, '2020-08-10 13:52:39', 0, NULL);
/*!40000 ALTER TABLE `tb_bahan_jadwal_diklat` ENABLE KEYS */;

-- Dumping structure for table db_diklatlampung.tb_bahan_jadwal_diklat_pengajar_detail
DROP TABLE IF EXISTS `tb_bahan_jadwal_diklat_pengajar_detail`;
CREATE TABLE IF NOT EXISTS `tb_bahan_jadwal_diklat_pengajar_detail` (
  `id` int(11) NOT NULL AUTO_INCREMENT,
  `pengajarDiklatId` int(11) DEFAULT NULL,
  `bahanJadwalDiklatId` int(11) DEFAULT NULL,
  `diklatId` int(11) DEFAULT NULL,
  PRIMARY KEY (`id`)
) ENGINE=MyISAM AUTO_INCREMENT=6145 DEFAULT CHARSET=utf8 ROW_FORMAT=FIXED;

-- Dumping data for table db_diklatlampung.tb_bahan_jadwal_diklat_pengajar_detail: 53 rows
DELETE FROM `tb_bahan_jadwal_diklat_pengajar_detail`;
/*!40000 ALTER TABLE `tb_bahan_jadwal_diklat_pengajar_detail` DISABLE KEYS */;
INSERT INTO `tb_bahan_jadwal_diklat_pengajar_detail` (`id`, `pengajarDiklatId`, `bahanJadwalDiklatId`, `diklatId`) VALUES
	(1215, 34, 6464, 189),
	(1214, 34, 6462, 189),
	(1213, 34, 6460, 189),
	(1212, 34, 6458, 189),
	(1211, 34, 6455, 189),
	(1210, 34, 6453, 189),
	(1209, 34, 6451, 189),
	(1208, 34, 6448, 189),
	(1207, 34, 6446, 189),
	(1206, 34, 6444, 189),
	(1205, 34, 6440, 189),
	(1204, 34, 6438, 189),
	(1203, 34, 6436, 189),
	(1202, 34, 6433, 189),
	(1201, 34, 6432, 189),
	(6144, 34, 10172, 193),
	(6143, 34, 10168, 193),
	(6142, 50, 10167, 193),
	(6141, 34, 10159, 193),
	(6140, 34, 10155, 193),
	(6139, 34, 10151, 193),
	(6138, 50, 10146, 193),
	(6137, 34, 10132, 193),
	(6136, 50, 10131, 193),
	(6135, 34, 10127, 193),
	(6134, 34, 10123, 193),
	(6133, 34, 10119, 193),
	(6132, 50, 10118, 193),
	(6131, 34, 10114, 193),
	(6130, 50, 10113, 193),
	(6129, 34, 10109, 193),
	(6128, 34, 10105, 193),
	(6127, 34, 10100, 193),
	(6126, 34, 10096, 193),
	(6125, 50, 10095, 193),
	(6124, 34, 10091, 193),
	(6123, 50, 10090, 193),
	(6122, 34, 10086, 193),
	(6121, 50, 10085, 193),
	(6120, 50, 10081, 193),
	(6119, 45, 10079, 193),
	(6118, 52, 10078, 193),
	(6117, 52, 10077, 193),
	(6116, 34, 10076, 193),
	(6115, 52, 10074, 193),
	(6114, 52, 10073, 193),
	(6113, 45, 10072, 193),
	(6112, 34, 10071, 193),
	(6111, 50, 10070, 193),
	(6110, 41, 10069, 193),
	(6109, 41, 10068, 193),
	(6108, 41, 10067, 193),
	(6107, 47, 10066, 193),
	(6106, 34, 10065, 193),
	(6105, 50, 10064, 193),
	(6104, 34, 10060, 193);
/*!40000 ALTER TABLE `tb_bahan_jadwal_diklat_pengajar_detail` ENABLE KEYS */;

-- Dumping structure for table db_diklatlampung.tb_bahan_jadwal_pengajar
DROP TABLE IF EXISTS `tb_bahan_jadwal_pengajar`;
CREATE TABLE IF NOT EXISTS `tb_bahan_jadwal_pengajar` (
  `id` int(11) NOT NULL AUTO_INCREMENT,
  `pengajarDiklatId` int(11) DEFAULT NULL,
  `jadwalPengajarId` int(11) DEFAULT NULL,
  `mataPelajaranId` int(11) DEFAULT NULL,
  `tempatId` int(11) DEFAULT NULL,
  `tanggal` date DEFAULT NULL,
  `tanggalSelesai` date DEFAULT NULL,
  `jamMulai` time DEFAULT NULL,
  `jamSelesai` time DEFAULT NULL,
  `jumlahJp` int(11) DEFAULT NULL,
  PRIMARY KEY (`id`)
) ENGINE=MyISAM AUTO_INCREMENT=56 DEFAULT CHARSET=utf8;

-- Dumping data for table db_diklatlampung.tb_bahan_jadwal_pengajar: 3 rows
DELETE FROM `tb_bahan_jadwal_pengajar`;
/*!40000 ALTER TABLE `tb_bahan_jadwal_pengajar` DISABLE KEYS */;
INSERT INTO `tb_bahan_jadwal_pengajar` (`id`, `pengajarDiklatId`, `jadwalPengajarId`, `mataPelajaranId`, `tempatId`, `tanggal`, `tanggalSelesai`, `jamMulai`, `jamSelesai`, `jumlahJp`) VALUES
	(54, 5, 18, 27, 27, '2020-05-13', '2020-05-13', '07:45:00', '10:00:00', 3),
	(55, 6, 18, 30, 27, '2020-02-05', '2020-02-10', '02:08:00', '02:08:00', 0),
	(53, 1, 18, 24, 27, '2020-05-12', '2020-05-12', '09:00:00', '23:00:00', 0);
/*!40000 ALTER TABLE `tb_bahan_jadwal_pengajar` ENABLE KEYS */;

-- Dumping structure for table db_diklatlampung.tb_bahan_jadwal_pengajar_detail
DROP TABLE IF EXISTS `tb_bahan_jadwal_pengajar_detail`;
CREATE TABLE IF NOT EXISTS `tb_bahan_jadwal_pengajar_detail` (
  `id` int(11) NOT NULL AUTO_INCREMENT,
  `pengajarDiklatId` int(11) DEFAULT NULL,
  `bahanJadwalPengajarId` int(11) DEFAULT NULL,
  `jadwalPengajarId` int(11) DEFAULT NULL,
  PRIMARY KEY (`id`)
) ENGINE=MyISAM AUTO_INCREMENT=43 DEFAULT CHARSET=utf8 ROW_FORMAT=FIXED;

-- Dumping data for table db_diklatlampung.tb_bahan_jadwal_pengajar_detail: 2 rows
DELETE FROM `tb_bahan_jadwal_pengajar_detail`;
/*!40000 ALTER TABLE `tb_bahan_jadwal_pengajar_detail` DISABLE KEYS */;
INSERT INTO `tb_bahan_jadwal_pengajar_detail` (`id`, `pengajarDiklatId`, `bahanJadwalPengajarId`, `jadwalPengajarId`) VALUES
	(41, 5, 55, 18),
	(42, 6, 55, 18);
/*!40000 ALTER TABLE `tb_bahan_jadwal_pengajar_detail` ENABLE KEYS */;

-- Dumping structure for table db_diklatlampung.tb_berkas_pendaftaran
DROP TABLE IF EXISTS `tb_berkas_pendaftaran`;
CREATE TABLE IF NOT EXISTS `tb_berkas_pendaftaran` (
  `id` int(11) NOT NULL AUTO_INCREMENT,
  `berkasPendaftaran` varchar(200) DEFAULT NULL,
  PRIMARY KEY (`id`)
) ENGINE=MyISAM AUTO_INCREMENT=9 DEFAULT CHARSET=utf8 ROW_FORMAT=DYNAMIC;

-- Dumping data for table db_diklatlampung.tb_berkas_pendaftaran: 8 rows
DELETE FROM `tb_berkas_pendaftaran`;
/*!40000 ALTER TABLE `tb_berkas_pendaftaran` DISABLE KEYS */;
INSERT INTO `tb_berkas_pendaftaran` (`id`, `berkasPendaftaran`) VALUES
	(1, 'Surat Perintah Tugas'),
	(2, 'Surat Pernyataan Bebas Tugas Kedinasan'),
	(3, 'Surat Keputusan CPNS'),
	(4, 'Surat Keputusan Pangkat'),
	(5, 'Surat Keputusan Jabatan Terakhir'),
	(6, 'Ijazah Terakhir'),
	(7, 'Surat Keterangan Dokter dari Rumah Sakit Pemerintah'),
	(8, 'Askes, BPJS atau KIS');
/*!40000 ALTER TABLE `tb_berkas_pendaftaran` ENABLE KEYS */;

-- Dumping structure for table db_diklatlampung.tb_branch
DROP TABLE IF EXISTS `tb_branch`;
CREATE TABLE IF NOT EXISTS `tb_branch` (
  `id` int(11) NOT NULL AUTO_INCREMENT,
  `position` int(11) DEFAULT NULL,
  `branchName` varchar(50) DEFAULT NULL,
  `districtCityId` int(11) DEFAULT NULL,
  `address` text DEFAULT NULL,
  `latitude` varchar(50) DEFAULT NULL,
  `longitude` varchar(50) DEFAULT NULL,
  `phoneNumber` varchar(50) DEFAULT NULL,
  `faxNumber` varchar(50) DEFAULT NULL,
  `email` varchar(50) DEFAULT NULL,
  `facebookPage` varchar(50) DEFAULT NULL,
  `twitterPage` varchar(50) DEFAULT NULL,
  `mainBranchId` int(11) DEFAULT NULL,
  PRIMARY KEY (`id`)
) ENGINE=MyISAM AUTO_INCREMENT=15 DEFAULT CHARSET=utf8;

-- Dumping data for table db_diklatlampung.tb_branch: 2 rows
DELETE FROM `tb_branch`;
/*!40000 ALTER TABLE `tb_branch` DISABLE KEYS */;
INSERT INTO `tb_branch` (`id`, `position`, `branchName`, `districtCityId`, `address`, `latitude`, `longitude`, `phoneNumber`, `faxNumber`, `email`, `facebookPage`, `twitterPage`, `mainBranchId`) VALUES
	(11, 11, 'Diklat Lampung', 29, 'ts', '', '', '', '', '', '', '', 1),
	(14, 14, 'Diklat Laen-laen', 30, 'Jl. Aneh', '21.195935695810785', '106.813132', '13432145', '6546546', 'dsd', 'facebook.com', 'hgfh', 2);
/*!40000 ALTER TABLE `tb_branch` ENABLE KEYS */;

-- Dumping structure for table db_diklatlampung.tb_contact_address
DROP TABLE IF EXISTS `tb_contact_address`;
CREATE TABLE IF NOT EXISTS `tb_contact_address` (
  `id` int(11) NOT NULL AUTO_INCREMENT,
  `contactProfileId` int(11) DEFAULT NULL,
  `caption` varchar(50) DEFAULT NULL,
  `caption_sl` varchar(50) DEFAULT NULL,
  `caption_el` varchar(50) DEFAULT NULL,
  `address` text DEFAULT NULL,
  PRIMARY KEY (`id`)
) ENGINE=MyISAM AUTO_INCREMENT=12 DEFAULT CHARSET=utf8;

-- Dumping data for table db_diklatlampung.tb_contact_address: 1 rows
DELETE FROM `tb_contact_address`;
/*!40000 ALTER TABLE `tb_contact_address` DISABLE KEYS */;
INSERT INTO `tb_contact_address` (`id`, `contactProfileId`, `caption`, `caption_sl`, `caption_el`, `address`) VALUES
	(11, 1, 'Alamat Kantor', '', '', 'Jl. Raya Hajimena, Kec. Natar, Hajimena, Lampung Selatan, Kabupaten Lampung Selatan, Lampung 35145');
/*!40000 ALTER TABLE `tb_contact_address` ENABLE KEYS */;

-- Dumping structure for table db_diklatlampung.tb_contact_emails
DROP TABLE IF EXISTS `tb_contact_emails`;
CREATE TABLE IF NOT EXISTS `tb_contact_emails` (
  `id` int(11) NOT NULL AUTO_INCREMENT,
  `contactProfileId` int(11) DEFAULT NULL,
  `caption` varchar(50) DEFAULT NULL,
  `caption_sl` varchar(50) DEFAULT NULL,
  `caption_el` varchar(50) DEFAULT NULL,
  `email` varchar(50) DEFAULT NULL,
  PRIMARY KEY (`id`)
) ENGINE=MyISAM AUTO_INCREMENT=9 DEFAULT CHARSET=utf8;

-- Dumping data for table db_diklatlampung.tb_contact_emails: 1 rows
DELETE FROM `tb_contact_emails`;
/*!40000 ALTER TABLE `tb_contact_emails` DISABLE KEYS */;
INSERT INTO `tb_contact_emails` (`id`, `contactProfileId`, `caption`, `caption_sl`, `caption_el`, `email`) VALUES
	(8, 1, 'Admin CS', '', '', 'siapdiklat.bpsdm@lampungprov.go.id');
/*!40000 ALTER TABLE `tb_contact_emails` ENABLE KEYS */;

-- Dumping structure for table db_diklatlampung.tb_contact_mobile_numbers
DROP TABLE IF EXISTS `tb_contact_mobile_numbers`;
CREATE TABLE IF NOT EXISTS `tb_contact_mobile_numbers` (
  `id` int(11) NOT NULL AUTO_INCREMENT,
  `contactProfileId` int(11) DEFAULT NULL,
  `caption` varchar(50) DEFAULT NULL,
  `caption_sl` varchar(50) DEFAULT NULL,
  `caption_el` varchar(50) DEFAULT NULL,
  `mobileNumber` varchar(50) DEFAULT NULL,
  PRIMARY KEY (`id`)
) ENGINE=MyISAM AUTO_INCREMENT=15 DEFAULT CHARSET=utf8;

-- Dumping data for table db_diklatlampung.tb_contact_mobile_numbers: 0 rows
DELETE FROM `tb_contact_mobile_numbers`;
/*!40000 ALTER TABLE `tb_contact_mobile_numbers` DISABLE KEYS */;
/*!40000 ALTER TABLE `tb_contact_mobile_numbers` ENABLE KEYS */;

-- Dumping structure for table db_diklatlampung.tb_contact_phone_numbers
DROP TABLE IF EXISTS `tb_contact_phone_numbers`;
CREATE TABLE IF NOT EXISTS `tb_contact_phone_numbers` (
  `id` int(11) NOT NULL AUTO_INCREMENT,
  `contactProfileId` int(11) DEFAULT NULL,
  `caption` varchar(50) DEFAULT NULL,
  `caption_sl` varchar(50) DEFAULT NULL,
  `caption_el` varchar(50) DEFAULT NULL,
  `phoneNumber` varchar(50) DEFAULT NULL,
  PRIMARY KEY (`id`)
) ENGINE=MyISAM AUTO_INCREMENT=13 DEFAULT CHARSET=utf8;

-- Dumping data for table db_diklatlampung.tb_contact_phone_numbers: 2 rows
DELETE FROM `tb_contact_phone_numbers`;
/*!40000 ALTER TABLE `tb_contact_phone_numbers` DISABLE KEYS */;
INSERT INTO `tb_contact_phone_numbers` (`id`, `contactProfileId`, `caption`, `caption_sl`, `caption_el`, `phoneNumber`) VALUES
	(11, 1, 'Telepon', 'Kantor', '', '(0721) 774-279'),
	(12, 1, 'Admin CS', 'Fax.', '', '0812-7341-4040');
/*!40000 ALTER TABLE `tb_contact_phone_numbers` ENABLE KEYS */;

-- Dumping structure for table db_diklatlampung.tb_contact_profile
DROP TABLE IF EXISTS `tb_contact_profile`;
CREATE TABLE IF NOT EXISTS `tb_contact_profile` (
  `id` int(11) NOT NULL AUTO_INCREMENT,
  `companyName` varchar(50) DEFAULT NULL,
  `companyName_sl` varchar(50) DEFAULT NULL,
  `companyName_el` varchar(50) DEFAULT NULL,
  `latitude` varchar(50) DEFAULT NULL,
  `longitude` varchar(50) DEFAULT NULL,
  PRIMARY KEY (`id`)
) ENGINE=MyISAM AUTO_INCREMENT=2 DEFAULT CHARSET=utf8;

-- Dumping data for table db_diklatlampung.tb_contact_profile: 1 rows
DELETE FROM `tb_contact_profile`;
/*!40000 ALTER TABLE `tb_contact_profile` DISABLE KEYS */;
INSERT INTO `tb_contact_profile` (`id`, `companyName`, `companyName_sl`, `companyName_el`, `latitude`, `longitude`) VALUES
	(1, 'BPSDM Provinsi Lampung', '', '', '-5.3540835', '105.2228226');
/*!40000 ALTER TABLE `tb_contact_profile` ENABLE KEYS */;

-- Dumping structure for table db_diklatlampung.tb_content_layout
DROP TABLE IF EXISTS `tb_content_layout`;
CREATE TABLE IF NOT EXISTS `tb_content_layout` (
  `id` int(11) NOT NULL AUTO_INCREMENT,
  `contentLayout` varchar(50) DEFAULT NULL,
  `image` varchar(50) DEFAULT NULL,
  PRIMARY KEY (`id`)
) ENGINE=MyISAM AUTO_INCREMENT=3 DEFAULT CHARSET=utf8;

-- Dumping data for table db_diklatlampung.tb_content_layout: 2 rows
DELETE FROM `tb_content_layout`;
/*!40000 ALTER TABLE `tb_content_layout` DISABLE KEYS */;
INSERT INTO `tb_content_layout` (`id`, `contentLayout`, `image`) VALUES
	(1, 'IMAGE_FULL_WIDTH', 'image-full-width.jpg'),
	(2, 'IMAGE_ON_LEFT', 'image-on-left.jpg');
/*!40000 ALTER TABLE `tb_content_layout` ENABLE KEYS */;

-- Dumping structure for table db_diklatlampung.tb_decision
DROP TABLE IF EXISTS `tb_decision`;
CREATE TABLE IF NOT EXISTS `tb_decision` (
  `id` int(11) NOT NULL AUTO_INCREMENT,
  `decision` varchar(50) DEFAULT NULL,
  PRIMARY KEY (`id`)
) ENGINE=MyISAM AUTO_INCREMENT=3 DEFAULT CHARSET=utf8;

-- Dumping data for table db_diklatlampung.tb_decision: 2 rows
DELETE FROM `tb_decision`;
/*!40000 ALTER TABLE `tb_decision` DISABLE KEYS */;
INSERT INTO `tb_decision` (`id`, `decision`) VALUES
	(1, 'YES'),
	(2, 'NO');
/*!40000 ALTER TABLE `tb_decision` ENABLE KEYS */;

-- Dumping structure for table db_diklatlampung.tb_diklat
DROP TABLE IF EXISTS `tb_diklat`;
CREATE TABLE IF NOT EXISTS `tb_diklat` (
  `id` int(11) NOT NULL AUTO_INCREMENT,
  `publishStatusId` int(11) DEFAULT NULL,
  `jenisDiklatId` int(11) DEFAULT NULL,
  `kode` varchar(100) DEFAULT NULL,
  `namaDiklat` text DEFAULT NULL,
  `tahunDiklat` int(11) DEFAULT NULL,
  `lokasiId` int(11) DEFAULT NULL,
  `angkatanId` int(11) DEFAULT NULL,
  `pelaksanaanMulai` date DEFAULT NULL,
  `pelaksanaanSelesai` date DEFAULT NULL,
  `kuota` int(11) DEFAULT NULL,
  `statusDiklatId` int(11) DEFAULT NULL,
  `userIdCreated` int(11) DEFAULT NULL,
  `tglCreated` datetime DEFAULT NULL,
  `userIdUpdated` int(11) DEFAULT NULL,
  `tglUpdated` datetime DEFAULT NULL,
  PRIMARY KEY (`id`)
) ENGINE=MyISAM AUTO_INCREMENT=194 DEFAULT CHARSET=utf8;

-- Dumping data for table db_diklatlampung.tb_diklat: 2 rows
DELETE FROM `tb_diklat`;
/*!40000 ALTER TABLE `tb_diklat` DISABLE KEYS */;
INSERT INTO `tb_diklat` (`id`, `publishStatusId`, `jenisDiklatId`, `kode`, `namaDiklat`, `tahunDiklat`, `lokasiId`, `angkatanId`, `pelaksanaanMulai`, `pelaksanaanSelesai`, `kuota`, `statusDiklatId`, `userIdCreated`, `tglCreated`, `userIdUpdated`, `tglUpdated`) VALUES
	(193, 2, 8, 'BPSDM/2020/PKA/0010', 'Test', 2020, 16, 1, '2020-08-18', '2020-11-25', 40, 1, 11, '2020-08-18 12:44:14', 11, '2020-08-18 12:55:01'),
	(189, 2, 12, 'BPSDM/2020/PKTI/0009', 'okse', 2020, 18, 8, '2020-08-10', '2020-08-13', 30, 1, 11, '2020-08-10 13:52:39', 0, NULL);
/*!40000 ALTER TABLE `tb_diklat` ENABLE KEYS */;

-- Dumping structure for table db_diklatlampung.tb_district_city
DROP TABLE IF EXISTS `tb_district_city`;
CREATE TABLE IF NOT EXISTS `tb_district_city` (
  `id` int(11) NOT NULL AUTO_INCREMENT,
  `regionalId` int(11) DEFAULT NULL,
  `districtCity` varchar(50) DEFAULT NULL,
  PRIMARY KEY (`id`)
) ENGINE=MyISAM AUTO_INCREMENT=31 DEFAULT CHARSET=utf8;

-- Dumping data for table db_diklatlampung.tb_district_city: 4 rows
DELETE FROM `tb_district_city`;
/*!40000 ALTER TABLE `tb_district_city` DISABLE KEYS */;
INSERT INTO `tb_district_city` (`id`, `regionalId`, `districtCity`) VALUES
	(30, 5, 'Kotaagung'),
	(29, 5, 'Pringsewu'),
	(27, 5, 'Bandar Lampung'),
	(28, 5, 'T. Karang');
/*!40000 ALTER TABLE `tb_district_city` ENABLE KEYS */;

-- Dumping structure for table db_diklatlampung.tb_enabled
DROP TABLE IF EXISTS `tb_enabled`;
CREATE TABLE IF NOT EXISTS `tb_enabled` (
  `id` int(11) NOT NULL AUTO_INCREMENT,
  `enabled` varchar(50) DEFAULT NULL,
  PRIMARY KEY (`id`)
) ENGINE=MyISAM AUTO_INCREMENT=3 DEFAULT CHARSET=utf8;

-- Dumping data for table db_diklatlampung.tb_enabled: 2 rows
DELETE FROM `tb_enabled`;
/*!40000 ALTER TABLE `tb_enabled` DISABLE KEYS */;
INSERT INTO `tb_enabled` (`id`, `enabled`) VALUES
	(1, 'Enabled'),
	(2, 'Disabled');
/*!40000 ALTER TABLE `tb_enabled` ENABLE KEYS */;

-- Dumping structure for table db_diklatlampung.tb_faq
DROP TABLE IF EXISTS `tb_faq`;
CREATE TABLE IF NOT EXISTS `tb_faq` (
  `id` int(11) NOT NULL AUTO_INCREMENT,
  `position` int(11) DEFAULT NULL,
  `publishStatusId` int(11) DEFAULT NULL,
  `pertanyaan` text DEFAULT NULL,
  `jawaban` text DEFAULT NULL,
  PRIMARY KEY (`id`)
) ENGINE=MyISAM DEFAULT CHARSET=utf8;

-- Dumping data for table db_diklatlampung.tb_faq: 0 rows
DELETE FROM `tb_faq`;
/*!40000 ALTER TABLE `tb_faq` DISABLE KEYS */;
/*!40000 ALTER TABLE `tb_faq` ENABLE KEYS */;

-- Dumping structure for table db_diklatlampung.tb_footer_excel
DROP TABLE IF EXISTS `tb_footer_excel`;
CREATE TABLE IF NOT EXISTS `tb_footer_excel` (
  `id` int(11) NOT NULL AUTO_INCREMENT,
  `pengajarDiklatId` int(11) DEFAULT NULL,
  PRIMARY KEY (`id`)
) ENGINE=MyISAM AUTO_INCREMENT=2 DEFAULT CHARSET=utf8 ROW_FORMAT=FIXED;

-- Dumping data for table db_diklatlampung.tb_footer_excel: 1 rows
DELETE FROM `tb_footer_excel`;
/*!40000 ALTER TABLE `tb_footer_excel` DISABLE KEYS */;
INSERT INTO `tb_footer_excel` (`id`, `pengajarDiklatId`) VALUES
	(1, 54);
/*!40000 ALTER TABLE `tb_footer_excel` ENABLE KEYS */;

-- Dumping structure for table db_diklatlampung.tb_foot_content
DROP TABLE IF EXISTS `tb_foot_content`;
CREATE TABLE IF NOT EXISTS `tb_foot_content` (
  `id` int(11) NOT NULL AUTO_INCREMENT,
  `description` text DEFAULT NULL,
  `description_sl` text DEFAULT NULL,
  `description_el` text DEFAULT NULL,
  PRIMARY KEY (`id`)
) ENGINE=MyISAM AUTO_INCREMENT=2 DEFAULT CHARSET=utf8;

-- Dumping data for table db_diklatlampung.tb_foot_content: 1 rows
DELETE FROM `tb_foot_content`;
/*!40000 ALTER TABLE `tb_foot_content` DISABLE KEYS */;
INSERT INTO `tb_foot_content` (`id`, `description`, `description_sl`, `description_el`) VALUES
	(1, '<p class="pull-right">Copyright &copy;&nbsp;2020&nbsp;oleh&nbsp;BPSDM PROVINSI LAMPUNG</p>', '', '');
/*!40000 ALTER TABLE `tb_foot_content` ENABLE KEYS */;

-- Dumping structure for table db_diklatlampung.tb_foot_links
DROP TABLE IF EXISTS `tb_foot_links`;
CREATE TABLE IF NOT EXISTS `tb_foot_links` (
  `id` int(11) NOT NULL AUTO_INCREMENT,
  `footContentId` int(11) DEFAULT NULL,
  `linkCaption` varchar(50) DEFAULT NULL,
  `linkCaption_sl` varchar(50) DEFAULT NULL,
  `linkCaption_el` varchar(50) DEFAULT NULL,
  `linkBehaviorId` int(11) DEFAULT NULL,
  `pagesId` int(11) DEFAULT NULL,
  `url` varchar(255) DEFAULT NULL,
  `openUrlOnNewTabId` int(11) DEFAULT NULL,
  PRIMARY KEY (`id`)
) ENGINE=MyISAM AUTO_INCREMENT=71 DEFAULT CHARSET=utf8;

-- Dumping data for table db_diklatlampung.tb_foot_links: 3 rows
DELETE FROM `tb_foot_links`;
/*!40000 ALTER TABLE `tb_foot_links` DISABLE KEYS */;
INSERT INTO `tb_foot_links` (`id`, `footContentId`, `linkCaption`, `linkCaption_sl`, `linkCaption_el`, `linkBehaviorId`, `pagesId`, `url`, `openUrlOnNewTabId`) VALUES
	(70, 1, 'Link 2', '', '', 2, 0, 'http://link2.com', 2),
	(69, 1, 'Link 3', '', '', 2, 0, 'http://link3.com', 2),
	(68, 1, 'Link 1', '', '', 2, 0, 'http://link1.com', 2);
/*!40000 ALTER TABLE `tb_foot_links` ENABLE KEYS */;

-- Dumping structure for table db_diklatlampung.tb_forgot_akun
DROP TABLE IF EXISTS `tb_forgot_akun`;
CREATE TABLE IF NOT EXISTS `tb_forgot_akun` (
  `id` int(11) NOT NULL AUTO_INCREMENT,
  `akunId` int(11) DEFAULT NULL,
  `token` varchar(50) DEFAULT NULL,
  `verifiedId` int(11) DEFAULT NULL,
  PRIMARY KEY (`id`)
) ENGINE=MyISAM AUTO_INCREMENT=3 DEFAULT CHARSET=utf8;

-- Dumping data for table db_diklatlampung.tb_forgot_akun: 2 rows
DELETE FROM `tb_forgot_akun`;
/*!40000 ALTER TABLE `tb_forgot_akun` DISABLE KEYS */;
INSERT INTO `tb_forgot_akun` (`id`, `akunId`, `token`, `verifiedId`) VALUES
	(1, 5, '4120', 1),
	(2, 5, '7938AE98844D5439D1C8776D2ACFE8FE74E84393', 2);
/*!40000 ALTER TABLE `tb_forgot_akun` ENABLE KEYS */;

-- Dumping structure for table db_diklatlampung.tb_gender
DROP TABLE IF EXISTS `tb_gender`;
CREATE TABLE IF NOT EXISTS `tb_gender` (
  `id` int(11) NOT NULL AUTO_INCREMENT,
  `gender` varchar(50) DEFAULT NULL,
  PRIMARY KEY (`id`)
) ENGINE=MyISAM AUTO_INCREMENT=3 DEFAULT CHARSET=utf8;

-- Dumping data for table db_diklatlampung.tb_gender: 2 rows
DELETE FROM `tb_gender`;
/*!40000 ALTER TABLE `tb_gender` DISABLE KEYS */;
INSERT INTO `tb_gender` (`id`, `gender`) VALUES
	(1, 'Pria'),
	(2, 'Wanita');
/*!40000 ALTER TABLE `tb_gender` ENABLE KEYS */;

-- Dumping structure for table db_diklatlampung.tb_guest_book
DROP TABLE IF EXISTS `tb_guest_book`;
CREATE TABLE IF NOT EXISTS `tb_guest_book` (
  `id` int(11) NOT NULL AUTO_INCREMENT,
  `name` varchar(50) DEFAULT NULL,
  `email` varchar(50) DEFAULT NULL,
  `subject` varchar(50) DEFAULT NULL,
  `message` text DEFAULT NULL,
  `postedOn` datetime DEFAULT NULL,
  PRIMARY KEY (`id`)
) ENGINE=MyISAM AUTO_INCREMENT=23 DEFAULT CHARSET=utf8;

-- Dumping data for table db_diklatlampung.tb_guest_book: 8 rows
DELETE FROM `tb_guest_book`;
/*!40000 ALTER TABLE `tb_guest_book` DISABLE KEYS */;
INSERT INTO `tb_guest_book` (`id`, `name`, `email`, `subject`, `message`, `postedOn`) VALUES
	(13, 'Nana', 'tes@gmail.com', '514512', 'test', NULL),
	(15, 'dari web', 'emaildariweb', 'tes', 'aja', '2016-02-16 04:10:02'),
	(16, 'cx', 'bvcb', '', '', '2016-02-16 04:13:53'),
	(17, 'dsad', 'vc@fd.com', 'fdsf', 'test', '2016-02-22 11:52:09'),
	(18, 'Rika Roma', 'rika@gmail.com', 'test', 'inipesan', '2016-04-21 09:13:24'),
	(19, 'TES', 'SDF', 'GF', 'C', '2016-04-21 13:20:34'),
	(21, 'Jay', 'Email', 'Subject', 'Pesan', '2020-06-30 04:57:57'),
	(22, 'Jay', 'Email', 'Subject', 'Pesan', '2020-06-30 04:57:57');
/*!40000 ALTER TABLE `tb_guest_book` ENABLE KEYS */;

-- Dumping structure for table db_diklatlampung.tb_instansi
DROP TABLE IF EXISTS `tb_instansi`;
CREATE TABLE IF NOT EXISTS `tb_instansi` (
  `id` int(11) NOT NULL AUTO_INCREMENT,
  `instansi` varchar(200) DEFAULT NULL,
  PRIMARY KEY (`id`)
) ENGINE=MyISAM AUTO_INCREMENT=14 DEFAULT CHARSET=utf8;

-- Dumping data for table db_diklatlampung.tb_instansi: 5 rows
DELETE FROM `tb_instansi`;
/*!40000 ALTER TABLE `tb_instansi` DISABLE KEYS */;
INSERT INTO `tb_instansi` (`id`, `instansi`) VALUES
	(4, 'Kabupaten Pesawaran'),
	(5, 'Kementerian Pendidikan'),
	(6, 'Kota Bandar Lampung'),
	(7, 'Provinsi Lampung'),
	(10, 'Lampung Utara');
/*!40000 ALTER TABLE `tb_instansi` ENABLE KEYS */;

-- Dumping structure for table db_diklatlampung.tb_jabatan
DROP TABLE IF EXISTS `tb_jabatan`;
CREATE TABLE IF NOT EXISTS `tb_jabatan` (
  `id` int(11) NOT NULL AUTO_INCREMENT,
  `jabatan` varchar(50) DEFAULT NULL,
  PRIMARY KEY (`id`)
) ENGINE=MyISAM AUTO_INCREMENT=43 DEFAULT CHARSET=utf8 ROW_FORMAT=DYNAMIC;

-- Dumping data for table db_diklatlampung.tb_jabatan: 23 rows
DELETE FROM `tb_jabatan`;
/*!40000 ALTER TABLE `tb_jabatan` DISABLE KEYS */;
INSERT INTO `tb_jabatan` (`id`, `jabatan`) VALUES
	(22, 'Sekretaris DPRD'),
	(21, 'Staf Ahli Gubernur'),
	(20, 'Sekretaris Daerah'),
	(23, 'Kepala Dinas'),
	(24, 'Kepala Badan'),
	(25, 'Kepala Biro'),
	(26, 'Wakil Kepala Dinas'),
	(27, 'Kepala Bagian'),
	(28, 'Inspektur Pembantu'),
	(29, 'Kepala Subbagian'),
	(30, 'Kepala Seksi'),
	(31, 'Staf Ahli Bupati/Walikota'),
	(32, 'Kepala UPT Dinas dan Badan'),
	(33, 'Widyaiswara Ahli Muda'),
	(34, 'Widyaiswara Ahli Madya'),
	(35, 'Widyaiswara Ahli Utama'),
	(36, 'Widyaiswara Utama'),
	(37, 'Widyaiswara Madya'),
	(38, 'Widyaiswara Muda'),
	(39, 'Kepala Subbidang PKKP'),
	(40, 'Kepala Subbidang PKJPT'),
	(41, 'Pelaksana'),
	(42, 'Gubernur');
/*!40000 ALTER TABLE `tb_jabatan` ENABLE KEYS */;

-- Dumping structure for table db_diklatlampung.tb_jadwal_diklat
DROP TABLE IF EXISTS `tb_jadwal_diklat`;
CREATE TABLE IF NOT EXISTS `tb_jadwal_diklat` (
  `id` int(11) NOT NULL AUTO_INCREMENT,
  `judul` text DEFAULT NULL,
  `catatan` text DEFAULT NULL,
  `keterangan` text DEFAULT NULL,
  PRIMARY KEY (`id`)
) ENGINE=MyISAM AUTO_INCREMENT=2 DEFAULT CHARSET=utf8;

-- Dumping data for table db_diklatlampung.tb_jadwal_diklat: 1 rows
DELETE FROM `tb_jadwal_diklat`;
/*!40000 ALTER TABLE `tb_jadwal_diklat` DISABLE KEYS */;
INSERT INTO `tb_jadwal_diklat` (`id`, `judul`, `catatan`, `keterangan`) VALUES
	(1, '<p>Lorem ipsum dolor sit amet, consectetur adipisicing elit, sed do eiusmod tempor incididunt ut labore et dolore magna aliqua. Ut enim ad minim veniam, quis nostrud exercitation ullamco laboris nisi ut aliquip ex ea commodo consequat. Lorem ipsum dolor sit amet, consectetur adipiscing elit. Nullam turpis augue, congue ut consequat et, euismod a felis. Sed mauris magna, lacinia nec nibh vel, ullamcorper vehicula lacus. Suspendisse sit amet mi in elit venenatis ultricies. Nullam imperdiet neque ac lorem viverra porta. Donec enim est, tristique feugiat efficitur ac, accumsan in ligula. Cras egestas vulputate augue eu posuere. In scelerisque sollicitudin diam. Nulla ut orci diam. Duis eu lectus scelerisque, cursus erat eu, laoreet est.</p>', '<h5><strong><em>Jadwal sewaktu - sewaktu dapat berubah</em></strong></h5>', '<ul class="list-dot">\n<li>10.00-10.15 = Istirahat (Snack)</li>\n<li>12.30-13.30 = Istirahat (Makan Siang/Sholat)</li>\n<li>15.45-16.00 = Istirahat (Snack)</li>\n<li>18.15-19.00 = Istirahat (Makan Malam/Sholat)</li>\n</ul>');
/*!40000 ALTER TABLE `tb_jadwal_diklat` ENABLE KEYS */;

-- Dumping structure for table db_diklatlampung.tb_jadwal_pengajar
DROP TABLE IF EXISTS `tb_jadwal_pengajar`;
CREATE TABLE IF NOT EXISTS `tb_jadwal_pengajar` (
  `id` int(11) NOT NULL AUTO_INCREMENT,
  `nomor` varchar(200) DEFAULT NULL,
  `diklatId` int(11) DEFAULT NULL,
  `angkatanId` int(11) DEFAULT NULL,
  `publishStatusId` int(11) DEFAULT NULL,
  PRIMARY KEY (`id`)
) ENGINE=MyISAM AUTO_INCREMENT=19 DEFAULT CHARSET=utf8;

-- Dumping data for table db_diklatlampung.tb_jadwal_pengajar: 1 rows
DELETE FROM `tb_jadwal_pengajar`;
/*!40000 ALTER TABLE `tb_jadwal_pengajar` DISABLE KEYS */;
INSERT INTO `tb_jadwal_pengajar` (`id`, `nomor`, `diklatId`, `angkatanId`, `publishStatusId`) VALUES
	(18, 'asd', 13, 1, 2);
/*!40000 ALTER TABLE `tb_jadwal_pengajar` ENABLE KEYS */;

-- Dumping structure for table db_diklatlampung.tb_jenis_diklat
DROP TABLE IF EXISTS `tb_jenis_diklat`;
CREATE TABLE IF NOT EXISTS `tb_jenis_diklat` (
  `id` int(11) NOT NULL AUTO_INCREMENT,
  `position` int(11) DEFAULT NULL,
  `jenisDiklat` varchar(200) DEFAULT NULL,
  `namaSingkat` varchar(200) DEFAULT NULL,
  PRIMARY KEY (`id`)
) ENGINE=MyISAM AUTO_INCREMENT=16 DEFAULT CHARSET=utf8;

-- Dumping data for table db_diklatlampung.tb_jenis_diklat: 6 rows
DELETE FROM `tb_jenis_diklat`;
/*!40000 ALTER TABLE `tb_jenis_diklat` DISABLE KEYS */;
INSERT INTO `tb_jenis_diklat` (`id`, `position`, `jenisDiklat`, `namaSingkat`) VALUES
	(9, 9, 'Pelatihan Kepemimpinan Pengawas', 'PKP'),
	(8, 8, 'Pelatihan Kepemimpinan Administrator', 'PKA'),
	(6, 6, 'Pelatihan Dasar CPNS', 'Latsar'),
	(10, 10, 'Diklat Prajabatan', 'Prajab'),
	(11, 11, 'Pengembangan Kompetensi Teknis Umum Fungsional', 'PKTUF'),
	(12, 12, 'Pengembangan Kompetensi Inti', 'PKTI');
/*!40000 ALTER TABLE `tb_jenis_diklat` ENABLE KEYS */;

-- Dumping structure for table db_diklatlampung.tb_jenis_diklat_berkas
DROP TABLE IF EXISTS `tb_jenis_diklat_berkas`;
CREATE TABLE IF NOT EXISTS `tb_jenis_diklat_berkas` (
  `id` int(11) NOT NULL AUTO_INCREMENT,
  `jenisDiklatId` int(11) DEFAULT NULL,
  `berkasPendaftaranId` int(11) DEFAULT NULL,
  PRIMARY KEY (`id`)
) ENGINE=MyISAM AUTO_INCREMENT=74 DEFAULT CHARSET=utf8 ROW_FORMAT=DYNAMIC;

-- Dumping data for table db_diklatlampung.tb_jenis_diklat_berkas: 30 rows
DELETE FROM `tb_jenis_diklat_berkas`;
/*!40000 ALTER TABLE `tb_jenis_diklat_berkas` DISABLE KEYS */;
INSERT INTO `tb_jenis_diklat_berkas` (`id`, `jenisDiklatId`, `berkasPendaftaranId`) VALUES
	(73, 6, 1),
	(72, 6, 8),
	(36, 8, 6),
	(35, 8, 5),
	(71, 6, 7),
	(70, 6, 6),
	(69, 6, 3),
	(34, 8, 4),
	(33, 8, 2),
	(32, 8, 1),
	(37, 8, 7),
	(38, 8, 8),
	(39, 9, 1),
	(40, 9, 2),
	(41, 9, 4),
	(42, 9, 5),
	(43, 9, 6),
	(44, 9, 7),
	(45, 9, 8),
	(47, 10, 1),
	(48, 10, 2),
	(49, 10, 3),
	(50, 10, 6),
	(51, 10, 7),
	(52, 10, 8),
	(53, 11, 1),
	(54, 11, 7),
	(55, 12, 1),
	(56, 12, 7),
	(68, 6, 2);
/*!40000 ALTER TABLE `tb_jenis_diklat_berkas` ENABLE KEYS */;

-- Dumping structure for table db_diklatlampung.tb_jenis_pengajar
DROP TABLE IF EXISTS `tb_jenis_pengajar`;
CREATE TABLE IF NOT EXISTS `tb_jenis_pengajar` (
  `id` int(11) NOT NULL AUTO_INCREMENT,
  `jenisPengajar` varchar(200) DEFAULT NULL,
  PRIMARY KEY (`id`)
) ENGINE=MyISAM AUTO_INCREMENT=10 DEFAULT CHARSET=utf8 ROW_FORMAT=DYNAMIC;

-- Dumping data for table db_diklatlampung.tb_jenis_pengajar: 3 rows
DELETE FROM `tb_jenis_pengajar`;
/*!40000 ALTER TABLE `tb_jenis_pengajar` DISABLE KEYS */;
INSERT INTO `tb_jenis_pengajar` (`id`, `jenisPengajar`) VALUES
	(9, 'Non Widyaiswara'),
	(8, 'Widyaiswara Pusat'),
	(7, 'Widyaiswara Daerah');
/*!40000 ALTER TABLE `tb_jenis_pengajar` ENABLE KEYS */;

-- Dumping structure for table db_diklatlampung.tb_kedudukan
DROP TABLE IF EXISTS `tb_kedudukan`;
CREATE TABLE IF NOT EXISTS `tb_kedudukan` (
  `id` int(11) NOT NULL AUTO_INCREMENT,
  `kedudukan` varchar(50) DEFAULT NULL,
  PRIMARY KEY (`id`)
) ENGINE=MyISAM AUTO_INCREMENT=6 DEFAULT CHARSET=utf8;

-- Dumping data for table db_diklatlampung.tb_kedudukan: 5 rows
DELETE FROM `tb_kedudukan`;
/*!40000 ALTER TABLE `tb_kedudukan` DISABLE KEYS */;
INSERT INTO `tb_kedudukan` (`id`, `kedudukan`) VALUES
	(1, 'Atasan'),
	(2, 'Bawahan'),
	(3, 'Sejawat Eselon yg Sama'),
	(4, 'Staff Pelaksana Tugas'),
	(5, 'Yg Bersangkutan');
/*!40000 ALTER TABLE `tb_kedudukan` ENABLE KEYS */;

-- Dumping structure for table db_diklatlampung.tb_kegiatan_diklat
DROP TABLE IF EXISTS `tb_kegiatan_diklat`;
CREATE TABLE IF NOT EXISTS `tb_kegiatan_diklat` (
  `id` int(11) NOT NULL AUTO_INCREMENT,
  `judul` varchar(50) DEFAULT NULL,
  `pengantar` text DEFAULT NULL,
  PRIMARY KEY (`id`)
) ENGINE=MyISAM AUTO_INCREMENT=2 DEFAULT CHARSET=utf8;

-- Dumping data for table db_diklatlampung.tb_kegiatan_diklat: 1 rows
DELETE FROM `tb_kegiatan_diklat`;
/*!40000 ALTER TABLE `tb_kegiatan_diklat` DISABLE KEYS */;
INSERT INTO `tb_kegiatan_diklat` (`id`, `judul`, `pengantar`) VALUES
	(1, 'LIST KEGIATAN DIKLAT', '');
/*!40000 ALTER TABLE `tb_kegiatan_diklat` ENABLE KEYS */;

-- Dumping structure for table db_diklatlampung.tb_label_mapel
DROP TABLE IF EXISTS `tb_label_mapel`;
CREATE TABLE IF NOT EXISTS `tb_label_mapel` (
  `id` int(11) NOT NULL AUTO_INCREMENT,
  `labelMapel` varchar(200) DEFAULT NULL,
  PRIMARY KEY (`id`)
) ENGINE=MyISAM AUTO_INCREMENT=157 DEFAULT CHARSET=utf8 ROW_FORMAT=DYNAMIC;

-- Dumping data for table db_diklatlampung.tb_label_mapel: 155 rows
DELETE FROM `tb_label_mapel`;
/*!40000 ALTER TABLE `tb_label_mapel` DISABLE KEYS */;
INSERT INTO `tb_label_mapel` (`id`, `labelMapel`) VALUES
	(1, 'Masuk Asrama'),
	(2, 'Persiapan Upacara Pembukaan'),
	(3, 'Upacara Pembukaan'),
	(4, 'Pembekalan Mentor'),
	(5, 'Strategi dan Kebijakan Pengembangan SDM ASN'),
	(6, 'Overview Kebijakan Diklat'),
	(7, 'Pembinaan Kesegaran Jasmani'),
	(8, 'Apel Pagi'),
	(9, 'Dinamika Kelompok'),
	(10, 'Inovasi (Konsep Inovasi)'),
	(11, 'Wawasan Kebangsaan'),
	(12, 'Istirahat (Snack)'),
	(13, 'Istirahat (Makan Siang / Shalat)'),
	(14, 'Istirahat (Makan Malam / Shalat)'),
	(15, 'Integritas'),
	(16, 'Senam Bersama'),
	(17, 'Isu Strategis'),
	(18, 'Diagnostic Reading'),
	(19, 'Tugas Mandiri'),
	(20, 'Konsep Proyek Perubahan'),
	(21, 'Membangun Komitmen Bersama'),
	(22, 'Pengembangan Potensi Diri'),
	(23, 'Jejaring Kerja'),
	(24, 'Budaya Kerja dalam Efektifitas Kepemimpinan'),
	(25, 'Membangun Tim Efektif'),
	(26, 'Benchmarking'),
	(27, 'Merancang Proyek Perubahan'),
	(28, 'Pembimbingan'),
	(29, 'Persiapan Seminar / Pendalaman Materi dan Kunjungan'),
	(30, 'Seminar Rancangan Proyek Perubahan'),
	(31, 'Pembekalan Implementasi Proyek Perubahan'),
	(32, 'Laboratorium Kepemimpinan'),
	(33, 'Seminar Laboratorium Kepemimpinan'),
	(34, 'Evaluasi Kepemimpinan'),
	(35, 'Review Kebijakan Diklat dan Tindak Lanjut'),
	(36, 'Penutupan'),
	(38, 'Inovasi (Strategi Inovasi)'),
	(39, 'Pendalaman Materi dan Kunjungan Perpustakaan'),
	(40, 'Konsep Berfikir Kreatif dan Inovasi'),
	(41, 'Pilar - Pilar Kebangsaan'),
	(42, 'Registrasi Peserta dan Pembagian Kamar'),
	(43, 'Apel Malam, Pembinaan dan Pengasuhan'),
	(44, 'Kesegaran Jasmani, Olahraga, Jogging'),
	(45, 'Analisis Isu Kontemporer'),
	(46, 'Aktualisasi di Tempat Kerja'),
	(47, 'Registrasi dan Persiapan Upacara Pembukaan'),
	(48, 'Upacara Pembukaan dan Ceramah Kebijakan Penyelenggaraan Diklat'),
	(49, 'Building Learning Commitment dan Revolusi Mental'),
	(50, 'Pengarahan Program'),
	(51, 'Pretest'),
	(52, 'Persiapan Pembelajaran'),
	(53, 'Kebijakan Pengembangan SDM di Lingkungan PEMDA'),
	(54, 'Nomenklatur Jabatan Pelaksana Berdasarkan Permenpan No. 41 Tahun 2019'),
	(55, 'Analisis Jabatan dan Penyusunan Nama Jabatan Fungsional Umum Sesuai Permenpan & RB Nomor 25 Tahun 20'),
	(56, 'Perumusan Syarat Jabatan'),
	(57, 'Kebijakan Pengembangan Kompetensi Kepamongprajaan dan Manajemen Kepemimpinan Dalam Menghadapi Era Re'),
	(58, 'Sosialisasi Pergub Lampung No. 58 Tahun 2019 dan Implementasinya Dalam Penyusunan Anjab & ABK Di Lin'),
	(59, 'Praktek Anjab, Evaluasi Jabatan & ABK'),
	(60, 'Penyusunan Analisis Beban Kerja (ABK) Berdasarkan Permendagri'),
	(61, 'Penyusunan Evaluasi Jabatan'),
	(62, 'Presentasi'),
	(63, 'Postest'),
	(64, 'Evaluasi Penyelenggaraan'),
	(65, 'Pengembalian  Peserta'),
	(66, 'Kebijakan Pengembangan SDM Aparatur'),
	(67, 'Overview Kebijakan Penyelenggaraan Kediklatan'),
	(68, 'Apel Malam'),
	(69, 'Senam Kesegaran Jasmani'),
	(70, 'Wawasan Kebangsaan dalam Kerangka NKRI'),
	(71, 'Percepatan Pemberantasan Korupsi'),
	(72, 'Manajemen ASN'),
	(73, 'MTSL'),
	(74, 'Pola Pikir ASN Sebagai Pelayan Masyarakat'),
	(75, 'Evaluasi Pemahaman'),
	(76, 'Review Kebijakan Penyelenggaraan Diklat'),
	(77, 'Overview Kebijakan Pelatihan'),
	(78, 'Wawasan Kebangsaan Kepemimpinan Pancasila dengan Memperhatikan Potensi Kearifan Lokal'),
	(79, 'Wawasan Kebangsaan Kepemimpinan Pancasila'),
	(80, 'Bela Negara Kepemimpinan Pancasila'),
	(81, 'Konsepsi Pembelajaran Aksi Perubahan Kinerja'),
	(82, 'Manajemen Perubahan Sektor Publik'),
	(83, 'Kepemimpinan Transformasional'),
	(84, 'Komunikasi Efektif'),
	(85, 'Akuntabilitas Efektif'),
	(86, 'Hubungan Kelembagaan'),
	(87, 'Organisasi Digital'),
	(88, 'Manajemen Kinerja'),
	(89, 'Pembekalan Studi Lapangan Kinerja Organisasi'),
	(90, 'Standar Kinerja Pelayanan'),
	(91, 'Manajemen Penganggaran'),
	(92, 'Studi Lapangan Kinerja Organisasi'),
	(93, 'Berbagi Pengalaman Hasil Studi Lapangan Kinerja'),
	(94, 'Merancang Aksi Perubahan Kinerja Organisasi'),
	(95, 'Pembimbingan Aksi Perubahan Kinerja Organisasi'),
	(96, 'Overview Kebijakan Panitiaan Pelatihan'),
	(97, 'Kesiapsiagaan Bela Negara'),
	(98, 'Konsep Aktualisasi'),
	(99, 'Akuntabilitas'),
	(100, 'Nasionalisme'),
	(101, 'Etika Publik'),
	(102, 'Komitmen Mutu'),
	(103, 'Anti Korupsi'),
	(104, 'Whole of Goverment'),
	(105, 'Pelayanan Publik'),
	(106, 'Evakuasi Akademik'),
	(107, 'Penjelasan Aktualisasi'),
	(108, 'Pembimbingan Rancangan Aktualisasi'),
	(109, 'Evaluasi Rancangan Aktualisasi'),
	(110, 'Pembekalan Habituasi'),
	(111, 'Pembimbingan Pra Evaluasi Aktualisasi'),
	(112, 'Evaluasi Pelaksanaan Aktualisasi'),
	(113, 'Review Kebijakan Penyelenggaraan'),
	(114, 'Istirahat/Isoma'),
	(115, 'Istirahat'),
	(116, 'Evaluasi Substansi'),
	(117, 'Pembekalan Implementasi Aksi Perubahan Kinerja'),
	(118, 'Seminar Aksi Perubahan Kinerja Organisasi'),
	(119, 'Berbagi Pengalaman Memimpin Aksi Perubahan'),
	(120, 'Etika dan Integritas Kepemimpinan Pancasila'),
	(121, 'Konsepsi Pembelajaran Aksi Perubahan Kinerja Organisasi'),
	(122, 'Konsepsi Pembelajaran Aksi Perubahan Kinerja Pelayanan Publik'),
	(123, 'Diagnosa Organisasi'),
	(124, 'Berfikir Kreatif dalam Pelayanan'),
	(125, 'Kepemimpinan dalam Pelaksanaan Pekerjaan'),
	(126, 'Teknik Komunikasi Publik'),
	(127, 'Perencanaan Kegiatan Pelayanan Publik'),
	(128, 'Penyusunan RKA Pelayanan Publik'),
	(129, 'Pelayanan Publik Digital'),
	(130, 'Pembekalan Studi Lapangan Pelayanan Publik'),
	(131, 'Manajemen Mutu (c)'),
	(132, 'Manajemen Mutu'),
	(133, 'Manajemen Pengawasan (c)'),
	(134, 'Manajemen Pengawasan'),
	(135, 'Pengendalian Pelaksanaan Kegiatan'),
	(136, 'Studi Lapangan Kinerja Organisasi (c)'),
	(137, 'Berbagi Pengalaman Hasil Studi Lapangan Pelayanan Publik'),
	(138, 'Merancang Aksi Perubahan Kinerja Pelayanan Publik'),
	(139, 'Pembimbingan Rancangan Aksi Perubahan Kinerja Pelayanan'),
	(140, 'Persiapan Seminar (Mandiri)'),
	(141, 'Seminar Rancangan Aksi Perubahan Kinerja Pelayanan Publik'),
	(142, 'Pembekalan Implementasi Aksi Perubahan Kinerja Pelayanan'),
	(143, 'Implementasi Aksi Perubahan Kinerja Pelayanan Publik'),
	(144, 'Pembimbingan Aksi Perubahan Kinerja Pelayanan Publik'),
	(145, 'Seminar Aksi Perubahan Kinerja Pelayanan Publik'),
	(146, 'Berbagi Pengalaman Memimpin Aksi Perubahan Kinerja Pelayanan'),
	(147, 'Kebijakan dan Tindak Lanjut Hasil Pelatihan'),
	(148, 'Kebijakan BOS Reguler'),
	(149, 'Kebijakan BOS Avirmasi dan BOS Kinerja'),
	(150, 'Pembinaan Pengawasan (BinWas) Tata Kelola Keuangan Sekolah'),
	(151, 'Mekanisme Penganggaran BOSNAS'),
	(152, 'Pengelolaan Keuangan Sekolah'),
	(153, 'Aplikasi E-RKAS'),
	(154, 'Pelaporan Aplikasi BOS Salur'),
	(155, 'Persiapan Pembukaan'),
	(156, 'Perpajakan');
/*!40000 ALTER TABLE `tb_label_mapel` ENABLE KEYS */;

-- Dumping structure for table db_diklatlampung.tb_language
DROP TABLE IF EXISTS `tb_language`;
CREATE TABLE IF NOT EXISTS `tb_language` (
  `id` int(11) NOT NULL AUTO_INCREMENT,
  `primaryCode` varchar(50) DEFAULT NULL,
  `primaryLanguage` varchar(50) DEFAULT NULL,
  `primaryFlag` varchar(50) DEFAULT NULL,
  `secondaryCode` varchar(50) DEFAULT NULL,
  `secondaryLanguage` varchar(50) DEFAULT NULL,
  `secondaryFlag` varchar(50) DEFAULT NULL,
  `secondaryEnabledId` int(11) DEFAULT NULL,
  `extendedCode` varchar(50) DEFAULT NULL,
  `extendedLanguage` varchar(50) DEFAULT NULL,
  `extendedFlag` varchar(50) DEFAULT NULL,
  `extendedEnabledId` int(11) DEFAULT NULL,
  PRIMARY KEY (`id`)
) ENGINE=MyISAM AUTO_INCREMENT=2 DEFAULT CHARSET=utf8;

-- Dumping data for table db_diklatlampung.tb_language: 1 rows
DELETE FROM `tb_language`;
/*!40000 ALTER TABLE `tb_language` DISABLE KEYS */;
INSERT INTO `tb_language` (`id`, `primaryCode`, `primaryLanguage`, `primaryFlag`, `secondaryCode`, `secondaryLanguage`, `secondaryFlag`, `secondaryEnabledId`, `extendedCode`, `extendedLanguage`, `extendedFlag`, `extendedEnabledId`) VALUES
	(1, 'id', 'Indonesia', 'indonesia', 'id', 'Indonesia', 'indonesia', 0, 'ar', 'Arabian', 'saudi arabia', 0);
/*!40000 ALTER TABLE `tb_language` ENABLE KEYS */;

-- Dumping structure for table db_diklatlampung.tb_lokasi
DROP TABLE IF EXISTS `tb_lokasi`;
CREATE TABLE IF NOT EXISTS `tb_lokasi` (
  `id` int(11) NOT NULL AUTO_INCREMENT,
  `lokasi` varchar(50) DEFAULT NULL,
  PRIMARY KEY (`id`)
) ENGINE=MyISAM AUTO_INCREMENT=21 DEFAULT CHARSET=utf8;

-- Dumping data for table db_diklatlampung.tb_lokasi: 5 rows
DELETE FROM `tb_lokasi`;
/*!40000 ALTER TABLE `tb_lokasi` DISABLE KEYS */;
INSERT INTO `tb_lokasi` (`id`, `lokasi`) VALUES
	(16, 'BPSDM Propinsi Lampung'),
	(17, 'LPMP Kota Bandar Lampung'),
	(18, 'LEC Kota Gajah'),
	(19, 'BPSDM Lampung Utara'),
	(20, 'HOTEL GOLDEN TULIP - SPRING HILL BANDAR LAMPUNG');
/*!40000 ALTER TABLE `tb_lokasi` ENABLE KEYS */;

-- Dumping structure for table db_diklatlampung.tb_mata_pelajaran
DROP TABLE IF EXISTS `tb_mata_pelajaran`;
CREATE TABLE IF NOT EXISTS `tb_mata_pelajaran` (
  `id` int(11) NOT NULL AUTO_INCREMENT,
  `publishStatusId` int(11) DEFAULT NULL,
  `noUrut` int(11) DEFAULT NULL,
  `labelMapelId` int(11) DEFAULT NULL,
  `jamMulai` time DEFAULT NULL,
  `jamSelesai` time DEFAULT NULL,
  `jumlahHari` int(11) DEFAULT NULL,
  `jumlahJp` int(11) DEFAULT NULL,
  `jenisDiklatId` int(11) DEFAULT NULL,
  `tipeMataPelajaranId` int(11) DEFAULT NULL,
  `tipeWaktuId` int(11) DEFAULT NULL,
  `tipeTanggalId` int(11) DEFAULT NULL,
  PRIMARY KEY (`id`)
) ENGINE=MyISAM AUTO_INCREMENT=709 DEFAULT CHARSET=utf8;

-- Dumping data for table db_diklatlampung.tb_mata_pelajaran: 530 rows
DELETE FROM `tb_mata_pelajaran`;
/*!40000 ALTER TABLE `tb_mata_pelajaran` DISABLE KEYS */;
INSERT INTO `tb_mata_pelajaran` (`id`, `publishStatusId`, `noUrut`, `labelMapelId`, `jamMulai`, `jamSelesai`, `jumlahHari`, `jumlahJp`, `jenisDiklatId`, `tipeMataPelajaranId`, `tipeWaktuId`, `tipeTanggalId`) VALUES
	(569, 2, 11, 125, '10:15:00', '12:30:00', 0, 3, 9, 1, 1, 1),
	(552, 2, 7, 124, '13:30:00', '15:45:00', 0, 3, 9, 1, 1, 1),
	(563, 2, 10, 8, '07:30:00', '07:45:00', 0, 0, 9, 2, 1, 1),
	(564, 2, 10, 25, '07:45:00', '10:00:00', 0, 3, 9, 1, 1, 1),
	(565, 2, 10, 25, '10:15:00', '12:30:00', 0, 3, 9, 1, 1, 1),
	(566, 2, 10, 25, '13:30:00', '15:45:00', 0, 3, 9, 1, 1, 1),
	(567, 2, 11, 8, '07:30:00', '07:45:00', 0, 0, 9, 2, 1, 1),
	(568, 2, 11, 125, '07:45:00', '10:00:00', 0, 3, 9, 1, 1, 1),
	(561, 2, 9, 124, '13:30:00', '15:45:00', 0, 3, 9, 1, 1, 1),
	(560, 2, 9, 25, '10:15:00', '12:30:00', 0, 3, 9, 1, 1, 1),
	(559, 2, 9, 25, '07:45:00', '10:00:00', 0, 3, 9, 1, 1, 1),
	(558, 2, 9, 8, '07:30:00', '07:45:00', 0, 0, 9, 2, 1, 1),
	(557, 2, 8, 124, '13:30:00', '15:45:00', 0, 3, 9, 1, 1, 1),
	(556, 2, 8, 124, '10:15:00', '12:30:00', 0, 3, 9, 1, 1, 1),
	(555, 2, 8, 124, '07:45:00', '10:00:00', 0, 3, 9, 1, 1, 1),
	(554, 2, 8, 8, '07:30:00', '07:45:00', 0, 0, 9, 2, 1, 1),
	(553, 2, 8, 7, '05:30:00', '07:00:00', 0, 2, 9, 1, 1, 1),
	(562, 2, 10, 69, '05:30:00', '07:00:00', 0, 2, 9, 1, 1, 1),
	(551, 2, 7, 124, '10:15:00', '12:30:00', 0, 3, 9, 1, 1, 1),
	(550, 2, 7, 124, '07:45:00', '10:00:00', 0, 3, 9, 1, 1, 1),
	(544, 2, 6, 8, '07:30:00', '07:45:00', 0, 0, 9, 2, 1, 1),
	(548, 2, 7, 7, '05:30:00', '07:00:00', 0, 2, 9, 1, 1, 1),
	(547, 2, 6, 123, '13:30:00', '15:45:00', 0, 3, 9, 1, 1, 1),
	(546, 2, 6, 123, '10:15:00', '12:30:00', 0, 3, 9, 1, 1, 1),
	(545, 2, 6, 123, '07:45:00', '10:00:00', 0, 3, 9, 1, 1, 1),
	(549, 2, 7, 8, '07:30:00', '07:45:00', 0, 0, 9, 2, 1, 1),
	(543, 2, 6, 7, '05:30:00', '07:00:00', 0, 2, 9, 1, 1, 1),
	(542, 2, 5, 123, '16:00:00', '18:15:00', 0, 3, 9, 1, 1, 1),
	(541, 2, 5, 123, '13:30:00', '15:45:00', 0, 3, 9, 1, 1, 1),
	(540, 2, 5, 123, '10:15:00', '12:30:00', 0, 3, 9, 1, 1, 1),
	(539, 2, 5, 122, '07:45:00', '10:00:00', 0, 3, 9, 1, 1, 1),
	(538, 2, 5, 7, '05:30:00', '07:00:00', 0, 2, 9, 1, 1, 1),
	(537, 2, 4, 121, '16:00:00', '18:15:00', 0, 3, 9, 1, 1, 1),
	(536, 2, 4, 80, '13:30:00', '15:45:00', 0, 3, 9, 1, 1, 1),
	(535, 2, 4, 80, '10:15:00', '12:30:00', 0, 3, 9, 1, 1, 1),
	(534, 2, 4, 80, '07:45:00', '10:00:00', 0, 3, 9, 1, 1, 1),
	(533, 2, 4, 8, '07:30:00', '07:45:00', 0, 0, 9, 2, 1, 1),
	(532, 2, 4, 69, '05:30:00', '07:00:00', 0, 2, 9, 1, 1, 1),
	(531, 2, 3, 80, '13:30:00', '15:45:00', 0, 3, 9, 1, 1, 1),
	(530, 2, 3, 80, '10:15:00', '12:30:00', 0, 3, 9, 1, 1, 1),
	(529, 2, 3, 80, '07:45:00', '10:00:00', 0, 3, 9, 1, 1, 1),
	(528, 2, 3, 8, '07:30:00', '07:45:00', 0, 0, 9, 2, 1, 1),
	(527, 2, 3, 7, '05:30:00', '07:00:00', 0, 2, 9, 1, 1, 1),
	(526, 2, 2, 120, '16:00:00', '18:15:00', 0, 3, 9, 1, 1, 1),
	(525, 2, 2, 120, '13:30:00', '15:45:00', 0, 3, 9, 1, 1, 1),
	(524, 2, 2, 120, '10:15:00', '12:30:00', 0, 3, 9, 1, 1, 1),
	(523, 2, 2, 120, '07:45:00', '10:00:00', 0, 3, 9, 1, 1, 1),
	(522, 2, 2, 8, '07:30:00', '07:45:00', 0, 0, 9, 2, 1, 1),
	(521, 2, 2, 7, '05:30:00', '07:00:00', 0, 2, 9, 1, 1, 1),
	(520, 2, 1, 9, '16:00:00', '18:15:00', 0, 3, 9, 1, 1, 1),
	(519, 2, 1, 77, '13:30:00', '15:45:00', 0, 3, 9, 1, 1, 1),
	(518, 2, 1, 5, '10:15:00', '12:30:00', 0, 3, 9, 1, 1, 1),
	(517, 2, 1, 3, '07:45:00', '10:00:00', 0, 3, 9, 1, 1, 1),
	(516, 2, 1, 2, '07:30:00', '07:45:00', 0, 0, 9, 2, 1, 1),
	(225, 2, 1, 43, '19:00:00', '20:15:00', 0, 2, 6, 1, 1, 1),
	(224, 2, 1, 96, '15:30:00', '16:15:00', 0, 1, 6, 1, 1, 1),
	(222, 2, 1, 96, '13:00:00', '15:15:00', 0, 3, 6, 1, 1, 1),
	(221, 2, 1, 114, '12:00:00', '13:00:00', 0, 0, 6, 2, 1, 1),
	(217, 2, 1, 2, '07:30:00', '08:00:00', 0, 0, 6, 2, 1, 1),
	(218, 2, 1, 3, '08:00:01', '10:15:00', 0, 3, 6, 1, 1, 1),
	(219, 2, 1, 115, '10:15:00', '10:30:00', 0, 0, 6, 2, 1, 1),
	(220, 2, 1, 66, '10:30:00', '12:00:00', 0, 2, 6, 1, 1, 1),
	(223, 2, 1, 115, '15:15:00', '15:30:00', 0, 0, 6, 2, 1, 1),
	(213, 2, 7, 75, '07:45:00', '10:00:00', 0, 3, 10, 1, 1, 1),
	(212, 2, 7, 8, '07:30:00', '07:45:00', 0, 0, 10, 2, 1, 1),
	(211, 2, 7, 69, '05:00:00', '06:30:00', 0, 2, 10, 1, 1, 1),
	(210, 2, 6, 68, '19:00:00', '19:30:00', 0, 0, 10, 2, 1, 1),
	(209, 2, 6, 74, '16:00:00', '18:15:00', 0, 3, 10, 1, 1, 1),
	(208, 2, 6, 74, '13:30:00', '15:45:00', 0, 3, 10, 1, 1, 1),
	(207, 2, 6, 74, '10:15:00', '12:30:00', 0, 3, 10, 1, 1, 1),
	(206, 2, 6, 74, '07:45:00', '10:00:00', 0, 3, 10, 1, 1, 1),
	(205, 2, 6, 8, '07:30:00', '07:45:00', 0, 0, 10, 2, 1, 1),
	(204, 2, 6, 69, '05:00:00', '06:30:00', 0, 1, 10, 1, 1, 1),
	(203, 2, 5, 68, '19:00:00', '19:30:00', 0, 0, 10, 2, 1, 1),
	(202, 2, 5, 74, '16:00:00', '18:15:00', 0, 3, 10, 1, 1, 1),
	(201, 2, 5, 74, '13:30:00', '15:45:00', 0, 3, 10, 1, 1, 1),
	(200, 2, 5, 74, '10:15:00', '12:30:00', 0, 3, 10, 1, 1, 1),
	(199, 2, 5, 74, '07:45:00', '10:00:00', 0, 3, 10, 1, 1, 1),
	(198, 2, 5, 8, '07:30:00', '07:45:00', 0, 0, 10, 2, 1, 1),
	(197, 2, 5, 69, '05:00:00', '06:30:00', 0, 1, 10, 1, 1, 1),
	(196, 2, 4, 68, '19:00:00', '19:30:00', 0, 0, 10, 2, 1, 1),
	(195, 2, 4, 73, '13:30:00', '15:45:00', 0, 3, 10, 1, 1, 1),
	(194, 2, 4, 72, '10:15:00', '12:30:00', 0, 3, 10, 1, 1, 1),
	(193, 2, 4, 72, '07:45:00', '10:00:00', 0, 3, 10, 1, 1, 1),
	(192, 2, 4, 8, '07:30:00', '07:45:00', 0, 0, 10, 2, 1, 1),
	(191, 2, 4, 69, '05:00:00', '06:30:00', 0, 1, 10, 1, 1, 1),
	(190, 2, 3, 68, '19:00:00', '19:30:00', 0, 0, 10, 2, 1, 1),
	(189, 2, 3, 71, '16:00:00', '18:15:00', 0, 3, 10, 1, 1, 1),
	(188, 2, 3, 71, '13:30:00', '15:45:00', 0, 3, 10, 1, 1, 1),
	(187, 2, 3, 71, '10:15:00', '12:30:00', 0, 3, 10, 1, 1, 1),
	(186, 2, 3, 71, '07:45:00', '10:00:00', 0, 3, 10, 1, 1, 1),
	(185, 2, 3, 8, '07:30:00', '07:45:00', 0, 0, 10, 2, 1, 1),
	(184, 2, 3, 69, '05:00:00', '06:30:00', 0, 1, 10, 1, 1, 1),
	(183, 2, 2, 68, '19:00:00', '19:30:00', 0, 0, 10, 2, 1, 1),
	(182, 2, 2, 70, '16:00:00', '18:15:00', 0, 3, 10, 1, 1, 1),
	(181, 2, 2, 70, '13:30:00', '15:45:00', 0, 3, 10, 1, 1, 1),
	(180, 2, 2, 9, '10:15:00', '12:30:00', 0, 3, 10, 1, 1, 1),
	(179, 2, 2, 9, '07:45:00', '10:00:00', 0, 3, 10, 1, 1, 1),
	(178, 2, 2, 8, '07:30:00', '07:45:00', 0, 0, 10, 2, 1, 1),
	(177, 2, 2, 7, '05:00:01', '06:30:00', 0, 2, 10, 1, 1, 1),
	(176, 2, 1, 68, '19:00:00', '19:30:00', 0, 0, 10, 2, 1, 1),
	(175, 2, 1, 67, '16:00:00', '18:15:00', 0, 3, 10, 1, 1, 1),
	(174, 2, 1, 67, '13:30:00', '15:45:00', 0, 3, 10, 1, 1, 1),
	(173, 2, 1, 66, '10:15:00', '11:45:00', 0, 2, 10, 1, 1, 1),
	(172, 2, 1, 3, '08:30:00', '10:00:00', 0, 2, 10, 1, 1, 1),
	(171, 2, 1, 2, '08:00:00', '08:30:00', 0, 0, 10, 2, 1, 1),
	(395, 2, 1, 3, '07:30:00', '10:00:00', 0, 3, 8, 1, 1, 1),
	(167, 1, 1, 1, '21:04:00', '21:04:00', 0, 3, 13, 1, 1, 1),
	(214, 2, 7, 75, '10:15:00', '12:30:00', 0, 3, 10, 1, 1, 1),
	(215, 2, 7, 76, '13:30:00', '15:45:00', 0, 3, 10, 1, 1, 1),
	(216, 2, 7, 36, '16:00:00', '17:30:00', 0, 2, 10, 1, 1, 1),
	(226, 2, 2, 44, '05:00:00', '06:30:00', 0, 2, 6, 1, 1, 1),
	(227, 2, 2, 8, '07:15:00', '07:30:00', 0, 0, 6, 2, 1, 1),
	(228, 2, 2, 9, '07:30:00', '09:45:00', 0, 3, 6, 1, 1, 1),
	(229, 2, 2, 115, '09:45:00', '10:00:00', 0, 0, 6, 2, 1, 1),
	(230, 2, 2, 9, '10:00:00', '12:15:00', 0, 3, 6, 1, 1, 1),
	(231, 2, 2, 114, '12:15:00', '13:30:00', 0, 0, 6, 2, 1, 1),
	(232, 2, 2, 11, '13:30:00', '15:45:00', 0, 3, 6, 1, 1, 1),
	(233, 2, 2, 115, '15:45:00', '16:00:00', 0, 0, 6, 2, 1, 1),
	(234, 2, 2, 11, '16:00:00', '18:15:00', 0, 3, 6, 1, 1, 1),
	(235, 2, 2, 43, '19:00:00', '20:15:00', 0, 2, 6, 1, 1, 1),
	(236, 2, 3, 44, '05:00:00', '06:30:00', 0, 2, 6, 1, 1, 1),
	(237, 2, 3, 8, '07:15:00', '07:30:00', 0, 0, 6, 2, 1, 1),
	(238, 2, 3, 45, '07:30:00', '09:45:00', 0, 3, 6, 1, 1, 1),
	(239, 2, 3, 115, '09:45:00', '10:00:00', 0, 0, 6, 2, 1, 1),
	(240, 2, 3, 45, '10:00:00', '12:15:00', 0, 3, 6, 1, 1, 1),
	(241, 2, 3, 114, '12:15:00', '13:30:00', 0, 0, 6, 2, 1, 1),
	(242, 2, 3, 45, '13:30:00', '15:45:00', 0, 3, 6, 1, 1, 1),
	(243, 2, 3, 115, '15:45:00', '19:00:00', 0, 0, 6, 2, 1, 1),
	(244, 2, 3, 43, '19:00:00', '20:15:00', 0, 2, 6, 1, 1, 1),
	(245, 2, 4, 44, '05:00:00', '06:30:00', 0, 2, 6, 1, 1, 1),
	(246, 2, 4, 8, '07:15:00', '07:30:00', 0, 0, 6, 2, 1, 1),
	(247, 2, 4, 97, '07:30:00', '09:45:00', 0, 3, 6, 1, 1, 1),
	(248, 2, 4, 115, '09:45:00', '10:00:00', 0, 0, 6, 2, 1, 1),
	(249, 2, 4, 97, '10:00:00', '12:15:00', 0, 3, 6, 1, 1, 1),
	(250, 2, 4, 114, '12:15:00', '13:30:00', 0, 0, 6, 2, 1, 1),
	(251, 2, 4, 97, '13:30:00', '15:45:00', 0, 3, 6, 1, 1, 1),
	(252, 2, 4, 115, '15:45:00', '16:00:00', 0, 0, 6, 2, 1, 1),
	(253, 2, 4, 97, '16:00:00', '18:15:00', 0, 3, 6, 1, 1, 1),
	(254, 2, 4, 43, '19:00:00', '20:15:00', 0, 2, 6, 1, 1, 1),
	(255, 2, 5, 69, '05:00:00', '06:30:00', 0, 2, 6, 1, 1, 1),
	(256, 2, 5, 8, '07:15:00', '07:30:00', 0, 0, 6, 2, 1, 1),
	(257, 2, 5, 97, '07:30:00', '09:45:00', 0, 3, 6, 1, 1, 1),
	(258, 2, 5, 115, '09:45:00', '10:00:00', 0, 0, 6, 2, 1, 1),
	(259, 2, 5, 97, '10:15:00', '12:15:00', 0, 3, 6, 1, 1, 1),
	(260, 2, 5, 114, '12:15:00', '13:30:00', 0, 0, 6, 2, 1, 1),
	(261, 2, 5, 97, '13:30:00', '15:45:00', 0, 3, 6, 1, 1, 1),
	(262, 2, 5, 115, '15:45:00', '16:00:00', 0, 0, 6, 2, 1, 1),
	(263, 2, 5, 97, '16:00:00', '18:15:00', 0, 3, 6, 1, 1, 1),
	(264, 2, 5, 43, '19:00:00', '20:15:00', 0, 2, 6, 1, 1, 1),
	(265, 2, 6, 44, '05:00:00', '06:30:00', 0, 2, 6, 1, 1, 1),
	(266, 2, 6, 8, '07:15:00', '07:30:00', 0, 0, 6, 2, 1, 1),
	(267, 2, 6, 97, '07:30:00', '09:45:00', 0, 3, 6, 1, 1, 1),
	(268, 2, 6, 115, '09:45:00', '10:00:00', 0, 0, 6, 2, 1, 1),
	(269, 2, 6, 97, '10:00:00', '12:15:00', 0, 3, 6, 1, 1, 1),
	(270, 2, 6, 114, '12:15:00', '13:30:00', 0, 0, 6, 2, 1, 1),
	(271, 2, 6, 98, '13:30:00', '15:45:00', 0, 3, 6, 1, 1, 1),
	(272, 2, 6, 115, '15:45:00', '19:00:00', 0, 0, 6, 2, 1, 1),
	(273, 2, 6, 43, '19:00:00', '20:15:00', 0, 2, 6, 1, 1, 1),
	(274, 2, 7, 44, '05:00:00', '06:30:00', 0, 2, 6, 1, 1, 1),
	(275, 2, 7, 8, '07:15:00', '07:30:00', 0, 0, 6, 2, 1, 1),
	(276, 2, 7, 99, '07:30:00', '09:45:00', 0, 3, 6, 1, 1, 1),
	(277, 2, 7, 115, '09:45:00', '10:00:00', 0, 0, 6, 2, 1, 1),
	(278, 2, 7, 99, '10:00:00', '12:15:00', 0, 3, 6, 1, 1, 1),
	(279, 2, 7, 114, '12:15:00', '13:30:00', 0, 0, 6, 2, 1, 1),
	(280, 2, 7, 99, '13:30:00', '15:45:00', 0, 3, 6, 1, 1, 1),
	(281, 2, 7, 115, '15:45:00', '16:00:00', 0, 0, 6, 2, 1, 1),
	(282, 2, 7, 99, '16:00:00', '18:15:00', 0, 3, 6, 1, 1, 1),
	(283, 2, 7, 43, '19:00:00', '20:15:00', 0, 2, 6, 1, 1, 1),
	(284, 2, 8, 44, '05:30:00', '06:30:00', 0, 2, 6, 1, 1, 1),
	(285, 2, 8, 8, '07:15:00', '07:30:00', 0, 0, 6, 2, 1, 1),
	(286, 2, 8, 100, '07:30:00', '09:45:00', 0, 3, 6, 1, 1, 1),
	(287, 2, 8, 115, '09:45:00', '10:00:00', 0, 0, 6, 2, 1, 1),
	(288, 2, 8, 100, '10:00:00', '12:15:00', 0, 3, 6, 1, 1, 1),
	(289, 2, 8, 114, '12:15:00', '13:30:00', 0, 0, 6, 2, 1, 1),
	(290, 2, 8, 100, '13:30:00', '15:45:00', 0, 3, 6, 1, 1, 1),
	(291, 2, 8, 115, '15:45:00', '16:00:00', 0, 0, 6, 2, 1, 1),
	(292, 2, 8, 100, '16:00:00', '18:15:00', 0, 3, 6, 1, 1, 1),
	(293, 2, 8, 43, '19:00:00', '20:15:00', 0, 2, 6, 1, 1, 1),
	(294, 2, 9, 44, '05:00:00', '06:30:00', 0, 2, 6, 1, 1, 1),
	(295, 2, 9, 8, '07:15:00', '07:30:00', 0, 0, 6, 2, 1, 1),
	(296, 2, 9, 101, '07:30:00', '09:45:00', 0, 3, 6, 1, 1, 1),
	(297, 2, 9, 115, '09:45:00', '10:00:00', 0, 0, 6, 2, 1, 1),
	(298, 2, 9, 101, '10:00:00', '12:15:00', 0, 3, 6, 1, 1, 1),
	(299, 2, 9, 114, '12:15:00', '13:30:00', 0, 0, 6, 2, 1, 1),
	(300, 2, 9, 101, '13:30:00', '15:45:00', 0, 3, 6, 1, 1, 1),
	(301, 2, 9, 115, '15:45:00', '16:00:00', 0, 0, 6, 2, 1, 1),
	(302, 2, 9, 101, '16:00:00', '18:15:00', 0, 3, 6, 1, 1, 1),
	(303, 2, 9, 43, '19:00:00', '20:15:00', 0, 2, 6, 1, 1, 1),
	(304, 2, 10, 44, '05:00:00', '06:30:00', 0, 2, 6, 1, 1, 1),
	(305, 2, 10, 102, '07:30:00', '09:45:00', 0, 3, 6, 1, 1, 1),
	(306, 2, 10, 115, '09:45:00', '10:00:00', 0, 0, 6, 2, 1, 1),
	(307, 2, 10, 102, '10:00:00', '12:15:00', 0, 3, 6, 1, 1, 1),
	(308, 2, 10, 114, '12:15:00', '13:30:00', 0, 0, 6, 2, 1, 1),
	(309, 2, 10, 102, '13:30:00', '15:45:00', 0, 3, 6, 1, 1, 1),
	(310, 2, 10, 115, '15:45:00', '16:00:00', 0, 0, 6, 2, 1, 1),
	(311, 2, 10, 102, '16:00:00', '18:15:00', 0, 3, 6, 1, 1, 1),
	(312, 2, 10, 43, '19:00:00', '20:15:00', 0, 2, 6, 1, 1, 1),
	(313, 2, 11, 69, '05:00:00', '06:30:00', 0, 2, 6, 1, 1, 1),
	(314, 2, 11, 8, '07:15:00', '07:30:00', 0, 0, 6, 2, 1, 1),
	(315, 2, 11, 103, '07:30:00', '09:45:00', 0, 3, 6, 1, 1, 1),
	(316, 2, 11, 115, '09:45:00', '10:00:00', 0, 0, 6, 2, 1, 1),
	(317, 2, 11, 103, '10:00:00', '12:15:00', 0, 3, 6, 1, 1, 1),
	(318, 2, 11, 114, '12:15:00', '13:30:00', 0, 0, 6, 2, 1, 1),
	(319, 2, 11, 103, '13:30:00', '15:45:00', 0, 3, 6, 1, 1, 1),
	(320, 2, 11, 115, '15:45:00', '16:00:00', 0, 0, 6, 2, 1, 1),
	(321, 2, 11, 103, '16:00:00', '18:15:00', 0, 3, 6, 1, 1, 1),
	(322, 2, 11, 43, '19:00:00', '20:15:00', 0, 2, 6, 1, 1, 1),
	(323, 2, 12, 44, '05:00:00', '06:30:00', 0, 2, 6, 1, 1, 1),
	(324, 2, 12, 8, '07:15:00', '07:30:00', 0, 0, 6, 2, 1, 1),
	(325, 2, 12, 72, '07:30:00', '09:45:00', 0, 3, 6, 1, 1, 1),
	(326, 2, 12, 115, '09:45:00', '10:00:00', 0, 0, 6, 2, 1, 1),
	(327, 2, 12, 72, '10:00:00', '12:15:00', 0, 3, 6, 1, 1, 1),
	(328, 2, 12, 114, '12:15:00', '13:15:00', 0, 0, 6, 2, 1, 1),
	(329, 2, 12, 104, '13:15:00', '15:30:00', 0, 3, 6, 1, 1, 1),
	(330, 2, 12, 115, '15:30:00', '16:00:00', 0, 0, 6, 2, 1, 1),
	(331, 2, 12, 104, '16:00:00', '18:15:00', 0, 3, 6, 1, 1, 1),
	(332, 2, 12, 43, '19:00:00', '20:15:00', 0, 2, 6, 1, 1, 1),
	(333, 2, 13, 44, '05:00:00', '06:30:00', 0, 2, 6, 1, 1, 1),
	(334, 2, 13, 8, '07:15:00', '07:30:00', 0, 0, 6, 2, 1, 1),
	(335, 2, 13, 105, '07:30:00', '09:45:00', 0, 3, 6, 1, 1, 1),
	(336, 2, 13, 115, '09:45:00', '10:00:00', 0, 0, 6, 2, 1, 1),
	(337, 2, 13, 105, '10:00:00', '12:15:00', 0, 3, 6, 1, 1, 1),
	(338, 2, 13, 114, '12:15:00', '13:15:00', 0, 0, 6, 2, 1, 1),
	(339, 2, 13, 73, '13:15:00', '15:30:00', 0, 3, 6, 1, 1, 1),
	(340, 2, 13, 115, '15:30:00', '15:45:00', 0, 0, 6, 2, 1, 1),
	(341, 2, 13, 73, '16:00:00', '18:15:00', 0, 3, 6, 1, 1, 1),
	(342, 2, 13, 43, '19:00:00', '20:15:00', 0, 2, 6, 1, 1, 1),
	(343, 2, 14, 44, '05:00:00', '06:30:00', 0, 2, 6, 1, 1, 1),
	(344, 2, 14, 8, '07:15:00', '07:30:00', 0, 0, 6, 2, 1, 1),
	(345, 2, 14, 106, '07:30:00', '09:45:00', 0, 3, 6, 1, 1, 1),
	(346, 2, 14, 115, '09:45:00', '10:00:00', 0, 0, 6, 2, 1, 1),
	(347, 2, 14, 106, '10:00:00', '11:15:00', 0, 2, 6, 1, 1, 1),
	(348, 2, 14, 114, '12:15:00', '19:00:00', 0, 0, 6, 2, 1, 1),
	(349, 2, 14, 43, '19:00:00', '20:15:00', 0, 2, 6, 1, 1, 1),
	(350, 2, 15, 44, '05:00:00', '06:30:00', 0, 2, 6, 1, 1, 1),
	(351, 2, 15, 8, '07:15:00', '07:30:00', 0, 0, 6, 2, 1, 1),
	(352, 2, 15, 107, '07:30:00', '09:45:00', 0, 3, 6, 1, 1, 1),
	(353, 2, 15, 115, '09:45:00', '10:00:00', 0, 0, 6, 2, 1, 1),
	(354, 2, 15, 107, '10:00:00', '11:30:00', 0, 3, 6, 1, 1, 1),
	(355, 2, 15, 114, '12:15:00', '13:30:00', 0, 0, 6, 2, 1, 1),
	(356, 2, 15, 114, '12:15:00', '19:00:00', 0, 0, 6, 2, 1, 1),
	(357, 2, 15, 43, '19:00:00', '20:15:00', 0, 2, 6, 1, 1, 1),
	(358, 2, 16, 44, '05:30:00', '07:00:00', 0, 2, 6, 1, 1, 1),
	(359, 2, 16, 108, '07:30:00', '09:45:00', 0, 3, 6, 1, 1, 1),
	(360, 2, 16, 115, '09:45:00', '10:00:00', 0, 0, 6, 2, 1, 1),
	(361, 2, 16, 108, '10:00:00', '12:15:00', 0, 3, 6, 1, 1, 1),
	(362, 2, 16, 114, '12:15:00', '13:30:00', 0, 0, 6, 2, 1, 1),
	(363, 2, 16, 108, '13:30:00', '15:45:00', 0, 3, 6, 1, 1, 1),
	(364, 2, 16, 115, '15:45:00', '19:00:00', 0, 0, 6, 2, 1, 1),
	(365, 2, 16, 43, '19:00:00', '20:15:00', 0, 2, 6, 1, 1, 1),
	(366, 2, 17, 8, '07:15:00', '07:30:00', 0, 0, 6, 2, 1, 1),
	(367, 2, 17, 109, '07:30:00', '09:45:00', 0, 3, 6, 1, 1, 1),
	(368, 2, 17, 115, '09:45:00', '10:00:00', 0, 0, 6, 2, 1, 1),
	(369, 2, 17, 109, '10:00:00', '12:15:00', 0, 3, 6, 1, 1, 1),
	(370, 2, 17, 114, '12:15:00', '13:30:00', 0, 0, 6, 2, 1, 1),
	(371, 2, 17, 109, '13:30:00', '15:45:00', 0, 3, 6, 1, 1, 1),
	(372, 2, 17, 109, '15:45:00', '16:30:00', 0, 1, 6, 1, 1, 1),
	(373, 2, 17, 115, '16:30:00', '19:00:00', 0, 0, 6, 2, 1, 1),
	(374, 2, 17, 43, '19:00:00', '20:15:00', 0, 2, 6, 1, 1, 1),
	(375, 2, 19, 46, '02:52:00', '02:52:00', 30, 0, 6, 2, 2, 2),
	(376, 2, 20, 8, '07:15:00', '07:30:00', 0, 0, 6, 2, 1, 1),
	(377, 2, 20, 111, '07:30:00', '09:00:00', 0, 2, 6, 1, 1, 1),
	(378, 2, 20, 115, '09:00:00', '10:00:00', 0, 0, 6, 2, 1, 1),
	(379, 2, 20, 114, '12:15:00', '13:30:00', 0, 0, 6, 2, 1, 1),
	(380, 2, 20, 115, '15:45:00', '19:00:00', 0, 0, 6, 2, 1, 1),
	(381, 2, 20, 43, '19:00:00', '20:15:00', 0, 2, 6, 1, 1, 1),
	(382, 2, 21, 8, '07:15:00', '07:30:00', 0, 0, 6, 2, 1, 1),
	(383, 2, 21, 112, '07:30:00', '09:45:00', 0, 3, 6, 1, 1, 1),
	(384, 2, 21, 115, '09:45:00', '10:00:00', 0, 0, 6, 2, 1, 1),
	(385, 2, 21, 112, '10:00:00', '12:15:00', 0, 3, 6, 1, 1, 1),
	(386, 2, 21, 115, '12:15:00', '13:30:00', 0, 0, 6, 2, 1, 1),
	(387, 2, 21, 112, '13:30:00', '15:45:00', 0, 3, 6, 1, 1, 1),
	(388, 2, 21, 112, '15:45:00', '16:30:00', 0, 1, 6, 1, 1, 1),
	(389, 2, 21, 115, '16:30:00', '19:00:00', 0, 0, 6, 2, 1, 1),
	(390, 2, 21, 43, '19:00:00', '20:15:00', 0, 2, 6, 1, 1, 1),
	(391, 2, 22, 113, '07:30:00', '09:00:00', 0, 2, 6, 1, 1, 1),
	(392, 2, 22, 115, '09:00:00', '09:30:00', 0, 0, 6, 2, 1, 1),
	(393, 2, 22, 36, '09:30:00', '12:15:00', 0, 0, 6, 2, 1, 1),
	(394, 2, 1, 2, '07:30:00', '07:45:00', 0, 0, 8, 2, 1, 1),
	(396, 2, 1, 5, '10:15:00', '12:30:00', 0, 3, 8, 1, 1, 1),
	(397, 2, 1, 77, '13:30:00', '15:45:00', 0, 3, 8, 1, 1, 1),
	(398, 2, 1, 9, '16:00:00', '18:15:00', 0, 3, 8, 1, 1, 1),
	(399, 2, 2, 7, '05:30:00', '07:00:00', 0, 2, 8, 1, 1, 1),
	(400, 2, 2, 8, '07:30:00', '07:45:00', 0, 0, 8, 2, 1, 1),
	(401, 2, 2, 78, '07:45:00', '10:00:00', 0, 3, 8, 1, 1, 1),
	(402, 2, 2, 79, '10:15:00', '12:30:00', 0, 3, 8, 1, 1, 1),
	(403, 2, 2, 79, '13:30:00', '15:45:00', 0, 3, 8, 1, 1, 1),
	(404, 2, 2, 79, '16:00:00', '18:15:00', 0, 3, 8, 1, 1, 1),
	(405, 2, 3, 7, '05:30:00', '07:00:00', 0, 2, 8, 1, 1, 1),
	(406, 2, 3, 8, '07:30:00', '07:45:00', 0, 0, 8, 2, 1, 1),
	(407, 2, 3, 80, '07:45:00', '10:00:00', 0, 3, 8, 1, 1, 1),
	(408, 2, 3, 80, '10:15:00', '12:30:00', 0, 3, 8, 1, 1, 1),
	(409, 2, 3, 80, '13:30:00', '15:45:00', 0, 3, 8, 1, 1, 1),
	(410, 2, 4, 69, '05:30:00', '07:00:00', 0, 2, 8, 1, 1, 1),
	(411, 2, 4, 8, '07:30:00', '07:45:00', 0, 0, 8, 2, 1, 1),
	(412, 2, 4, 80, '07:45:00', '10:00:00', 0, 3, 8, 1, 1, 1),
	(413, 2, 4, 80, '10:15:00', '12:30:00', 0, 3, 8, 1, 1, 1),
	(414, 2, 4, 80, '13:30:00', '15:45:00', 0, 3, 8, 1, 1, 1),
	(415, 2, 4, 81, '16:00:00', '18:15:00', 0, 3, 8, 1, 1, 1),
	(416, 2, 5, 7, '05:30:00', '07:00:00', 0, 2, 8, 1, 1, 1),
	(417, 2, 5, 82, '07:45:00', '10:00:00', 0, 3, 8, 1, 1, 1),
	(418, 2, 5, 82, '10:15:00', '12:30:00', 0, 3, 8, 1, 1, 1),
	(419, 2, 5, 82, '13:30:00', '15:45:00', 0, 3, 8, 1, 1, 1),
	(420, 2, 6, 7, '05:30:00', '07:00:00', 0, 2, 8, 1, 1, 1),
	(421, 2, 6, 8, '07:30:00', '07:45:00', 0, 0, 8, 2, 1, 1),
	(422, 2, 6, 83, '07:45:00', '10:00:00', 0, 3, 8, 1, 1, 1),
	(423, 2, 6, 83, '10:15:00', '12:30:00', 0, 3, 8, 1, 1, 1),
	(424, 2, 6, 83, '13:30:00', '15:45:00', 0, 3, 8, 1, 1, 1),
	(425, 2, 7, 7, '05:30:00', '07:00:00', 0, 2, 8, 1, 1, 1),
	(426, 2, 7, 8, '07:30:00', '07:45:00', 0, 0, 8, 2, 1, 1),
	(427, 2, 7, 23, '07:45:00', '10:00:00', 0, 3, 8, 1, 1, 1),
	(428, 2, 7, 23, '10:15:00', '12:30:00', 0, 3, 8, 1, 1, 1),
	(429, 2, 7, 23, '13:30:00', '15:45:00', 0, 3, 8, 1, 1, 1),
	(430, 2, 8, 7, '05:30:00', '07:00:00', 0, 2, 8, 1, 1, 1),
	(431, 2, 8, 8, '07:30:00', '07:45:00', 0, 0, 8, 2, 1, 1),
	(432, 2, 8, 84, '07:45:00', '10:00:00', 0, 3, 8, 1, 1, 1),
	(433, 2, 8, 84, '10:15:00', '12:30:00', 0, 3, 8, 1, 1, 1),
	(434, 2, 8, 84, '13:30:00', '15:45:00', 0, 3, 8, 1, 1, 1),
	(435, 2, 9, 8, '07:30:00', '07:45:00', 0, 0, 8, 2, 1, 1),
	(436, 2, 9, 85, '07:45:00', '10:00:00', 0, 3, 8, 1, 1, 1),
	(437, 2, 9, 85, '10:15:00', '12:30:00', 0, 3, 8, 1, 1, 1),
	(438, 2, 9, 85, '13:30:00', '15:45:00', 0, 3, 8, 1, 1, 1),
	(439, 2, 10, 69, '05:30:00', '07:00:00', 0, 2, 8, 1, 1, 1),
	(440, 2, 10, 8, '07:30:00', '07:45:00', 0, 0, 8, 2, 1, 1),
	(441, 2, 10, 86, '07:45:00', '10:00:00', 0, 3, 8, 1, 1, 1),
	(442, 2, 10, 86, '10:15:00', '12:30:00', 0, 3, 8, 1, 1, 1),
	(443, 2, 10, 86, '13:30:00', '15:45:00', 0, 3, 8, 1, 1, 1),
	(444, 2, 11, 8, '07:30:00', '07:45:00', 0, 0, 8, 2, 1, 1),
	(445, 2, 11, 87, '07:45:00', '10:00:00', 0, 3, 8, 1, 1, 1),
	(446, 2, 11, 87, '10:15:00', '12:30:00', 0, 3, 8, 1, 1, 1),
	(447, 2, 11, 87, '13:30:00', '15:45:00', 0, 3, 8, 1, 1, 1),
	(448, 2, 12, 7, '05:30:00', '07:00:00', 0, 2, 8, 1, 1, 1),
	(449, 2, 12, 8, '07:30:00', '07:45:00', 0, 0, 8, 2, 1, 1),
	(450, 2, 12, 88, '07:45:00', '10:00:00', 0, 3, 8, 1, 1, 1),
	(451, 2, 12, 88, '10:15:00', '12:30:00', 0, 3, 8, 1, 1, 1),
	(452, 2, 12, 89, '13:30:00', '15:45:00', 0, 3, 8, 1, 1, 1),
	(453, 2, 13, 7, '05:30:00', '07:00:00', 0, 2, 8, 1, 1, 1),
	(454, 2, 13, 8, '07:30:00', '07:45:00', 0, 0, 8, 2, 1, 1),
	(455, 2, 13, 88, '07:45:00', '10:00:00', 0, 3, 8, 1, 1, 1),
	(456, 2, 13, 88, '10:15:00', '12:30:00', 0, 3, 8, 1, 1, 1),
	(457, 2, 13, 88, '13:30:00', '15:45:00', 0, 3, 8, 1, 1, 1),
	(458, 2, 14, 8, '07:30:00', '07:45:00', 0, 0, 8, 2, 1, 1),
	(459, 2, 14, 90, '07:45:00', '10:00:00', 0, 3, 8, 1, 1, 1),
	(460, 2, 14, 90, '10:15:00', '12:30:00', 0, 3, 8, 1, 1, 1),
	(461, 2, 14, 90, '13:30:00', '15:45:00', 0, 3, 8, 1, 1, 1),
	(462, 2, 15, 8, '07:30:00', '07:45:00', 0, 0, 8, 2, 1, 1),
	(463, 2, 15, 27, '07:45:00', '10:00:00', 0, 3, 8, 1, 1, 1),
	(464, 2, 15, 27, '10:15:00', '12:30:00', 0, 3, 8, 1, 1, 1),
	(465, 2, 15, 27, '13:30:00', '15:45:00', 0, 3, 8, 1, 1, 1),
	(466, 2, 16, 7, '05:30:00', '07:00:00', 0, 2, 8, 1, 1, 1),
	(467, 2, 16, 8, '07:30:00', '07:45:00', 0, 0, 8, 2, 1, 1),
	(468, 2, 16, 91, '07:45:00', '10:00:00', 0, 3, 8, 1, 1, 1),
	(469, 2, 16, 91, '10:15:00', '12:30:00', 0, 3, 8, 1, 1, 1),
	(470, 2, 16, 91, '13:30:00', '15:45:00', 0, 3, 8, 1, 1, 1),
	(471, 2, 17, 136, '07:45:00', '09:15:00', 1, 2, 8, 1, 1, 1),
	(472, 2, 18, 92, '07:45:00', '10:00:00', 4, 3, 8, 1, 1, 1),
	(473, 2, 22, 7, '05:30:00', '07:00:00', 0, 2, 8, 1, 1, 1),
	(474, 2, 22, 93, '07:45:00', '10:00:00', 0, 3, 8, 1, 1, 1),
	(475, 2, 22, 93, '10:15:00', '12:30:00', 0, 3, 8, 1, 1, 1),
	(476, 2, 22, 94, '13:30:00', '15:45:00', 0, 3, 8, 1, 1, 1),
	(477, 2, 22, 94, '16:00:00', '18:15:00', 0, 3, 8, 1, 1, 1),
	(478, 2, 23, 8, '07:30:00', '07:45:00', 0, 0, 8, 2, 1, 1),
	(479, 2, 23, 94, '07:45:00', '10:00:00', 0, 3, 8, 1, 1, 1),
	(480, 2, 23, 94, '10:15:00', '12:30:00', 0, 3, 8, 1, 1, 1),
	(481, 2, 23, 94, '13:30:00', '15:45:00', 0, 3, 8, 1, 1, 1),
	(482, 2, 24, 8, '07:30:00', '07:45:00', 0, 0, 8, 2, 1, 1),
	(483, 2, 24, 95, '07:45:00', '10:00:00', 0, 3, 8, 1, 1, 1),
	(484, 2, 24, 95, '10:15:00', '12:30:00', 0, 3, 8, 1, 1, 1),
	(485, 2, 24, 95, '13:30:00', '15:45:00', 0, 3, 8, 1, 1, 1),
	(486, 2, 25, 8, '07:30:00', '07:45:00', 0, 0, 8, 2, 1, 1),
	(487, 2, 25, 95, '07:45:00', '10:00:00', 0, 3, 8, 1, 1, 1),
	(488, 2, 25, 95, '10:15:00', '12:30:00', 0, 3, 8, 1, 1, 1),
	(489, 2, 25, 95, '13:30:00', '15:45:00', 0, 3, 8, 1, 1, 1),
	(490, 2, 26, 30, '07:45:00', '10:00:00', 0, 3, 8, 1, 1, 1),
	(491, 2, 26, 30, '10:15:00', '12:30:00', 0, 3, 8, 1, 1, 1),
	(492, 2, 26, 30, '13:30:00', '15:45:00', 0, 3, 8, 1, 1, 1),
	(493, 2, 26, 30, '16:00:00', '16:45:00', 0, 1, 8, 1, 1, 1),
	(494, 2, 27, 7, '05:30:00', '07:00:00', 0, 2, 8, 1, 1, 1),
	(495, 2, 27, 8, '07:30:00', '07:45:00', 0, 0, 8, 2, 1, 1),
	(496, 2, 27, 116, '07:45:00', '10:00:00', 0, 3, 8, 1, 1, 1),
	(497, 2, 27, 117, '10:15:00', '12:30:00', 0, 3, 8, 1, 1, 1),
	(498, 2, 28, 32, '04:16:00', '04:16:00', 60, 0, 8, 1, 2, 1),
	(499, 2, 29, 8, '07:30:00', '07:45:00', 0, 0, 8, 2, 1, 1),
	(500, 2, 29, 95, '07:45:00', '10:00:00', 0, 3, 8, 1, 1, 1),
	(501, 2, 29, 95, '10:15:00', '12:30:00', 0, 3, 8, 1, 1, 1),
	(502, 2, 29, 95, '13:30:00', '15:45:00', 0, 3, 8, 1, 1, 1),
	(503, 2, 30, 118, '07:45:00', '10:00:00', 0, 3, 8, 1, 1, 1),
	(504, 2, 30, 118, '10:15:00', '12:30:00', 0, 3, 8, 1, 1, 1),
	(505, 2, 30, 118, '13:30:00', '15:45:00', 0, 3, 8, 1, 1, 1),
	(506, 2, 30, 118, '16:00:00', '16:45:00', 0, 1, 8, 1, 1, 1),
	(507, 2, 31, 119, '07:45:00', '10:00:00', 0, 3, 8, 1, 1, 1),
	(508, 2, 31, 119, '10:15:00', '12:30:00', 0, 3, 8, 1, 1, 1),
	(509, 2, 32, 35, '07:45:00', '10:00:00', 0, 3, 8, 1, 1, 1),
	(510, 2, 32, 36, '10:00:01', '12:15:00', 0, 3, 8, 1, 1, 1),
	(511, 2, 18, 8, '07:15:00', '07:30:00', 0, 0, 6, 2, 1, 1),
	(512, 2, 18, 110, '07:30:00', '09:45:00', 0, 3, 6, 1, 1, 1),
	(513, 2, 18, 115, '09:45:00', '10:00:00', 0, 0, 6, 2, 1, 1),
	(514, 2, 18, 114, '12:15:00', '13:30:00', 0, 0, 6, 2, 1, 1),
	(515, 2, 18, 115, '15:45:00', '19:00:00', 0, 0, 6, 2, 1, 1),
	(570, 2, 11, 125, '13:30:00', '15:45:00', 0, 3, 9, 1, 1, 1),
	(571, 2, 12, 7, '05:30:00', '07:00:00', 0, 2, 9, 1, 1, 1),
	(572, 2, 12, 8, '07:30:00', '07:45:00', 0, 0, 9, 2, 1, 1),
	(573, 2, 12, 126, '07:45:00', '10:00:00', 0, 3, 9, 1, 1, 1),
	(574, 2, 12, 126, '10:15:00', '12:30:00', 0, 3, 9, 1, 1, 1),
	(575, 2, 12, 126, '13:30:00', '15:45:00', 0, 3, 9, 1, 1, 1),
	(576, 2, 13, 7, '05:30:00', '07:00:00', 0, 2, 9, 1, 1, 1),
	(577, 2, 13, 8, '07:30:00', '07:45:00', 0, 0, 9, 2, 1, 1),
	(578, 2, 13, 127, '07:45:00', '10:00:00', 0, 3, 9, 1, 1, 1),
	(579, 2, 13, 127, '10:15:00', '12:30:00', 0, 3, 9, 1, 1, 1),
	(580, 2, 13, 127, '13:30:00', '15:45:00', 0, 3, 9, 1, 1, 1),
	(581, 2, 14, 8, '07:30:00', '07:45:00', 0, 0, 9, 2, 1, 1),
	(582, 2, 14, 128, '07:45:00', '10:00:00', 0, 3, 9, 1, 1, 1),
	(583, 2, 14, 128, '10:15:00', '12:30:00', 0, 3, 9, 1, 1, 1),
	(584, 2, 14, 128, '13:30:00', '15:45:00', 0, 3, 9, 1, 1, 1),
	(585, 2, 15, 8, '07:30:00', '07:45:00', 0, 0, 9, 2, 1, 1),
	(586, 2, 15, 129, '07:45:00', '10:00:00', 0, 3, 9, 1, 1, 1),
	(587, 2, 15, 129, '10:15:00', '12:30:00', 0, 3, 9, 1, 1, 1),
	(588, 2, 15, 129, '13:30:00', '15:45:00', 0, 3, 9, 1, 1, 1),
	(589, 2, 15, 130, '16:00:00', '18:15:00', 0, 3, 9, 1, 1, 1),
	(590, 2, 16, 7, '05:30:00', '07:00:00', 0, 2, 9, 1, 1, 1),
	(591, 2, 16, 8, '07:30:00', '07:45:00', 0, 0, 9, 2, 1, 1),
	(592, 2, 16, 131, '07:45:00', '10:00:00', 0, 3, 9, 1, 1, 1),
	(593, 2, 16, 132, '10:15:00', '12:30:00', 0, 3, 9, 1, 1, 1),
	(594, 2, 16, 132, '13:30:00', '15:45:00', 0, 3, 9, 1, 1, 1),
	(595, 2, 17, 7, '05:30:00', '07:00:00', 0, 2, 9, 1, 1, 1),
	(596, 2, 17, 8, '07:30:00', '07:45:00', 0, 0, 9, 2, 1, 1),
	(597, 2, 17, 132, '07:45:00', '10:00:00', 0, 3, 9, 1, 1, 1),
	(598, 2, 17, 132, '10:15:00', '12:30:00', 0, 3, 9, 1, 1, 1),
	(599, 2, 17, 132, '13:30:00', '15:45:00', 0, 3, 9, 1, 1, 1),
	(600, 2, 18, 7, '05:30:00', '07:00:00', 0, 2, 9, 1, 1, 1),
	(601, 2, 18, 133, '07:45:00', '10:00:00', 0, 3, 9, 1, 1, 1),
	(602, 2, 18, 134, '10:15:00', '12:30:00', 0, 3, 9, 1, 1, 1),
	(603, 2, 18, 134, '13:30:00', '15:45:00', 0, 3, 9, 1, 1, 1),
	(604, 2, 18, 134, '16:00:00', '18:15:00', 0, 3, 9, 1, 1, 1),
	(605, 2, 19, 8, '07:30:00', '07:45:00', 0, 0, 9, 2, 1, 1),
	(606, 2, 19, 135, '07:45:00', '10:00:00', 0, 3, 9, 1, 1, 1),
	(607, 2, 19, 135, '10:15:00', '12:30:00', 0, 3, 9, 1, 1, 1),
	(608, 2, 19, 135, '13:30:00', '15:45:00', 0, 3, 9, 1, 1, 1),
	(609, 2, 20, 136, '07:45:00', '09:15:00', 0, 2, 9, 1, 1, 1),
	(610, 2, 20, 92, '09:30:00', '11:00:00', 0, 2, 9, 1, 1, 1),
	(611, 2, 21, 92, '07:45:00', '10:00:00', 0, 3, 9, 1, 1, 1),
	(612, 2, 21, 92, '10:15:00', '11:45:00', 0, 2, 9, 1, 1, 1),
	(613, 2, 22, 92, '07:45:00', '10:00:00', 0, 3, 9, 1, 1, 1),
	(614, 2, 22, 92, '10:15:00', '11:45:00', 0, 2, 9, 1, 1, 1),
	(615, 2, 23, 92, '07:45:00', '10:00:00', 0, 3, 9, 1, 1, 1),
	(616, 2, 23, 92, '10:15:00', '11:45:00', 0, 2, 9, 1, 1, 1),
	(617, 2, 24, 92, '07:45:00', '10:00:00', 0, 3, 9, 1, 1, 1),
	(618, 2, 24, 92, '10:15:00', '11:45:00', 0, 2, 9, 1, 1, 1),
	(619, 2, 25, 8, '07:30:00', '07:45:00', 0, 0, 9, 2, 1, 1),
	(620, 2, 25, 137, '07:45:00', '10:00:00', 0, 3, 9, 1, 1, 1),
	(621, 2, 25, 137, '10:15:00', '12:30:00', 0, 3, 9, 1, 1, 1),
	(622, 2, 25, 138, '13:30:00', '15:45:00', 0, 3, 9, 1, 1, 1),
	(623, 2, 26, 8, '07:30:00', '07:45:00', 0, 0, 9, 2, 1, 1),
	(624, 2, 26, 138, '07:45:00', '10:00:00', 0, 3, 9, 1, 1, 1),
	(625, 2, 26, 138, '10:15:00', '12:30:00', 0, 3, 9, 1, 1, 1),
	(626, 2, 26, 138, '13:30:00', '15:45:00', 0, 3, 9, 1, 1, 1),
	(627, 2, 27, 8, '07:30:00', '07:45:00', 0, 0, 9, 2, 1, 1),
	(628, 2, 27, 139, '07:45:00', '10:00:00', 0, 3, 9, 1, 1, 1),
	(629, 2, 27, 139, '10:15:00', '12:30:00', 0, 3, 9, 1, 1, 1),
	(630, 2, 27, 139, '13:30:00', '15:45:00', 0, 3, 9, 1, 1, 1),
	(631, 2, 28, 8, '07:30:00', '07:45:00', 0, 0, 9, 2, 1, 1),
	(632, 2, 28, 139, '07:45:00', '10:00:00', 0, 3, 9, 1, 1, 1),
	(633, 2, 28, 139, '10:15:00', '12:30:00', 0, 3, 9, 1, 1, 1),
	(634, 2, 28, 139, '13:30:00', '15:45:00', 0, 3, 9, 1, 1, 1),
	(635, 2, 29, 140, '08:17:00', '08:17:00', 1, 0, 9, 2, 2, 1),
	(636, 2, 30, 141, '07:45:00', '10:00:00', 0, 3, 9, 1, 1, 1),
	(637, 2, 30, 141, '10:15:00', '12:30:00', 0, 3, 9, 1, 1, 1),
	(638, 2, 30, 141, '13:30:00', '15:45:00', 0, 3, 9, 1, 1, 1),
	(639, 2, 30, 141, '16:00:00', '16:45:00', 0, 1, 9, 1, 1, 1),
	(640, 2, 31, 8, '07:30:00', '07:45:00', 0, 0, 9, 2, 1, 1),
	(641, 2, 31, 116, '07:45:00', '10:00:00', 0, 3, 9, 1, 1, 1),
	(642, 2, 31, 142, '10:15:00', '12:30:00', 0, 2, 9, 1, 1, 1),
	(643, 2, 32, 143, '08:22:00', '08:22:00', 60, 0, 9, 2, 2, 1),
	(644, 2, 33, 8, '07:30:00', '07:45:00', 0, 0, 9, 2, 1, 1),
	(645, 2, 33, 144, '07:45:00', '10:00:00', 0, 3, 9, 1, 1, 1),
	(646, 2, 33, 144, '10:15:00', '12:30:00', 0, 3, 9, 1, 1, 1),
	(647, 2, 33, 144, '13:30:00', '15:45:00', 0, 3, 9, 1, 1, 1),
	(648, 2, 34, 140, '08:25:00', '08:25:00', 1, 0, 9, 1, 2, 1),
	(649, 2, 35, 145, '07:45:00', '10:00:00', 0, 3, 9, 1, 1, 1),
	(650, 2, 35, 145, '10:15:00', '12:30:00', 0, 3, 9, 1, 1, 1),
	(651, 2, 35, 145, '13:30:00', '15:45:00', 0, 3, 9, 1, 1, 1),
	(652, 2, 35, 145, '16:00:00', '16:45:00', 0, 1, 9, 1, 1, 1),
	(653, 2, 36, 8, '07:30:00', '07:45:00', 0, 0, 9, 2, 1, 1),
	(654, 2, 36, 146, '07:45:00', '10:00:00', 0, 3, 9, 1, 1, 1),
	(655, 2, 36, 146, '10:15:00', '12:30:00', 0, 3, 9, 1, 1, 1),
	(656, 2, 37, 8, '07:30:00', '07:45:00', 0, 0, 9, 2, 1, 1),
	(657, 2, 37, 147, '07:45:00', '10:00:00', 0, 3, 9, 1, 1, 1),
	(658, 2, 17, 92, '09:30:00', '11:00:00', 0, 2, 8, 1, 1, 1),
	(659, 2, 18, 92, '10:15:00', '11:45:00', 0, 2, 8, 1, 1, 1),
	(660, 2, 19, 92, '07:45:00', '10:00:00', 0, 3, 8, 1, 1, 1),
	(661, 2, 19, 92, '10:15:00', '11:45:00', 0, 2, 8, 1, 1, 1),
	(662, 2, 20, 92, '07:45:00', '10:00:00', 0, 3, 8, 1, 1, 1),
	(663, 2, 20, 92, '10:15:00', '11:45:00', 0, 2, 8, 1, 1, 1),
	(664, 2, 21, 92, '07:45:00', '10:00:00', 0, 3, 8, 1, 1, 1),
	(665, 2, 21, 92, '10:15:00', '11:45:00', 0, 2, 8, 1, 1, 1),
	(667, 2, 18, 8, '07:30:01', '07:45:00', 0, 0, 9, 2, 1, 1),
	(676, 2, 1, 6, '07:30:01', '09:00:00', 0, 2, 12, 1, 1, 0),
	(682, 2, 2, 150, '09:00:01', '09:45:00', 0, 1, 12, 1, 1, 0),
	(681, 2, 2, 149, '07:30:01', '09:00:00', 0, 2, 12, 1, 1, 0),
	(680, 2, 1, 149, '15:30:01', '17:00:00', 0, 2, 12, 1, 1, 0),
	(679, 2, 1, 148, '13:00:01', '15:15:00', 0, 3, 12, 1, 1, 0),
	(677, 2, 1, 148, '09:00:01', '09:45:00', 0, 1, 12, 1, 1, 0),
	(683, 2, 2, 150, '10:00:01', '11:30:00', 0, 2, 12, 1, 1, 0),
	(678, 2, 1, 148, '10:00:01', '12:15:00', 0, 3, 12, 1, 1, 0),
	(684, 2, 2, 151, '13:00:01', '15:15:00', 0, 3, 12, 1, 1, 0),
	(685, 2, 1, 155, '06:45:01', '07:00:00', 0, 0, 12, 2, 1, 1),
	(686, 2, 1, 3, '07:00:01', '07:30:00', 0, 0, 12, 2, 1, 1),
	(687, 2, 1, 12, '09:45:01', '10:00:00', 0, 0, 12, 2, 1, 1),
	(688, 2, 1, 114, '12:15:01', '13:00:00', 0, 0, 12, 2, 1, 1),
	(689, 2, 1, 12, '15:15:01', '15:30:00', 0, 0, 12, 2, 1, 1),
	(690, 2, 2, 12, '09:45:01', '10:00:00', 0, 0, 12, 2, 1, 1),
	(691, 2, 2, 114, '12:15:01', '13:00:00', 0, 0, 12, 2, 1, 1),
	(692, 2, 2, 12, '15:15:01', '15:30:00', 0, 0, 12, 2, 1, 1),
	(693, 2, 2, 156, '15:30:01', '17:00:00', 0, 2, 12, 1, 1, 1),
	(694, 2, 3, 152, '07:30:01', '09:45:00', 0, 3, 12, 1, 1, 1),
	(695, 2, 3, 12, '09:45:01', '10:00:00', 0, 0, 12, 2, 1, 1),
	(696, 2, 3, 152, '10:00:01', '11:30:00', 0, 2, 12, 1, 1, 1),
	(697, 2, 3, 114, '12:15:01', '13:00:00', 0, 0, 12, 2, 1, 1),
	(698, 2, 3, 152, '13:00:01', '15:15:00', 0, 3, 12, 1, 1, 1),
	(699, 2, 3, 12, '15:15:01', '15:30:00', 0, 0, 12, 2, 1, 1),
	(700, 2, 3, 152, '15:30:01', '17:00:00', 0, 2, 12, 1, 1, 1),
	(701, 2, 4, 153, '07:30:01', '09:45:00', 0, 3, 12, 1, 1, 1),
	(702, 2, 4, 12, '09:45:01', '10:00:00', 0, 0, 12, 2, 1, 1),
	(703, 2, 4, 153, '10:00:01', '12:15:00', 0, 3, 12, 1, 1, 1),
	(704, 2, 4, 114, '12:15:01', '13:00:00', 0, 0, 12, 2, 1, 1),
	(705, 2, 4, 154, '13:00:01', '15:15:00', 0, 3, 12, 1, 1, 1),
	(706, 2, 4, 12, '15:15:01', '15:30:00', 0, 0, 12, 2, 1, 1),
	(707, 2, 4, 154, '15:30:01', '17:45:00', 0, 3, 12, 1, 1, 1),
	(708, 2, 4, 36, '17:45:01', '18:00:00', 0, 0, 12, 2, 1, 1);
/*!40000 ALTER TABLE `tb_mata_pelajaran` ENABLE KEYS */;

-- Dumping structure for table db_diklatlampung.tb_media_type
DROP TABLE IF EXISTS `tb_media_type`;
CREATE TABLE IF NOT EXISTS `tb_media_type` (
  `id` int(11) NOT NULL AUTO_INCREMENT,
  `mediaType` varchar(50) DEFAULT NULL,
  PRIMARY KEY (`id`)
) ENGINE=MyISAM AUTO_INCREMENT=4 DEFAULT CHARSET=utf8;

-- Dumping data for table db_diklatlampung.tb_media_type: 3 rows
DELETE FROM `tb_media_type`;
/*!40000 ALTER TABLE `tb_media_type` DISABLE KEYS */;
INSERT INTO `tb_media_type` (`id`, `mediaType`) VALUES
	(1, 'IMAGE'),
	(2, 'VIDEO'),
	(3, 'NO_MEDIA');
/*!40000 ALTER TABLE `tb_media_type` ENABLE KEYS */;

-- Dumping structure for table db_diklatlampung.tb_menu
DROP TABLE IF EXISTS `tb_menu`;
CREATE TABLE IF NOT EXISTS `tb_menu` (
  `id` int(11) NOT NULL AUTO_INCREMENT,
  `position` int(11) NOT NULL DEFAULT 0,
  `menuCaption` varchar(50) DEFAULT NULL,
  `menuCaption_sl` varchar(50) DEFAULT NULL,
  `menuCaption_el` varchar(50) DEFAULT NULL,
  `menuBehaviorId` int(11) DEFAULT NULL,
  `pagesId` int(11) DEFAULT NULL,
  `url` text DEFAULT NULL,
  `openUrlOnNewTabId` int(11) DEFAULT NULL,
  `publishStatusId` int(11) DEFAULT NULL,
  `onlyMemberId` int(11) DEFAULT NULL,
  PRIMARY KEY (`id`)
) ENGINE=MyISAM AUTO_INCREMENT=20 DEFAULT CHARSET=utf8;

-- Dumping data for table db_diklatlampung.tb_menu: 18 rows
DELETE FROM `tb_menu`;
/*!40000 ALTER TABLE `tb_menu` DISABLE KEYS */;
INSERT INTO `tb_menu` (`id`, `position`, `menuCaption`, `menuCaption_sl`, `menuCaption_el`, `menuBehaviorId`, `pagesId`, `url`, `openUrlOnNewTabId`, `publishStatusId`, `onlyMemberId`) VALUES
	(1, 1, 'Beranda', 'Beranda', '', 3, 0, '', 2, 2, 2),
	(2, 2, 'Widyaiswara', 'Widyaiswara', '', 1, 9991, '', 2, 2, 2),
	(3, 3, 'Kegiatan Diklat', 'Kegiatan Diklat', '', 1, 9992, '', 2, 2, 2),
	(4, 4, 'Bahan Ajar', 'Bahan Ajar', '', 1, 9993, '', 2, 1, 2),
	(5, 9, 'STTPL/Alumni', 'STTPL/Alumni', '', 1, 9994, '', 2, 1, 2),
	(6, 14, 'FAQ', 'FAQ', '', 1, 9995, '', 2, 2, 2),
	(7, 15, 'Contact Us', 'Contact Us', '', 1, 9996, '', 2, 2, 2),
	(8, 16, 'Pendaftaran Diklat', 'Pendaftaran Diklat', '', 1, 9997, '', 2, 1, 1),
	(9, 17, 'User Profile', 'User Profile', '', 1, 9998, '', 2, 2, 1),
	(12, 18, 'Soal Akd', '', '', 1, 99910, '', 2, 1, NULL),
	(11, 6, 'Info Ajar', '', '', 1, 99914, '', 2, 1, NULL),
	(13, 12, 'Rekapitulasi JP', '', '', 1, 99913, '', 2, 1, NULL),
	(14, 7, 'Info Peserta', '', '', 1, 99915, '', 2, 1, NULL),
	(15, 8, 'Statistik Alumni', '', '', 1, 99916, '', 2, 1, NULL),
	(16, 5, 'Info', '', '', 3, 99914, '', 2, 2, NULL),
	(17, 11, 'Alumni', '', '', 3, 0, '', 2, 2, NULL),
	(18, 19, 'Rekapitulasi Peserta', '', '', 1, 99917, '', 2, 1, NULL),
	(19, 13, 'Rekapitulasi', '', '', 3, 0, '', 2, 2, NULL);
/*!40000 ALTER TABLE `tb_menu` ENABLE KEYS */;

-- Dumping structure for table db_diklatlampung.tb_menu_behavior
DROP TABLE IF EXISTS `tb_menu_behavior`;
CREATE TABLE IF NOT EXISTS `tb_menu_behavior` (
  `id` int(11) NOT NULL AUTO_INCREMENT,
  `behavior` varchar(50) DEFAULT NULL,
  PRIMARY KEY (`id`)
) ENGINE=MyISAM AUTO_INCREMENT=4 DEFAULT CHARSET=utf8;

-- Dumping data for table db_diklatlampung.tb_menu_behavior: 3 rows
DELETE FROM `tb_menu_behavior`;
/*!40000 ALTER TABLE `tb_menu_behavior` DISABLE KEYS */;
INSERT INTO `tb_menu_behavior` (`id`, `behavior`) VALUES
	(1, 'OPEN_PAGE'),
	(2, 'GO_TO_URL'),
	(3, 'DROP_SUB_MENU');
/*!40000 ALTER TABLE `tb_menu_behavior` ENABLE KEYS */;

-- Dumping structure for table db_diklatlampung.tb_other_banner
DROP TABLE IF EXISTS `tb_other_banner`;
CREATE TABLE IF NOT EXISTS `tb_other_banner` (
  `id` int(11) NOT NULL AUTO_INCREMENT,
  `pagesId` int(11) NOT NULL DEFAULT 0,
  `title` varchar(50) DEFAULT NULL,
  `title_sl` varchar(50) DEFAULT NULL,
  `title_el` varchar(50) DEFAULT NULL,
  `banner` text DEFAULT NULL,
  `publishStatusId` int(11) DEFAULT NULL,
  PRIMARY KEY (`id`)
) ENGINE=MyISAM AUTO_INCREMENT=19 DEFAULT CHARSET=utf8;

-- Dumping data for table db_diklatlampung.tb_other_banner: 18 rows
DELETE FROM `tb_other_banner`;
/*!40000 ALTER TABLE `tb_other_banner` DISABLE KEYS */;
INSERT INTO `tb_other_banner` (`id`, `pagesId`, `title`, `title_sl`, `title_el`, `banner`, `publishStatusId`) VALUES
	(1, 1, 'Mukadimah', '', '', 'F40B4FB85B300CD7EF28D6533A4F13DB142C156D.png', 2),
	(2, 9991, 'Widyaiswara', '', '', '730BF05639A4644ECB4AE8259EDE21D7FF6982A0.png', 2),
	(3, 3, 'Career', '', '', '651A85A949F5F57E7024E9EA6950AB254652E583.png', 2),
	(4, 9995, 'FAQ', '', '', 'E1326031EA86F3ECF586EB4B88DB8D1CD0ED20F7.png', 2),
	(5, 9992, 'Kegiatan Diklat', '', '', 'F3C8AF66D58C16C092B9E12FDEDA86649A031E8F.png', 2),
	(6, 9994, 'STTPL/Alumni', '', '', 'EFD602A660D73B543AA7B39614CBF9AEB12C4C28.png', 2),
	(7, 9993, 'Bahan Ajar', '', '', 'D848C4D5451919E993EE3E7E4EAC0F82755D0C1E.png', 2),
	(8, 9996, 'Contact Us', '', '', '643AD017180FB001F06ADA424D1B09D3FA63FDC8.jpeg', 2),
	(9, 2, 'Persyaratan', '', '', 'E0E10BAC8C289B7AA6E21EC880639C23D6E96366.png', 2),
	(10, 9997, 'Pendaftaran Diklat', '', '', '2163F379D8D8C495C9AD973EA350237F7B0CFD91.png', 2),
	(11, 9998, 'User Profile', '', '', 'AD0122D120D1609D9D530937E66E1AECFBB28F6A.png', 2),
	(12, 9999, 'Verifikasi', '', '', 'EB381256DF81F509B7F7821CB78782B374FCF71E.png', 2),
	(13, 99910, 'AKD', '', '', 'C9052DF113DB9618F7A7C18F56EEAE506F30193C.png', 2),
	(14, 99913, 'Rekapitulasi JP', '', '', 'A5976458627A1CC9D16C1AC21FD76969C6D1E494.png', 2),
	(15, 99914, 'Info Ajar', '', '', '2286BECC45AAE63C6C19A35B30B86F2F754A82DD.png', 2),
	(16, 99915, ' Statistik Data Pelatihan', '', '', 'A6CC16F5894D1C06A3421F2E7EA3ECD93428E853.png', 2),
	(17, 99916, ' Statistik Alumni Diklat', '', '', '1C7FF9E90614126433DF58D2F3991535E39AFDAF.png', 2),
	(18, 99917, ' Rekapitulasi Peserta', '', '', '13A18CC0293528579C5FDBFF9B48B6813FEB3CA6.png', 2);
/*!40000 ALTER TABLE `tb_other_banner` ENABLE KEYS */;

-- Dumping structure for table db_diklatlampung.tb_pages
DROP TABLE IF EXISTS `tb_pages`;
CREATE TABLE IF NOT EXISTS `tb_pages` (
  `id` int(11) NOT NULL AUTO_INCREMENT,
  `position` int(11) DEFAULT NULL,
  `title` varchar(50) DEFAULT NULL,
  `title_sl` varchar(50) DEFAULT NULL,
  `title_el` varchar(50) DEFAULT NULL,
  `mediaTypeId` int(11) DEFAULT NULL,
  `contentLayoutId` int(11) DEFAULT NULL,
  `image` varchar(50) DEFAULT NULL,
  `videoEmbed` text DEFAULT NULL,
  `description` text DEFAULT NULL,
  `description_sl` text DEFAULT NULL,
  `description_el` text DEFAULT NULL,
  `moreDescription` text DEFAULT NULL,
  `moreDescription_sl` text DEFAULT NULL,
  `moreDescription_el` text DEFAULT NULL,
  `publishStatusId` int(11) DEFAULT NULL,
  PRIMARY KEY (`id`)
) ENGINE=MyISAM AUTO_INCREMENT=6 DEFAULT CHARSET=utf8;

-- Dumping data for table db_diklatlampung.tb_pages: 2 rows
DELETE FROM `tb_pages`;
/*!40000 ALTER TABLE `tb_pages` DISABLE KEYS */;
INSERT INTO `tb_pages` (`id`, `position`, `title`, `title_sl`, `title_el`, `mediaTypeId`, `contentLayoutId`, `image`, `videoEmbed`, `description`, `description_sl`, `description_el`, `moreDescription`, `moreDescription_sl`, `moreDescription_el`, `publishStatusId`) VALUES
	(3, 2, 'Panduan Pendaftaran Peserta Pelatihan', '', '', 2, 0, '', '<iframe width="560" height="315" src="https://www.youtube.com/embed/61vnXsltyIY" frameborder="0" allow="accelerometer; autoplay; encrypted-media; gyroscope; picture-in-picture" allowfullscreen></iframe>', '<h4>&nbsp;</h4>\n<h4><strong>Langkah - Langkah&nbsp;Pendaftaran :</strong></h4>\n<ol>\n<li>Buat Akun baru jika belum punya Akun&nbsp;dengan klik link "Buat Akun" di sebelah kiri</li>\n<li>Validasi Email Anda, silahkan cek "Kotak Masuk /Inbox" pada email dan klik link untuk memvalidasi</li>\n<li>Login akun Anda pada Form Login, masukkan NIP/NIK &amp; Kata Sandi lalu tekan tombol "Login" pelatihan.</li>\n<li>Pilih menu "Kegiatan Diklat" kemudian cari pelatihan yang akan diikuti&nbsp;dan klik icon pada&nbsp;kolom "Daftar"</li>\n<li>Lengkapi form yang ada kemudian periksa data yang anda masukan lalu tekan tombol simpan. Form akan secara otomatis tercetak.</li>\n</ol>\n<hr />\n<h4><strong>Catatan :</strong></h4>\n<ul>\n<li>Calon peserta wajib mengisi kolom yang berbintang (<a>*</a>).</li>\n<li>Mengunggah surat tugas berformat .pdf ukuran file kurang dari 500 kb.</li>\n<li>Pendafataran ulang dilakukan di BPSDMD dengan membawa hasil cetakan saat pendaftaran online.</li>\n<li>PERHATIAN : bagi yang belum mengunggah surat tugas &amp; berkas pendukung pada saat pendaftaran online di wajibkan membawa saat registrasi ulang.</li>\n<li>Ketentuan Foto:\n<ul>\n<li>Foto memakai kemeja putih berdasi.</li>\n<li>Bagi yang berjilbab, pakai jilbab polos warna hitam/putih.</li>\n<li>Latar belakang foto berwarna merah.</li>\n</ul>\n</li>\n<li>Apabila terdapat pertanyaan, kendala, atau membutuhkan informasi lebih lanjut silahkan menghubungi Contact Center (Whatsapp) : 0812-7341-4040</li>\n</ul>\n<hr />\n<p>&nbsp;</p>', '', '', '', '', '', 2),
	(1, 2, 'Tentang Kami', '', '', 1, 2, 'E298B5E0330511E31AFE1BEFC53098B93394CA1F.jpeg', '', '<p>BPSDM Provinsi Lampung bertugas Melaksanakan Pengembangan sumber daya manusia aparatur dan non aparatur guna mendukung target pembangunan daerah di bidang penyelenggaraan urusan pemerintahan yang menjadi kewenangan pemerintahan daerah provinsi dan kabupaten/kota sesuai dengan ketentuan peraturan perundang-undangan yang berlaku.</p>\n<p>&nbsp;</p>\n<p>&nbsp;</p>\n<p>&nbsp;</p>\n<header class="entry-header">\n<h1 class="entry-title">Regulasi Pelatihan</h1>\n</header>\n<div class="entry-content clearfix">\n<div class="field field-name-body field-type-text-with-summary field-label-hidden">\n<div class="field-items">\n<div class="field-item even">\n<ol>\n<li>Peraturan Menteri Dalam Negeri Republik Indonesia Nomor&nbsp; 2&nbsp; Tahun &nbsp;2013 tentang Pedoman Pengembangan Sistem Pendidikan dan Pelatihan Berbasis Kompetensi di Lingkungan Kementerian Dalam Negeri dan Pemerintahan Daerah</li>\n<li>Peraturan Menteri Pendayagunaan Aparatur Negara dan Reformasi Birokrasi Republik Indonesia Nomor 22 Tahun 2014 tentang Jabatan Fungsional Widyaiswara dan Angka Kreditnya</li>\n<li>Peraturan Bersama Kepala LAN dan Kepala BKN Nomor 1 Tahun 2015 dan Nomor 8 Tahun 2015 tentang Ketentuan Pelaksanaan Peraturan Menteri Pendayagunaan Aparatur Negara dan Reformasi Birokrasi Republik Indonesia Nomor 22 Tahun 2014 tentang Jabatan Fungsional Widyaiswara dan Angka Kreditnya</li>\n<li>Peraturan Kepala LAN Nomor 10 Tahun 2015 Tentang Pedoman Penyelenggaraan Diklat Prajabatan CPNS Golongan I, Golongan II, dan/atau Golongan III yang diangkat dari Tenaga Honorer Kategori 1 dan/atau Kategori 2</li>\n<li>Peraturan Kepala LAN No.15&nbsp;Tahun 2015 tentang Pedoman Penyelenggaraan Diklat Prajabatan CPNS Gol. II</li>\n<li>Peraturan Kepala LAN No.16&nbsp;Tahun 2015 tentang Pedoman Penyelenggaraan Diklat Prajabatan CPNS Gol. I &amp; II</li>\n<li>Peraturan Kepala LAN No.18&nbsp;Tahun 2015 tentang Pedoman Penyelenggaraan Diklat Kepemimpinan Tingkat II</li>\n<li>Peraturan Kepala LAN No.19&nbsp;Tahun 2015 tentang Pedoman Penyelenggaraan Diklat Kepemimpinan Tingkat III</li>\n<li>Peraturan Kepala LAN No.20&nbsp;Tahun 2015 tentang Pedoman Penyelenggaraan Diklat Kepemimpinan Tingkat IV</li>\n<li>Peraturan Kepala LAN No. 26 Tahun 2015 tentang Pedoman Penilaian Angka Kredit&nbsp; Jabatan Fungsional Widyaiswara</li>\n<li>Peraturan Kepala LAN Nomor 3 Tahun 2013 Tentang Pedoman Penyelenggaraan Pendidikan dan Pelatihan Teknis Analisis Kebutuhan Pendidikan dan Pelatihan (Training Needs Assessment/TNA)</li>\n<li>Peraturan Kepala LAN Nomor 5 tahun 2013 Tentang Pedoman Umum Penyelenggaraan Pendidikan dan Pelatihan Pengelola Diklat ( Management OF Training MOT)</li>\n<li>Peraturan Kepala LAN Nomor 13 tahun 2011 Tentang Pedoman Umum Penyelenggaraan Pendidikan dan Pelatihan Teknis</li>\n<li>Peraturan Kepala LAN Nomor 15 tahun 2011 Tentang Pedoman Umum Penyelenggaraan Pendidikan dan Pelatihan Fungsional</li>\n<li>Peraturan Kepala LAN Nomor 2 Tahun 2019 tentang Pelatihan Kepemimpinan Nasional Tingkat II</li>\n</ol>\n</div>\n</div>\n</div>\n</div>', '', '', '', '', '', 2);
/*!40000 ALTER TABLE `tb_pages` ENABLE KEYS */;

-- Dumping structure for table db_diklatlampung.tb_page_type
DROP TABLE IF EXISTS `tb_page_type`;
CREATE TABLE IF NOT EXISTS `tb_page_type` (
  `id` int(11) NOT NULL AUTO_INCREMENT,
  `pageType` varchar(50) DEFAULT NULL,
  PRIMARY KEY (`id`)
) ENGINE=MyISAM AUTO_INCREMENT=3 DEFAULT CHARSET=utf8;

-- Dumping data for table db_diklatlampung.tb_page_type: 2 rows
DELETE FROM `tb_page_type`;
/*!40000 ALTER TABLE `tb_page_type` DISABLE KEYS */;
INSERT INTO `tb_page_type` (`id`, `pageType`) VALUES
	(1, 'REGULAR_PAGE'),
	(2, 'SYSTEM_PAGE');
/*!40000 ALTER TABLE `tb_page_type` ENABLE KEYS */;

-- Dumping structure for table db_diklatlampung.tb_pangkat_golongan
DROP TABLE IF EXISTS `tb_pangkat_golongan`;
CREATE TABLE IF NOT EXISTS `tb_pangkat_golongan` (
  `id` int(11) NOT NULL AUTO_INCREMENT,
  `pangkatGolongan` varchar(200) DEFAULT NULL,
  PRIMARY KEY (`id`)
) ENGINE=MyISAM AUTO_INCREMENT=17 DEFAULT CHARSET=utf8;

-- Dumping data for table db_diklatlampung.tb_pangkat_golongan: 9 rows
DELETE FROM `tb_pangkat_golongan`;
/*!40000 ALTER TABLE `tb_pangkat_golongan` DISABLE KEYS */;
INSERT INTO `tb_pangkat_golongan` (`id`, `pangkatGolongan`) VALUES
	(9, 'Pembina Utama Madya	(IV/d)'),
	(8, 'Pembina Utama (IV/e)'),
	(10, 'Pembina Utama Muda (IV/c)'),
	(11, 'Pembina Tingkat I (IV/b)'),
	(12, 'Pembina (IV/a)'),
	(13, 'Penata Tingkat I (III/d)'),
	(14, 'Penata (III/c)'),
	(15, 'Penata Muda Tingkat I (III/b)'),
	(16, 'Penata Muda (III/a)');
/*!40000 ALTER TABLE `tb_pangkat_golongan` ENABLE KEYS */;

-- Dumping structure for table db_diklatlampung.tb_pendaftaran_diklat
DROP TABLE IF EXISTS `tb_pendaftaran_diklat`;
CREATE TABLE IF NOT EXISTS `tb_pendaftaran_diklat` (
  `id` int(11) NOT NULL AUTO_INCREMENT,
  `kodePeserta` varchar(50) DEFAULT NULL,
  `diklatId` int(11) DEFAULT NULL,
  `akunId` int(11) DEFAULT NULL,
  `statusUpload` varchar(50) DEFAULT NULL,
  PRIMARY KEY (`id`)
) ENGINE=MyISAM AUTO_INCREMENT=21 DEFAULT CHARSET=utf8;

-- Dumping data for table db_diklatlampung.tb_pendaftaran_diklat: 0 rows
DELETE FROM `tb_pendaftaran_diklat`;
/*!40000 ALTER TABLE `tb_pendaftaran_diklat` DISABLE KEYS */;
/*!40000 ALTER TABLE `tb_pendaftaran_diklat` ENABLE KEYS */;

-- Dumping structure for table db_diklatlampung.tb_pendaftaran_diklat_berkas
DROP TABLE IF EXISTS `tb_pendaftaran_diklat_berkas`;
CREATE TABLE IF NOT EXISTS `tb_pendaftaran_diklat_berkas` (
  `id` int(11) NOT NULL AUTO_INCREMENT,
  `pendaftaranDiklatId` int(11) DEFAULT NULL,
  `berkasPendaftaranId` int(11) DEFAULT NULL,
  `berkas` varchar(100) DEFAULT NULL,
  `status` varchar(20) DEFAULT NULL,
  PRIMARY KEY (`id`)
) ENGINE=MyISAM AUTO_INCREMENT=62 DEFAULT CHARSET=utf8 ROW_FORMAT=DYNAMIC;

-- Dumping data for table db_diklatlampung.tb_pendaftaran_diklat_berkas: 0 rows
DELETE FROM `tb_pendaftaran_diklat_berkas`;
/*!40000 ALTER TABLE `tb_pendaftaran_diklat_berkas` DISABLE KEYS */;
/*!40000 ALTER TABLE `tb_pendaftaran_diklat_berkas` ENABLE KEYS */;

-- Dumping structure for table db_diklatlampung.tb_pendidikan_terakhir
DROP TABLE IF EXISTS `tb_pendidikan_terakhir`;
CREATE TABLE IF NOT EXISTS `tb_pendidikan_terakhir` (
  `id` int(11) NOT NULL AUTO_INCREMENT,
  `pendidikanTerakhir` varchar(50) DEFAULT NULL,
  PRIMARY KEY (`id`)
) ENGINE=MyISAM AUTO_INCREMENT=13 DEFAULT CHARSET=utf8;

-- Dumping data for table db_diklatlampung.tb_pendidikan_terakhir: 9 rows
DELETE FROM `tb_pendidikan_terakhir`;
/*!40000 ALTER TABLE `tb_pendidikan_terakhir` DISABLE KEYS */;
INSERT INTO `tb_pendidikan_terakhir` (`id`, `pendidikanTerakhir`) VALUES
	(6, 'S3'),
	(5, 'S2'),
	(4, 'S1'),
	(7, 'SMP Sederajat'),
	(8, 'SMA Sederajat'),
	(9, 'D-I'),
	(10, 'D-II'),
	(11, 'D-III'),
	(12, 'D-IV');
/*!40000 ALTER TABLE `tb_pendidikan_terakhir` ENABLE KEYS */;

-- Dumping structure for table db_diklatlampung.tb_pengajar_diklat
DROP TABLE IF EXISTS `tb_pengajar_diklat`;
CREATE TABLE IF NOT EXISTS `tb_pengajar_diklat` (
  `id` int(11) NOT NULL AUTO_INCREMENT,
  `position` int(11) DEFAULT NULL,
  `publishStatusId` int(11) DEFAULT NULL,
  `foto` varchar(50) DEFAULT NULL,
  `nama` varchar(50) DEFAULT NULL,
  `deskripsi` text DEFAULT NULL,
  PRIMARY KEY (`id`)
) ENGINE=MyISAM AUTO_INCREMENT=9 DEFAULT CHARSET=utf8;

-- Dumping data for table db_diklatlampung.tb_pengajar_diklat: 5 rows
DELETE FROM `tb_pengajar_diklat`;
/*!40000 ALTER TABLE `tb_pengajar_diklat` DISABLE KEYS */;
INSERT INTO `tb_pengajar_diklat` (`id`, `position`, `publishStatusId`, `foto`, `nama`, `deskripsi`) VALUES
	(1, 2, 2, '334D13E85B79EEB40DA650F576DADA597BD936DF.jpeg', 'Drs. M. Nurdian Sandri', '<p>WI dibidang&nbsp;Ilmu Statistik &amp; Manajemen</p>'),
	(5, 5, 2, '', 'Ivo Miduwanto SKM, M.Kes', '<p>Tenaga Ahli dibidang kesehatan. Telah mendapatkan Nobel. Seorang lulusan S2 Oxford University.</p>'),
	(6, 6, 2, '', 'Yaya Hidayati, SH, MPH', '<p>Lulusan S2 UI.&nbsp;</p>'),
	(7, 7, 2, '', 'Dra. Ani Nurdiani, M.Kes', '<p>Pengajar di bidang Ilmu Kesehatan.</p>'),
	(8, 8, 2, '', 'Panitia', '<p>Panitia Diklat PIM</p>');
/*!40000 ALTER TABLE `tb_pengajar_diklat` ENABLE KEYS */;

-- Dumping structure for table db_diklatlampung.tb_pertanyaan
DROP TABLE IF EXISTS `tb_pertanyaan`;
CREATE TABLE IF NOT EXISTS `tb_pertanyaan` (
  `id` int(11) NOT NULL AUTO_INCREMENT,
  `nama` varchar(50) DEFAULT NULL,
  `email` varchar(50) DEFAULT NULL,
  `pertanyaan` text DEFAULT NULL,
  `postedOn` datetime DEFAULT NULL,
  PRIMARY KEY (`id`)
) ENGINE=MyISAM AUTO_INCREMENT=7 DEFAULT CHARSET=utf8;

-- Dumping data for table db_diklatlampung.tb_pertanyaan: 6 rows
DELETE FROM `tb_pertanyaan`;
/*!40000 ALTER TABLE `tb_pertanyaan` DISABLE KEYS */;
INSERT INTO `tb_pertanyaan` (`id`, `nama`, `email`, `pertanyaan`, `postedOn`) VALUES
	(1, 'Roni Martabak', 'roni@martabak.com', 'Saya mau tanya tentang kapan diklat dimulai?', '2016-04-18 03:13:04'),
	(2, 'Hiten Mitsurugi', 'hiten@mitsurugi.com', 'Pertanyaan klasik nih...\nbolehkah saya bertanya?', '2016-04-18 03:13:53'),
	(3, 'Nasiroh Yusepti', 'nasiroh@yusepti', 'Kamu tanya saya jawab?\n', '2016-04-18 03:14:46'),
	(4, 'Hosigaki Kisame', 'hosigake@kisame.com', 'Saya\nadalah patner itachi\nkamu tau ga kelemahan itachi?', '2016-04-18 03:15:26'),
	(5, 'Momogi', 'snack@momogi.com', 'Disini jual snack ga?', '2016-04-18 03:15:55'),
	(6, 'rina', 'rina@gmail.com', 'nanya aja', '2016-04-21 13:44:03');
/*!40000 ALTER TABLE `tb_pertanyaan` ENABLE KEYS */;

-- Dumping structure for table db_diklatlampung.tb_publish_status
DROP TABLE IF EXISTS `tb_publish_status`;
CREATE TABLE IF NOT EXISTS `tb_publish_status` (
  `id` int(11) NOT NULL AUTO_INCREMENT,
  `publishStatus` varchar(50) DEFAULT NULL,
  PRIMARY KEY (`id`)
) ENGINE=MyISAM AUTO_INCREMENT=3 DEFAULT CHARSET=utf8;

-- Dumping data for table db_diklatlampung.tb_publish_status: 2 rows
DELETE FROM `tb_publish_status`;
/*!40000 ALTER TABLE `tb_publish_status` DISABLE KEYS */;
INSERT INTO `tb_publish_status` (`id`, `publishStatus`) VALUES
	(1, 'Draft'),
	(2, 'Publish');
/*!40000 ALTER TABLE `tb_publish_status` ENABLE KEYS */;

-- Dumping structure for table db_diklatlampung.tb_regional
DROP TABLE IF EXISTS `tb_regional`;
CREATE TABLE IF NOT EXISTS `tb_regional` (
  `id` int(11) NOT NULL AUTO_INCREMENT,
  `regional` varchar(50) DEFAULT NULL,
  PRIMARY KEY (`id`)
) ENGINE=MyISAM AUTO_INCREMENT=16 DEFAULT CHARSET=utf8;

-- Dumping data for table db_diklatlampung.tb_regional: 2 rows
DELETE FROM `tb_regional`;
/*!40000 ALTER TABLE `tb_regional` DISABLE KEYS */;
INSERT INTO `tb_regional` (`id`, `regional`) VALUES
	(5, 'Lampung'),
	(6, 'Jawa Barat1');
/*!40000 ALTER TABLE `tb_regional` ENABLE KEYS */;

-- Dumping structure for table db_diklatlampung.tb_seo
DROP TABLE IF EXISTS `tb_seo`;
CREATE TABLE IF NOT EXISTS `tb_seo` (
  `id` int(11) NOT NULL AUTO_INCREMENT,
  `pagesId` int(11) NOT NULL DEFAULT 0,
  `description` text DEFAULT NULL,
  PRIMARY KEY (`id`)
) ENGINE=MyISAM AUTO_INCREMENT=12 DEFAULT CHARSET=utf8;

-- Dumping data for table db_diklatlampung.tb_seo: 5 rows
DELETE FROM `tb_seo`;
/*!40000 ALTER TABLE `tb_seo` DISABLE KEYS */;
INSERT INTO `tb_seo` (`id`, `pagesId`, `description`) VALUES
	(4, 2, 'tes aja'),
	(5, 1, 'Ini page service isi seo nya'),
	(6, 9991, 'Diklat lampung Widyaiswara dan tenaga pengajar'),
	(10, 9990, 'ub ini home'),
	(11, 9994, 'alumni diklat');
/*!40000 ALTER TABLE `tb_seo` ENABLE KEYS */;

-- Dumping structure for table db_diklatlampung.tb_seo_keywords
DROP TABLE IF EXISTS `tb_seo_keywords`;
CREATE TABLE IF NOT EXISTS `tb_seo_keywords` (
  `id` int(11) NOT NULL AUTO_INCREMENT,
  `seoId` int(11) NOT NULL DEFAULT 0,
  `keywords` text DEFAULT NULL,
  PRIMARY KEY (`id`)
) ENGINE=MyISAM AUTO_INCREMENT=24 DEFAULT CHARSET=utf8;

-- Dumping data for table db_diklatlampung.tb_seo_keywords: 10 rows
DELETE FROM `tb_seo_keywords`;
/*!40000 ALTER TABLE `tb_seo_keywords` DISABLE KEYS */;
INSERT INTO `tb_seo_keywords` (`id`, `seoId`, `keywords`) VALUES
	(7, 4, 'cd'),
	(6, 4, 'ab'),
	(15, 5, 'key1'),
	(14, 5, 'key 2'),
	(22, 6, 'tenaga pengajar'),
	(18, 7, 'key home1'),
	(19, 7, 'home2'),
	(20, 10, 'key1'),
	(21, 10, 'key3'),
	(23, 6, 'widyaiswara');
/*!40000 ALTER TABLE `tb_seo_keywords` ENABLE KEYS */;

-- Dumping structure for table db_diklatlampung.tb_soal_akd
DROP TABLE IF EXISTS `tb_soal_akd`;
CREATE TABLE IF NOT EXISTS `tb_soal_akd` (
  `id` int(11) NOT NULL AUTO_INCREMENT,
  `tanggalPembuatan` date DEFAULT NULL,
  `tanggalPengisian` date DEFAULT NULL,
  `jabatan` varchar(200) DEFAULT NULL,
  `unitKerja` varchar(200) DEFAULT NULL,
  `instansi` varchar(200) DEFAULT NULL,
  `akunId` int(11) DEFAULT NULL,
  `kedudukanId` int(11) DEFAULT NULL,
  `telahDijawabId` int(11) DEFAULT NULL,
  PRIMARY KEY (`id`)
) ENGINE=MyISAM AUTO_INCREMENT=7 DEFAULT CHARSET=utf8;

-- Dumping data for table db_diklatlampung.tb_soal_akd: 1 rows
DELETE FROM `tb_soal_akd`;
/*!40000 ALTER TABLE `tb_soal_akd` DISABLE KEYS */;
INSERT INTO `tb_soal_akd` (`id`, `tanggalPembuatan`, `tanggalPengisian`, `jabatan`, `unitKerja`, `instansi`, `akunId`, `kedudukanId`, `telahDijawabId`) VALUES
	(6, '2020-05-05', NULL, 'sa', 'dsa', 'dsa', 20, 3, 1);
/*!40000 ALTER TABLE `tb_soal_akd` ENABLE KEYS */;

-- Dumping structure for table db_diklatlampung.tb_soal_akd_rumusan_kompetensi
DROP TABLE IF EXISTS `tb_soal_akd_rumusan_kompetensi`;
CREATE TABLE IF NOT EXISTS `tb_soal_akd_rumusan_kompetensi` (
  `id` int(11) NOT NULL AUTO_INCREMENT,
  `soalAkdId` int(11) DEFAULT NULL,
  `rumusanKompetensi` text DEFAULT NULL,
  `tingkatKesanggupanId` int(11) DEFAULT NULL,
  PRIMARY KEY (`id`)
) ENGINE=MyISAM AUTO_INCREMENT=34 DEFAULT CHARSET=utf8;

-- Dumping data for table db_diklatlampung.tb_soal_akd_rumusan_kompetensi: 18 rows
DELETE FROM `tb_soal_akd_rumusan_kompetensi`;
/*!40000 ALTER TABLE `tb_soal_akd_rumusan_kompetensi` DISABLE KEYS */;
INSERT INTO `tb_soal_akd_rumusan_kompetensi` (`id`, `soalAkdId`, `rumusanKompetensi`, `tingkatKesanggupanId`) VALUES
	(1, 1, 'soal 1', 1),
	(2, 1, 'soal 2', 3),
	(8, 2, 'ini rumus 2', 3),
	(7, 2, 'ini rumus 1', 2),
	(17, 3, 'tanya 3', 4),
	(16, 3, 'tanya 2', 2),
	(15, 3, 'tanya 1', 3),
	(18, 3, 'tanya 4', 4),
	(19, 3, 'tanya 5', 1),
	(20, 3, 'tanya 6', 2),
	(28, 4, 'BBB', 2),
	(27, 4, 'ASDF', 1),
	(26, 4, 'GFDG', 3),
	(29, 4, 'MMM', 1),
	(30, 4, 'RRR', 2),
	(31, 5, 'ax', NULL),
	(32, 6, 'dsad', NULL),
	(33, 6, 'dsadfds', NULL);
/*!40000 ALTER TABLE `tb_soal_akd_rumusan_kompetensi` ENABLE KEYS */;

-- Dumping structure for table db_diklatlampung.tb_social_network
DROP TABLE IF EXISTS `tb_social_network`;
CREATE TABLE IF NOT EXISTS `tb_social_network` (
  `id` int(11) NOT NULL AUTO_INCREMENT,
  `facebookPage` varchar(255) DEFAULT NULL,
  `twitterPage` varchar(255) DEFAULT NULL,
  `googlePlusPage` varchar(255) DEFAULT NULL,
  `instagramPage` varchar(255) DEFAULT NULL,
  PRIMARY KEY (`id`)
) ENGINE=MyISAM AUTO_INCREMENT=2 DEFAULT CHARSET=utf8;

-- Dumping data for table db_diklatlampung.tb_social_network: 1 rows
DELETE FROM `tb_social_network`;
/*!40000 ALTER TABLE `tb_social_network` DISABLE KEYS */;
INSERT INTO `tb_social_network` (`id`, `facebookPage`, `twitterPage`, `googlePlusPage`, `instagramPage`) VALUES
	(1, 'https://www.facebook.com/pages/BPSDM-Provinsi-Lampung/260853434384417', 'https://twitter.com/BpsdmLampung', 'http://www.googleplus.com', 'https://www.instagram.com/bpsdmlampung/?hl=id');
/*!40000 ALTER TABLE `tb_social_network` ENABLE KEYS */;

-- Dumping structure for table db_diklatlampung.tb_status_akun
DROP TABLE IF EXISTS `tb_status_akun`;
CREATE TABLE IF NOT EXISTS `tb_status_akun` (
  `id` int(11) NOT NULL AUTO_INCREMENT,
  `statusAkun` varchar(50) DEFAULT NULL,
  PRIMARY KEY (`id`)
) ENGINE=MyISAM AUTO_INCREMENT=4 DEFAULT CHARSET=utf8;

-- Dumping data for table db_diklatlampung.tb_status_akun: 3 rows
DELETE FROM `tb_status_akun`;
/*!40000 ALTER TABLE `tb_status_akun` DISABLE KEYS */;
INSERT INTO `tb_status_akun` (`id`, `statusAkun`) VALUES
	(1, 'Pending'),
	(2, 'Active'),
	(3, 'Suspend');
/*!40000 ALTER TABLE `tb_status_akun` ENABLE KEYS */;

-- Dumping structure for table db_diklatlampung.tb_status_diklat
DROP TABLE IF EXISTS `tb_status_diklat`;
CREATE TABLE IF NOT EXISTS `tb_status_diklat` (
  `id` int(11) NOT NULL AUTO_INCREMENT,
  `statusDiklat` varchar(50) DEFAULT NULL,
  PRIMARY KEY (`id`)
) ENGINE=MyISAM AUTO_INCREMENT=3 DEFAULT CHARSET=utf8;

-- Dumping data for table db_diklatlampung.tb_status_diklat: 2 rows
DELETE FROM `tb_status_diklat`;
/*!40000 ALTER TABLE `tb_status_diklat` DISABLE KEYS */;
INSERT INTO `tb_status_diklat` (`id`, `statusDiklat`) VALUES
	(1, 'Buka'),
	(2, 'Tutup');
/*!40000 ALTER TABLE `tb_status_diklat` ENABLE KEYS */;

-- Dumping structure for table db_diklatlampung.tb_sttpl_alumni
DROP TABLE IF EXISTS `tb_sttpl_alumni`;
CREATE TABLE IF NOT EXISTS `tb_sttpl_alumni` (
  `id` int(11) NOT NULL AUTO_INCREMENT,
  `judul` varchar(50) DEFAULT NULL,
  `pengantar` text DEFAULT NULL,
  PRIMARY KEY (`id`)
) ENGINE=MyISAM AUTO_INCREMENT=2 DEFAULT CHARSET=utf8;

-- Dumping data for table db_diklatlampung.tb_sttpl_alumni: 1 rows
DELETE FROM `tb_sttpl_alumni`;
/*!40000 ALTER TABLE `tb_sttpl_alumni` DISABLE KEYS */;
INSERT INTO `tb_sttpl_alumni` (`id`, `judul`, `pengantar`) VALUES
	(1, 'STTPL/Alumni', '<p>text here...</p>');
/*!40000 ALTER TABLE `tb_sttpl_alumni` ENABLE KEYS */;

-- Dumping structure for table db_diklatlampung.tb_sub_menu
DROP TABLE IF EXISTS `tb_sub_menu`;
CREATE TABLE IF NOT EXISTS `tb_sub_menu` (
  `id` int(11) NOT NULL AUTO_INCREMENT,
  `menuId` int(11) DEFAULT NULL,
  `subMenuCaption` varchar(50) DEFAULT NULL,
  `subMenuCaption_sl` varchar(50) DEFAULT NULL,
  `subMenuCaption_el` varchar(50) DEFAULT NULL,
  `subMenuBehaviorId` int(11) DEFAULT NULL,
  `pagesId` int(11) DEFAULT NULL,
  `url` text DEFAULT NULL,
  `openUrlOnNewTabId` int(11) DEFAULT NULL,
  PRIMARY KEY (`id`)
) ENGINE=MyISAM AUTO_INCREMENT=153 DEFAULT CHARSET=utf8;

-- Dumping data for table db_diklatlampung.tb_sub_menu: 11 rows
DELETE FROM `tb_sub_menu`;
/*!40000 ALTER TABLE `tb_sub_menu` DISABLE KEYS */;
INSERT INTO `tb_sub_menu` (`id`, `menuId`, `subMenuCaption`, `subMenuCaption_sl`, `subMenuCaption_el`, `subMenuBehaviorId`, `pagesId`, `url`, `openUrlOnNewTabId`) VALUES
	(48, 7, 'test', NULL, NULL, 1, 1, '', 2),
	(47, 7, 'Facebook', NULL, NULL, 2, 0, 'http://www.facebook.com', 1),
	(46, 7, 'Google', NULL, NULL, 2, 0, 'http://google.com', 2),
	(152, 1, 'Cara Mendaftar', 'Cara Mendaftar', '', 1, 3, '', 2),
	(151, 1, 'Tentang Kami', 'Menu Utama', '', 1, 9990, '', 2),
	(142, 16, 'Info Peserta', '', '', 1, 99915, '', 2),
	(141, 16, 'Info Ajar', '', '', 1, 99914, '', 2),
	(144, 17, 'STTPL/Alumni', '', '', 1, 9994, '', 2),
	(145, 17, ' Statistik Alumni', '', '', 1, 99916, '', 2),
	(146, 19, 'Rekapitulasi JP', '', '', 1, 99913, '', 2),
	(147, 19, 'Rekapitulasi Peserta', '', '', 1, 99917, '', 2);
/*!40000 ALTER TABLE `tb_sub_menu` ENABLE KEYS */;

-- Dumping structure for table db_diklatlampung.tb_system_pages
DROP TABLE IF EXISTS `tb_system_pages`;
CREATE TABLE IF NOT EXISTS `tb_system_pages` (
  `id` int(11) NOT NULL AUTO_INCREMENT,
  `title` varchar(50) DEFAULT NULL,
  `title_sl` varchar(50) DEFAULT NULL,
  `title_el` varchar(50) DEFAULT NULL,
  `uri` varchar(50) DEFAULT NULL,
  PRIMARY KEY (`id`)
) ENGINE=MyISAM AUTO_INCREMENT=18 DEFAULT CHARSET=utf8;

-- Dumping data for table db_diklatlampung.tb_system_pages: 17 rows
DELETE FROM `tb_system_pages`;
/*!40000 ALTER TABLE `tb_system_pages` DISABLE KEYS */;
INSERT INTO `tb_system_pages` (`id`, `title`, `title_sl`, `title_el`, `uri`) VALUES
	(1, 'Widyaiswara', NULL, NULL, 'widyaiswara'),
	(2, 'Kegiatan Diklat', NULL, NULL, 'kegiatan_diklat'),
	(3, 'Bahan Ajar', NULL, NULL, 'bahan_ajar'),
	(4, 'STTPL/Alumni', NULL, NULL, 'sttpl_alumni'),
	(5, 'FAQ', NULL, NULL, 'faq'),
	(6, 'Contact Us', NULL, NULL, 'contact_us'),
	(7, 'Pendaftaran Diklat', NULL, NULL, 'pendaftaran_diklat'),
	(8, 'User Profile', NULL, NULL, 'user_profile'),
	(9, 'Verifikasi', NULL, NULL, 'verifikasi'),
	(10, 'AKD', NULL, NULL, 'list_akd'),
	(11, 'Agenda', NULL, NULL, 'agenda'),
	(12, 'Soal Akd', NULL, NULL, 'soal_akd'),
	(13, 'Rekapitulasi JP', NULL, NULL, 'rekapitulasi_jp'),
	(14, 'Info Ajar', NULL, NULL, 'info_ajar'),
	(15, 'Info Peserta', NULL, NULL, 'info_peserta'),
	(16, 'Statistik Alumni', NULL, NULL, 'statistik_alumni'),
	(17, 'Rekapitulasi Peserta', NULL, NULL, 'rekapitulasi_peserta');
/*!40000 ALTER TABLE `tb_system_pages` ENABLE KEYS */;

-- Dumping structure for table db_diklatlampung.tb_tanggal_merah
DROP TABLE IF EXISTS `tb_tanggal_merah`;
CREATE TABLE IF NOT EXISTS `tb_tanggal_merah` (
  `id` int(11) NOT NULL AUTO_INCREMENT,
  `tanggalMerah` varchar(200) DEFAULT NULL,
  `tanggalMulai` date DEFAULT NULL,
  `tanggalSelesai` date DEFAULT NULL,
  PRIMARY KEY (`id`)
) ENGINE=MyISAM AUTO_INCREMENT=50 DEFAULT CHARSET=utf8 ROW_FORMAT=DYNAMIC;

-- Dumping data for table db_diklatlampung.tb_tanggal_merah: 32 rows
DELETE FROM `tb_tanggal_merah`;
/*!40000 ALTER TABLE `tb_tanggal_merah` DISABLE KEYS */;
INSERT INTO `tb_tanggal_merah` (`id`, `tanggalMerah`, `tanggalMulai`, `tanggalSelesai`) VALUES
	(16, 'Hari Raya Nyepi', '2019-03-07', '2019-03-07'),
	(17, 'Tahun Baru Masehi', '2019-01-01', '2019-01-01'),
	(18, 'Tahun Baru Imlek', '2019-02-05', '2019-02-05'),
	(20, 'Wafat Yesus Kristus', '2019-04-19', '2019-04-19'),
	(21, 'Isra\' Mi\'raj Nabi Muhammad SAW', '2019-04-03', '2019-04-03'),
	(22, 'Hari Buruh Nasional', '2019-05-01', '2019-05-01'),
	(23, 'Hari Raya Waisak', '2019-05-19', '2019-05-19'),
	(24, 'Kenaikan Yesus Kristus', '2019-05-30', '2019-05-30'),
	(25, 'Hari Lahir Pancasila', '2019-06-01', '2019-06-01'),
	(26, 'Cuti Hari Raya Idul Fitri', '2019-06-03', '2019-06-07'),
	(27, 'Hari Raya Idul Adha', '2019-08-11', '2019-08-11'),
	(28, 'Hari Proklamasi Kemerdekaan RI', '2019-08-17', '2019-08-17'),
	(29, 'Tahun Baru Hijriah', '2019-09-01', '2019-09-01'),
	(30, 'Maulid Nabi Muhammad SAW', '2019-11-09', '2019-11-09'),
	(31, 'Cuti Hari Raya Natal', '2019-12-24', '2019-12-25'),
	(32, 'Tahun Baru Masehi', '2020-01-01', '2020-01-01'),
	(33, 'Tahun Baru Imlek', '2020-01-25', '2020-01-25'),
	(34, 'Isra\' Mi\'raj Nabi Muhammad SAW', '2020-03-22', '2020-03-22'),
	(35, 'Hari Raya Nyepi', '2020-03-25', '2020-03-25'),
	(36, 'Wafat Yesus Kristus', '2020-04-10', '2020-04-10'),
	(37, 'Hari Buruh Nasional', '2020-05-01', '2020-05-01'),
	(38, 'Hari Raya Waisak', '2020-05-07', '2020-05-07'),
	(39, 'Kenaikan Yesus Kristus', '2020-05-21', '2020-05-21'),
	(40, 'Cuti Hari Raya Idul Fitri', '2020-05-22', '2020-05-27'),
	(41, 'Hari Lahir Pancasila', '2020-06-01', '2020-06-01'),
	(42, 'Hari Raya Idul Adha', '2020-07-31', '2020-07-31'),
	(43, 'Hari Proklamasi Kemerdekaan RI', '2020-08-17', '2020-08-17'),
	(44, 'Tahun Baru Hijriah', '2020-08-20', '2020-08-20'),
	(45, 'Maulid Nabi Muhammad SAW', '2020-10-28', '2020-10-30'),
	(46, 'Cuti Hari Raya Natal', '2020-12-24', '2020-12-25'),
	(48, 'TEst', '2020-08-21', '2020-08-21'),
	(49, 'Add', '2020-08-22', '2020-08-22');
/*!40000 ALTER TABLE `tb_tanggal_merah` ENABLE KEYS */;

-- Dumping structure for table db_diklatlampung.tb_tanggal_merah_detail
DROP TABLE IF EXISTS `tb_tanggal_merah_detail`;
CREATE TABLE IF NOT EXISTS `tb_tanggal_merah_detail` (
  `id` int(11) NOT NULL AUTO_INCREMENT,
  `tanggalMerahId` int(11) DEFAULT NULL,
  `tanggal` date DEFAULT NULL,
  PRIMARY KEY (`id`)
) ENGINE=MyISAM AUTO_INCREMENT=75 DEFAULT CHARSET=utf8 ROW_FORMAT=DYNAMIC;

-- Dumping data for table db_diklatlampung.tb_tanggal_merah_detail: 48 rows
DELETE FROM `tb_tanggal_merah_detail`;
/*!40000 ALTER TABLE `tb_tanggal_merah_detail` DISABLE KEYS */;
INSERT INTO `tb_tanggal_merah_detail` (`id`, `tanggalMerahId`, `tanggal`) VALUES
	(21, 18, '2019-02-05'),
	(23, 17, '2019-01-01'),
	(19, 16, '2019-03-07'),
	(24, 20, '2019-04-19'),
	(25, 21, '2019-04-03'),
	(26, 22, '2019-05-01'),
	(27, 23, '2019-05-19'),
	(28, 24, '2019-05-30'),
	(29, 25, '2019-06-01'),
	(30, 26, '2019-06-03'),
	(31, 26, '2019-06-04'),
	(32, 26, '2019-06-05'),
	(33, 26, '2019-06-06'),
	(34, 26, '2019-06-07'),
	(35, 27, '2019-08-11'),
	(36, 28, '2019-08-17'),
	(37, 29, '2019-09-01'),
	(38, 30, '2019-11-09'),
	(39, 31, '2019-12-24'),
	(40, 31, '2019-12-25'),
	(41, 32, '2020-01-01'),
	(42, 33, '2020-01-25'),
	(43, 34, '2020-03-22'),
	(44, 35, '2020-03-25'),
	(45, 36, '2020-04-10'),
	(46, 37, '2020-05-01'),
	(47, 38, '2020-05-07'),
	(48, 39, '2020-05-21'),
	(49, 40, '2020-05-22'),
	(50, 40, '2020-05-23'),
	(51, 40, '2020-05-24'),
	(52, 40, '2020-05-25'),
	(53, 40, '2020-05-26'),
	(54, 40, '2020-05-27'),
	(55, 41, '2020-06-01'),
	(56, 42, '2020-07-31'),
	(57, 43, '2020-08-17'),
	(71, 45, '2020-10-28'),
	(60, 46, '2020-12-24'),
	(61, 46, '2020-12-25'),
	(67, 44, '2020-08-20'),
	(70, 48, '2020-08-21'),
	(72, 45, '2020-10-29'),
	(73, 45, '2020-10-30'),
	(74, 49, '2020-08-22');
/*!40000 ALTER TABLE `tb_tanggal_merah_detail` ENABLE KEYS */;

-- Dumping structure for table db_diklatlampung.tb_tempat
DROP TABLE IF EXISTS `tb_tempat`;
CREATE TABLE IF NOT EXISTS `tb_tempat` (
  `id` int(11) NOT NULL AUTO_INCREMENT,
  `lokasiId` int(11) DEFAULT NULL,
  `tempat` varchar(50) DEFAULT NULL,
  PRIMARY KEY (`id`)
) ENGINE=MyISAM AUTO_INCREMENT=31 DEFAULT CHARSET=utf8;

-- Dumping data for table db_diklatlampung.tb_tempat: 4 rows
DELETE FROM `tb_tempat`;
/*!40000 ALTER TABLE `tb_tempat` DISABLE KEYS */;
INSERT INTO `tb_tempat` (`id`, `lokasiId`, `tempat`) VALUES
	(30, 5, 'Kotaagung'),
	(29, 5, 'Pringsewu'),
	(27, 16, 'Bandar Lampung'),
	(28, 5, 'T. Karang');
/*!40000 ALTER TABLE `tb_tempat` ENABLE KEYS */;

-- Dumping structure for table db_diklatlampung.tb_temp_angkatan
DROP TABLE IF EXISTS `tb_temp_angkatan`;
CREATE TABLE IF NOT EXISTS `tb_temp_angkatan` (
  `id` int(11) NOT NULL AUTO_INCREMENT,
  `angkatan` varchar(100) DEFAULT NULL,
  PRIMARY KEY (`id`)
) ENGINE=MyISAM AUTO_INCREMENT=20 DEFAULT CHARSET=utf8 ROW_FORMAT=DYNAMIC;

-- Dumping data for table db_diklatlampung.tb_temp_angkatan: 10 rows
DELETE FROM `tb_temp_angkatan`;
/*!40000 ALTER TABLE `tb_temp_angkatan` DISABLE KEYS */;
INSERT INTO `tb_temp_angkatan` (`id`, `angkatan`) VALUES
	(1, 'Angkatan I'),
	(2, 'Angkatan II'),
	(9, 'Angkatan IV'),
	(8, 'Angkatan III'),
	(10, 'Angkatan V'),
	(11, 'Angkatan VI'),
	(12, 'Angkatan VII'),
	(13, 'Angkatan VIII'),
	(14, 'Angkatan IX'),
	(15, 'Angkatan X');
/*!40000 ALTER TABLE `tb_temp_angkatan` ENABLE KEYS */;

-- Dumping structure for table db_diklatlampung.tb_temp_lokasi
DROP TABLE IF EXISTS `tb_temp_lokasi`;
CREATE TABLE IF NOT EXISTS `tb_temp_lokasi` (
  `id` int(11) NOT NULL AUTO_INCREMENT,
  `lokasi` varchar(100) DEFAULT NULL,
  PRIMARY KEY (`id`)
) ENGINE=MyISAM AUTO_INCREMENT=21 DEFAULT CHARSET=utf8 ROW_FORMAT=DYNAMIC;

-- Dumping data for table db_diklatlampung.tb_temp_lokasi: 5 rows
DELETE FROM `tb_temp_lokasi`;
/*!40000 ALTER TABLE `tb_temp_lokasi` DISABLE KEYS */;
INSERT INTO `tb_temp_lokasi` (`id`, `lokasi`) VALUES
	(16, 'BPSDM Propinsi Lampung'),
	(17, 'LPMP Kota Bandar Lampung'),
	(18, 'LEC Kota Gajah'),
	(19, 'BPSDM Lampung Utara'),
	(20, 'HOTEL GOLDEN TULIP - SPRING HILL BANDAR LAMPUNG');
/*!40000 ALTER TABLE `tb_temp_lokasi` ENABLE KEYS */;

-- Dumping structure for table db_diklatlampung.tb_tingkat_kesanggupan
DROP TABLE IF EXISTS `tb_tingkat_kesanggupan`;
CREATE TABLE IF NOT EXISTS `tb_tingkat_kesanggupan` (
  `id` int(11) NOT NULL AUTO_INCREMENT,
  `tingkatKesanggupan` varchar(50) DEFAULT NULL,
  PRIMARY KEY (`id`)
) ENGINE=MyISAM AUTO_INCREMENT=5 DEFAULT CHARSET=utf8;

-- Dumping data for table db_diklatlampung.tb_tingkat_kesanggupan: 4 rows
DELETE FROM `tb_tingkat_kesanggupan`;
/*!40000 ALTER TABLE `tb_tingkat_kesanggupan` DISABLE KEYS */;
INSERT INTO `tb_tingkat_kesanggupan` (`id`, `tingkatKesanggupan`) VALUES
	(1, 'Tidak Menguasai'),
	(2, 'Kurang Menguasai'),
	(3, 'Menguasai'),
	(4, 'Sangat Menguasai');
/*!40000 ALTER TABLE `tb_tingkat_kesanggupan` ENABLE KEYS */;

-- Dumping structure for table db_diklatlampung.tb_tipe_akun
DROP TABLE IF EXISTS `tb_tipe_akun`;
CREATE TABLE IF NOT EXISTS `tb_tipe_akun` (
  `id` int(11) NOT NULL AUTO_INCREMENT,
  `tipeAkun` varchar(50) DEFAULT NULL,
  PRIMARY KEY (`id`)
) ENGINE=MyISAM AUTO_INCREMENT=3 DEFAULT CHARSET=utf8;

-- Dumping data for table db_diklatlampung.tb_tipe_akun: 2 rows
DELETE FROM `tb_tipe_akun`;
/*!40000 ALTER TABLE `tb_tipe_akun` DISABLE KEYS */;
INSERT INTO `tb_tipe_akun` (`id`, `tipeAkun`) VALUES
	(1, 'Member'),
	(2, 'AKD');
/*!40000 ALTER TABLE `tb_tipe_akun` ENABLE KEYS */;

-- Dumping structure for table db_diklatlampung.tb_tipe_mata_pelajaran
DROP TABLE IF EXISTS `tb_tipe_mata_pelajaran`;
CREATE TABLE IF NOT EXISTS `tb_tipe_mata_pelajaran` (
  `id` int(11) NOT NULL AUTO_INCREMENT,
  `tipeMataPelajaran` varchar(50) DEFAULT NULL,
  PRIMARY KEY (`id`)
) ENGINE=MyISAM AUTO_INCREMENT=3 DEFAULT CHARSET=utf8 ROW_FORMAT=DYNAMIC;

-- Dumping data for table db_diklatlampung.tb_tipe_mata_pelajaran: 2 rows
DELETE FROM `tb_tipe_mata_pelajaran`;
/*!40000 ALTER TABLE `tb_tipe_mata_pelajaran` DISABLE KEYS */;
INSERT INTO `tb_tipe_mata_pelajaran` (`id`, `tipeMataPelajaran`) VALUES
	(1, 'JP'),
	(2, 'Non JP');
/*!40000 ALTER TABLE `tb_tipe_mata_pelajaran` ENABLE KEYS */;

-- Dumping structure for table db_diklatlampung.tb_tipe_tanggal
DROP TABLE IF EXISTS `tb_tipe_tanggal`;
CREATE TABLE IF NOT EXISTS `tb_tipe_tanggal` (
  `id` int(11) NOT NULL AUTO_INCREMENT,
  `tipeTanggal` varchar(50) DEFAULT NULL,
  PRIMARY KEY (`id`)
) ENGINE=MyISAM AUTO_INCREMENT=3 DEFAULT CHARSET=utf8 ROW_FORMAT=DYNAMIC;

-- Dumping data for table db_diklatlampung.tb_tipe_tanggal: 2 rows
DELETE FROM `tb_tipe_tanggal`;
/*!40000 ALTER TABLE `tb_tipe_tanggal` DISABLE KEYS */;
INSERT INTO `tb_tipe_tanggal` (`id`, `tipeTanggal`) VALUES
	(1, 'Hari Kalender'),
	(2, 'Hari Kerja');
/*!40000 ALTER TABLE `tb_tipe_tanggal` ENABLE KEYS */;

-- Dumping structure for table db_diklatlampung.tb_tipe_user
DROP TABLE IF EXISTS `tb_tipe_user`;
CREATE TABLE IF NOT EXISTS `tb_tipe_user` (
  `id` int(11) NOT NULL AUTO_INCREMENT,
  `tipeUser` varchar(50) DEFAULT NULL,
  PRIMARY KEY (`id`)
) ENGINE=MyISAM AUTO_INCREMENT=3 DEFAULT CHARSET=utf8 ROW_FORMAT=DYNAMIC;

-- Dumping data for table db_diklatlampung.tb_tipe_user: 2 rows
DELETE FROM `tb_tipe_user`;
/*!40000 ALTER TABLE `tb_tipe_user` DISABLE KEYS */;
INSERT INTO `tb_tipe_user` (`id`, `tipeUser`) VALUES
	(1, 'Pegawai'),
	(2, 'Pengajar');
/*!40000 ALTER TABLE `tb_tipe_user` ENABLE KEYS */;

-- Dumping structure for table db_diklatlampung.tb_tipe_waktu
DROP TABLE IF EXISTS `tb_tipe_waktu`;
CREATE TABLE IF NOT EXISTS `tb_tipe_waktu` (
  `id` int(11) NOT NULL AUTO_INCREMENT,
  `tipeWaktu` varchar(50) DEFAULT NULL,
  PRIMARY KEY (`id`)
) ENGINE=MyISAM AUTO_INCREMENT=3 DEFAULT CHARSET=utf8 ROW_FORMAT=DYNAMIC;

-- Dumping data for table db_diklatlampung.tb_tipe_waktu: 2 rows
DELETE FROM `tb_tipe_waktu`;
/*!40000 ALTER TABLE `tb_tipe_waktu` DISABLE KEYS */;
INSERT INTO `tb_tipe_waktu` (`id`, `tipeWaktu`) VALUES
	(1, 'Jam'),
	(2, 'Tanggal');
/*!40000 ALTER TABLE `tb_tipe_waktu` ENABLE KEYS */;

-- Dumping structure for table db_diklatlampung.tb_unit_kerja
DROP TABLE IF EXISTS `tb_unit_kerja`;
CREATE TABLE IF NOT EXISTS `tb_unit_kerja` (
  `id` int(11) NOT NULL AUTO_INCREMENT,
  `unitKerja` varchar(200) DEFAULT NULL,
  PRIMARY KEY (`id`)
) ENGINE=MyISAM AUTO_INCREMENT=17 DEFAULT CHARSET=utf8;

-- Dumping data for table db_diklatlampung.tb_unit_kerja: 12 rows
DELETE FROM `tb_unit_kerja`;
/*!40000 ALTER TABLE `tb_unit_kerja` DISABLE KEYS */;
INSERT INTO `tb_unit_kerja` (`id`, `unitKerja`) VALUES
	(4, 'Dinas Perpustakaan dan Kearsipan'),
	(5, 'Dinas Lingkungan Hidup dan Kehutanan'),
	(6, 'Dinas Kesehatan'),
	(7, 'Dinas Pekerjaan Umum dan Penataan Ruang'),
	(8, 'Dinas Komunikasi, Informatika, Statistik dan Persandian'),
	(9, 'Dinas Sosial'),
	(10, 'Dinas Pemberdayaan Perempuan, Perlindungan Anak, Kependudukan dan Keluarga Berencana'),
	(11, 'Badan Pendapatan Daerah'),
	(12, 'Badan Pengelolaan Keuangan dan Aset Daerah'),
	(13, 'UNILA Fakultas Hukum'),
	(15, 'a'),
	(16, 'b');
/*!40000 ALTER TABLE `tb_unit_kerja` ENABLE KEYS */;

-- Dumping structure for table db_diklatlampung.tb_user
DROP TABLE IF EXISTS `tb_user`;
CREATE TABLE IF NOT EXISTS `tb_user` (
  `id` int(11) NOT NULL AUTO_INCREMENT,
  `name` varchar(50) DEFAULT NULL,
  `nip` varchar(50) DEFAULT NULL,
  `photo` varchar(50) DEFAULT NULL,
  `email` varchar(50) DEFAULT NULL,
  `password` varchar(50) DEFAULT NULL,
  `salt` varchar(50) DEFAULT NULL,
  `privilegesId` int(11) DEFAULT NULL,
  `genderId` int(11) DEFAULT NULL,
  `jabatanId` int(11) DEFAULT NULL,
  `pangkatGolonganId` int(11) DEFAULT NULL,
  `jenisPengajarId` int(11) DEFAULT NULL,
  `dateOfBirth` date DEFAULT NULL,
  `mobileNumber` varchar(50) DEFAULT NULL,
  `branchId` int(11) DEFAULT NULL,
  `address` text DEFAULT NULL,
  `tipeUserId` int(11) DEFAULT NULL,
  `aktivasiId` int(11) DEFAULT NULL,
  PRIMARY KEY (`id`)
) ENGINE=MyISAM AUTO_INCREMENT=82 DEFAULT CHARSET=utf8;

-- Dumping data for table db_diklatlampung.tb_user: 48 rows
DELETE FROM `tb_user`;
/*!40000 ALTER TABLE `tb_user` DISABLE KEYS */;
INSERT INTO `tb_user` (`id`, `name`, `nip`, `photo`, `email`, `password`, `salt`, `privilegesId`, `genderId`, `jabatanId`, `pangkatGolonganId`, `jenisPengajarId`, `dateOfBirth`, `mobileNumber`, `branchId`, `address`, `tipeUserId`, `aktivasiId`) VALUES
	(11, 'Dwi', '3242', '4B6B488F54DA7693FB82E0277ACB2E8A39B92E91.jpeg', 'd.jayadi@dafearsoft.com', 'C36543F86DDF7AB59056220BDC03C2BD6C3226FA', '58B313B274A7DCFC9B8786D822B9B6EDAD6B3F3F', 6, 1, 0, 0, 0, '2016-09-08', '100200300', NULL, 'Jl. Lombok', 1, 1),
	(33, 'LO', NULL, '798029E60AA173B914987B96A7E8A001AB430BD3.jpeg', 'LO@gmail.com', 'CFF3D8178C047D9C759A8A047D6854F760D82A1D', 'D09671859D8CCE81CE87B2A8EE7867B5699B5021', 7, 1, 33, 24, 7, '2025-12-15', '0896-1121-1233', NULL, 'Bandar Lampung', 2, 1),
	(28, 'Ir. H. Arinal Djunaidi ', NULL, '85DF39E1391F8CC7C06708F8425A934298AFBE4C.jpeg', 'arinal@gmail.com', 'DA5D2DD2A8061BED6B21312BE17D75225C3E3B5C', 'C18A6159E402663165B1444C4D8B211230D7EC1A', 14, 1, 42, 21, 9, '1956-06-17', '0811-1234-123', NULL, 'Way Halim', 2, 1),
	(30, 'LUKMANSYAH, SE., MT', '', '72338373E6D9122CFB538F486405DB95A50C2716.jpeg', 'lukmansyah@mail.com', '63EB8F1C667EBF48908410761FAEAA513C0E636F', '55684ED775F47FE15EF1AFF520D52F0FA9EE1F7C', 14, 1, 36, 8, 7, '2025-12-15', '196901051991121001', NULL, 'Bandar Lampung', 2, 1),
	(31, 'Bapak Kepala BKD Provinsi Lampung', NULL, '3F075F4ECC642800A4EE134CF1F5CB7B4455CC34.jpeg', 'kepalabkd@gmail.com', 'E9C408031FCAB17F5CB97EAC2173ED78F1329301', 'B31A98FEC610ACB840C3AAA1FAA7415E0A00ED9C', 14, 1, 24, 21, 9, '2025-12-15', '0811-1111-1111', NULL, 'Bandar Lampung', 2, 1),
	(32, 'Hi. KHERLANI, SE., MM', NULL, '2A4830478D68627A84A97758D36781EE05E5A20E.jpeg', 'bpsdmlampung01@gmail.com', 'E088FFEB0881FACA55730D5E69324B4B61B02EC0', 'F16292BCFB1E0EE20613091079A8965EE2EDBD66', 6, 1, 24, 21, 9, '2025-12-15', '196205041981031004', NULL, 'Jl. Way Rarem Pahoman - Bandar Lampung', 2, 1),
	(34, 'Panitia', '', 'DCB74096FA801B725C27ED331D1E047DA87BDE03.jpeg', 'panitia1@gmail.com', '7DB4E968E1F1C9564CEB3BAD03943C47EB6470FB', 'EF2FE4456C48CB60621036750FFE7173ECF59147', 7, 2, 38, 9, 9, '2025-12-15', '0813-13434431341', NULL, 'Bandar Lampung', 2, 1),
	(35, 'Ir YULIZAR KOMALA SANIATI, MTA', NULL, '4364B1B15EC0D09BDBE34442870D2D060093EE20.jpeg', 'yulizarkomala@mail.com', 'D5D7D4DD326C0D10BD9732E65A4F50153318BF88', 'AB39514C52C2D03E1C5A1C856453CBE2C23EF831', 7, 2, 36, 22, 7, '2025-12-15', '195807261983032004', NULL, 'Bandar Lampung', 2, 1),
	(36, 'Dra. RITA MAYANI, MM', NULL, 'B61C0B7599959FABAA1907A6B5C625492D37CA02.jpeg', 'ritamayani@mail.com', 'E9F5F88A4DA5F3D615249D40AB461E0F054919E9', '1FB3A1E1B335CA973B1C6CB4A7B07F4350B052D9', 7, 2, 35, 22, 7, '2025-12-15', '196705171992032003', NULL, 'Bandar Lampung', 2, 1),
	(37, 'SOEYANTO, S.IP., M.Si', NULL, '57F7F2CF20B7610AEF973E00EB2A6B4DFA5E0738.jpeg', 'soeyanto@mail.com', '03D6DE568C9DBCDC3F0DF1095A75A8FB71BE64F8', 'E034BDF658BE4605B6354A7831ECE7AD59B74BBC', 7, 1, 37, 24, 7, '2025-12-15', '197009051996031004', NULL, 'Bandar Lampung', 2, 1),
	(38, 'Ir RILI PUJIANA.S, MM', NULL, 'F851D255F925EA68490302A34409757E657E6552.jpeg', 'rilipujiana@mail.com', '7C179A67B89A9F212FCA3C4DC7892C2D2DDEA48F', '012EDBA6309E77BFADE947BE48E20981703B9011', 7, 2, 36, 21, 7, '2025-12-15', '195804301987032001', NULL, 'Bandar Lampung', 2, 1),
	(39, 'Bapak Kepala LAN RI', NULL, 'EEE8158E11E25DFE88A424BC5BEE92D2B358F81A.jpeg', 'kepala.lan@gmail.com', 'D0F8EAE0ECAC0053F5382AE7417B20865294C762', '1EAA6F4398D341AFA21ED7FDE9F48F16931E3FAB', 7, 1, 23, 21, 9, '2025-12-15', '0811-12341-1341', NULL, 'Jakarta Utara', 2, 1),
	(40, 'Ir. SUWARTOPO, MM', NULL, '6F4F8C7A627F680D1A09E5A8D59394C46C249B5F.jpeg', 'suwartopo@mail.com', 'D9C2A8657FC36609A849870BBBB56A74663CB627', '51B4DF5EE2A3A1ED9916E85CDD4A04168AABAAE8', 7, 1, 35, 21, 7, '2025-12-15', '195611121983031008', NULL, 'Bandar Lampung', 2, 1),
	(41, 'ZAINUL KAROMAN S.IP., MM., MAP', '', '2FA68E1F1EF30C0B18648BD35EE5A88D86FBD006.jpeg', 'zainulkaroman@mail.com', 'DA11DB183E4D0F2463C02C1587B23B13570AA887', '0048CD15655A2AA3BFA552745D5633D5418FF9DC', 7, 1, 36, 13, 7, '2025-12-15', '196012031987031004', NULL, 'Bandar Lampung', 2, 1),
	(42, 'MUHAMMAD ABETO, ST., MT.', NULL, '3CC7A05471A7036B92B503930557C27E76132957.jpeg', 'muhammadabeto@mail.com', 'F58041C865DEA903EF6957345E6A1B9F8873B032', 'BF7B9296A17492504EE8F690FF6B7146ED512467', 7, 1, 34, 23, 7, '2025-12-15', '197310232000031004', NULL, 'Bandar Lampung', 2, 1),
	(43, 'Mentor Atasan Langsung', NULL, 'DCCA8FE007DA968C29BD276C7941689285312216.jpeg', 'mentor@gmail.com', '8A66AA9DE12472544638992C8176799B8B5D2E69', '84BE2EFBEA1E4BA2D7AC6FC9C08CC042AB1EC22C', 7, 1, 36, 21, 7, '2025-12-15', '0812321311', NULL, 'Bandar Lampung', 2, 1),
	(44, 'Drs. Agus Triono, M.Pd', '123', 'DEBDF8474BAFA71356CD1262FB3D00E3BC61892F.jpeg', 'agustriono@mail.com', 'C1555D51FD1A83AB3A8BCEBEF9E90C7BF63C96D5', 'AB760E6237E5FC4E216CA482E6E2FCB7D46BFDFA', 14, 1, 35, 9, 7, '2025-12-15', '196310291989011002', NULL, 'Bandar Lampung', 2, 1),
	(45, 'DEWI INDIRA, S.Si., MT', '', '14059F6FEBE80C29D462E9223D69DCEB8EFAE721.jpeg', 'dewiindira@mail.com', '9BDFE236A217C89649B69EEFB5EA19F251AA805B', 'D3AEC0C8057553FAF95207B071F01B98F99CB946', 7, 2, 37, 11, 7, '2025-12-15', '197202051998032006', NULL, 'Bandar Lampung', 2, 1),
	(46, 'VONITA S.E., M.M', '', '14557391140D8226B2A62BDCA97671131BDCCE94.jpeg', 'vonita@mail.com', '0C605FF5D0AA40A17721368920EA20CB875783CB', '9292873819FF7815DAE2FF8AC8F3A2F531A349B6', 7, 2, 36, 9, 7, '2025-12-15', '196712311991122003', NULL, 'Bandar Lampung', 2, 1),
	(47, 'AHMAD HUDALIL, S.Sos., MM', '2324234', '417AD294E0D068648993D2A3FEE009EFF7D31FF6.jpeg', 'ahmadhudalil@mail.com', '9448E11319E83A8E058570D57696142FF9C58739', '3FFE6525C1E41A7D249923918228E2CCFE56BCEC', 7, 1, 33, 12, 7, '2025-12-15', '198304272002121003', NULL, 'Bandar Lampung', 2, 1),
	(48, 'Bapak Kepala Bidang PKM', '', 'A28E7EE0FE0F90A3B136F5EF44B4657ED1D0CED9.jpeg', 'kabid.pkm@gmail.com', '336AB10F73BD70477A1835C263036C293ECA6549', '852CEA208E8E5085E867878AFCBD478174DC7B93', 7, 1, 27, 4, 9, '2025-12-15', '0811-12321312', NULL, 'Lampung Barat', 2, 1),
	(49, 'Tim Pembimbing', NULL, '744402A6B0B03F4D9E709A2F99DEDAA3226CF744.jpeg', 'timpembmbing@gmail.com', '3BAABBD193B886C4EBB917DA9B57D80B53E889D0', 'EE4055FA6ABB07C176D80F25F3085A27FF29C1B2', 7, 1, 36, 23, 7, '2025-12-15', '0811-231141341', NULL, 'Bandar Lampung', 2, 1),
	(50, 'Instruktur/Panitia/LO', '', '73DB2A08B39D407669CA8725FBC32BBBFF86C07C.jpeg', 'pelatih@gmail.com', 'E80BA8E3A16B342376BDCF151D84541F9AD5A413', '754DC8DDEA54AFDEFFC55EC7DC4527D0E5193C1F', 7, 1, 36, 8, 7, '2025-12-15', '0811-12314141341', NULL, 'Negri Katon - Pesawaran', 2, 1),
	(51, 'Tim Penguji', NULL, 'F9FCC8C129F7E962242AC6C8F9CD2223F2B4499D.jpeg', 'timpenguji@gmail.com', '6F17997574709989F33C5451E45FF7B3FEA90587', '5441A55FC230EA69876BFE23CDA68FA6F896EDB5', 7, 1, 36, 21, 7, '2025-12-15', '0811-1231314', NULL, 'Bandar Jaya', 2, 1),
	(52, 'Bapak Kasubid PKKP', '', 'FAE5103AD72674F0F4A2015060EB4E05BFB856B2.jpeg', 'kasubidppkp@gmail.com', 'B0916D187626CBA64428E5D698AD99A99089BE69', 'E46AC65EB8D75C0992F29F554F291FF660726341', 7, 1, 29, 8, 9, '2025-12-15', '0813-4123421414', NULL, 'Bandar Lampung', 2, 1),
	(54, 'Kepala BPSDM Provinsi Lampung', '123456', '', 'BPSDM@gmail.com', 'A8AAA1722560B28A90322511E5CBBD9FA4922B7E', 'C658560ADCAEF97529BF1D76BA699B85D27E591A', 14, 1, 36, 9, 7, '2020-09-06', '08xxxxxxxxx', NULL, '-', 2, 1),
	(55, 'Widyaiswara BPSDM Daerah Provinsi Lampung', '1234567', '', 'WidyaiswaraBPSDM@gmail.com', 'F72B46C2A6E545B4B7684E6B8464CF46E8C52605', '18BF618B2C7ACB535A91E82C0DCD32DBDCD7CD20', 14, 1, 36, 9, 7, '2020-09-06', '', NULL, '', 2, 1),
	(56, 'Dra. Siti BR. Siahaan', '23456', '', 'SitiBRSiahaan@gmail.com', '7A9601E72F0636E1B0B5DD97990B78B4123DB776', 'F57B9FD506A0BD17BCBD9A984AFD9117837E45C9', 14, 1, 36, 9, 9, '2020-09-06', '', NULL, '', 2, 1),
	(57, 'Dra. Sri Lena, MM', '34567', '', 'srilena@gmail.com', 'A4C275138E6DB3F59B0B4F2064F4295258C461D3', 'EB8A8A11B488039F74B43706D7B31FF3F6E63D67', 14, 1, 36, 9, 7, '2020-09-06', '', NULL, '', 2, 1),
	(58, 'Narasumber Biro Organisasi SETDA Provinsi Lampung', '56789', '', 'NarasumberBiro @gmail.com', 'B8DE159185D5024ABC3CD4A175227FA8A2EC6AF8', '6EC0979B7D9825350452F98CC4776AA6B8CB5B8F', 14, 1, 41, 9, 7, '2020-09-06', '', NULL, '', 2, 1),
	(59, 'Narasumber BKD Provinsi Lampung', '11111111', '', 'Narasumber BKD@gmail.com ', '9E18C6F425470EB4382286F6D4C2DACF56883B8B', '795E7DEFDB81EDB9FA8544D76975BD6607861EC4', 14, 1, 41, 9, 7, '2020-09-06', '', NULL, '', 2, 1),
	(60, 'Narasumber BPSDM KEMENDAGRI RI', '22222222222', '', 'Narasumber BPSDM KEMENDAGRI RI', 'DCD4627CA5C477B36DFEA7498EB9A68019934C81', 'F676BD0ED35BACDC0F87BFC1204DCC1F32FFB4B8', 14, 1, 41, 9, 8, '2020-09-06', '', NULL, '', 2, 1),
	(67, 'Dr. Rustiati', '123', '', 'Dr. Rustiati', '4C9F38BCF61A70E09C281B2C86A33EE7D3010F97', 'F23B675A96750574ECA33B969AD182FF761CA174', 14, 2, 22, 9, 7, '2020-06-23', '08xxxxxxxxxx', NULL, '-', 2, 1),
	(64, 'Bupati Lampung Tengah', '123', '', 'bupatilampungtengah@gmail.com', 'EACC007203265A77E784D4CEF0DD9ADD197AA9EF', 'BA5119FD2D813514F98663546536E2C6FAC434F4', 14, 1, 22, 9, 9, '2020-06-23', '08xxxxxxxxxxxxx', NULL, '-', 2, 1),
	(65, 'Kepala BKPSDM Kab. Lampung Tengah', '123', '', 'KepalaBKPSDMKabLmapungTengah@gmail.com', '4B13ED4D53A76140677741D8ED434AC5648C91A1', 'E18307544884AB5692385304C7EE36EAAA3B99A2', 14, 1, 22, 9, 9, '2020-06-23', '08xxxxxxxxxxxxxx', NULL, '-', 2, 1),
	(66, 'Agus Wijanarko, SE', '123', '', 'Agus Wijanarko', 'CDD6DF765F3E2AA3951691024DF62B3C0E6E1A15', '5A596274488BA552638722566B0A042D6F58B961', 14, 1, 22, 9, 7, '2020-06-23', '08xxxxxx', NULL, '-', 2, 1),
	(68, 'Rahmat Susanto, SKM., M.Kes', '123', '', 'Rahmat Susanto', '64C9D666A5A60BA4EAAEABF1EB52A563791D9A54', '2A2C8A7D7844C56D3C19D16724087FF2756C7CF8', 14, 1, 22, 9, 7, '2020-06-23', '08xxxxxxxxx', NULL, '-', 2, 1),
	(69, 'Tutik Yamasita, SE., MM', '123', '', 'Tutik Yamasita', 'D98CA01291B5BD40D0A4069CD9659121CA06AB12', '3930F1F997AA501BD5AF193F4508D6F9642C4A7B', 14, 2, 22, 9, 7, '2020-06-23', '08xxxxxxxxxxxxx', NULL, '-', 2, 1),
	(70, 'Kepala Bidang PKM', '123', '', 'Kepala Bidang PKM', '5FBB27B2F2E4809070B3EE8A891A83B5497413FE', '7DFDFB6EE1BA52E2D5CFBF64FE6D8BD17B8F273E', 14, 1, 22, 9, 9, '2020-06-23', '08xxxxxxxxx', NULL, '-', 2, 1),
	(71, 'Kepala Subbidang PJPT', '123', '', 'Kepala Subbidang PJPT', 'B313141584431D73130D9733C0BA4721A2C5B511', 'B92F6A0E7FEC626BC6F6555819AF874C2ED073E6', 14, 1, 22, 9, 9, '2020-06-23', '08xxxxxxxxxxxxx', NULL, '-', 2, 1),
	(72, 'ad', '111', '', 'a', 'CA5AC4667C9AB26F45261CCF9AFE9E16FEF3CA23', '2C50EEDB6FC9520F1276FA25F4E6ED3C1562707F', 6, 1, 0, 0, 0, '2020-07-09', 'cxv', NULL, 'afa', 1, 1),
	(75, 'Panitia Pelaksana', '123', '', 'Panitia Pelaksana', '27CBA2EDC6050AA562E6886F8E0C0BF388C28E46', '0361C8BA5F61F2D925214A3EF5A20320B5219B5E', 14, 1, 41, 16, 9, '2020-08-07', '08xxxxx', NULL, '-', 2, 1),
	(76, 'BPSDM Provinsi', '123', '', 'BPSDM Provinsi', '96322B1F7E6A9A1FE6D3A891D076A907E5DF577F', '3D96A912D5248F1171F1AC97992D3890CE8F05CE', 14, 1, 22, 9, 9, '2020-08-07', '08x', NULL, '-', 2, 1),
	(77, 'Dinas Pendidikan dan Kebudayaan Provinsi Lampung', '123', '', 'Dinas Pendidikan dan Kebudayaan Provinsi Lampung', 'F7446133DE2BE7CC70A49682F4060EB6A3030A9B', '8067FF68BDC181A73FFAD6E55D702E7C5DB1A355', 14, 1, 22, 9, 9, '2020-08-07', '08xxxx', NULL, '-', 2, 1),
	(78, 'Inspektorat Provinsi Lampung', '123', '', 'Inspektorat Provinsi Lampung', '316FDBB5757F630767E96EC624003BEB9C029A26', '7A298F8421E3D669AC9A6E3D20B28D70A74E0DC7', 14, 1, 22, 9, 9, '2020-08-07', '-', NULL, '-', 2, 1),
	(79, 'Badan Keuangan Daerah Provinsi Lampung', '123', '', 'Badan Keuangan Daerah Provinsi Lampung', '8227F344AEC045AB4CE6B0742295C59DB346FF9D', 'D69B4AC05DC2E5F0E4AAC30DC927B285430BE430', 14, 1, 22, 9, 9, '2020-08-07', '-', NULL, '-', 2, 1),
	(80, 'Kepala Kantor Pajak Provinsi Lampung', '123', '', 'Kepala Kantor Pajak Provinsi Lampung', '3D7B9A6E39B9C211A7EDC3FE064B7C4B6E13F8E8', '05B0FBB6963ABEDACDC63F9BDD0BC0A250EA90E2', 14, 1, 22, 9, 9, '2020-08-07', '-', NULL, '-', 2, 1),
	(81, 'Ditjen Keuangan Daerah Kemendagri', '123', '', 'Ditjen Keuangan Daerah Kemendagri', 'F7C7A128704458C2834FC62FEBF2FB5E813EC2F0', '4A54C376DEB73C532A6DB5A2F01630C7518EC6A6', 14, 1, 22, 9, 9, '2020-08-07', '-', NULL, '-', 2, 1);
/*!40000 ALTER TABLE `tb_user` ENABLE KEYS */;

-- Dumping structure for table db_diklatlampung.tb_user_kopetensi_lampiran
DROP TABLE IF EXISTS `tb_user_kopetensi_lampiran`;
CREATE TABLE IF NOT EXISTS `tb_user_kopetensi_lampiran` (
  `id` int(11) NOT NULL AUTO_INCREMENT,
  `userId` int(11) DEFAULT NULL,
  `judul` varchar(50) DEFAULT NULL,
  `lampiran` varchar(100) DEFAULT NULL,
  PRIMARY KEY (`id`)
) ENGINE=MyISAM AUTO_INCREMENT=103 DEFAULT CHARSET=utf8 ROW_FORMAT=FIXED;

-- Dumping data for table db_diklatlampung.tb_user_kopetensi_lampiran: 5 rows
DELETE FROM `tb_user_kopetensi_lampiran`;
/*!40000 ALTER TABLE `tb_user_kopetensi_lampiran` DISABLE KEYS */;
INSERT INTO `tb_user_kopetensi_lampiran` (`id`, `userId`, `judul`, `lampiran`) VALUES
	(102, 66, 'IPA.pdf', 'DCA884E035233AE9D731919FF867A8EE6DD646E1.pdf'),
	(101, 66, 'MTK.pdf', 'AF6F61ACCCD0D2B4E42E4ACFF02A96B52A3401DA.pdf'),
	(95, 30, 'TEst', '9273540CC2D750B8F83D175CC28A834AACF18586.pdf'),
	(94, 30, 'test', '3327497C5E6D02D21D271FF51DFFF3E157F1219B.pdf'),
	(93, 30, 'Test', '08C513937B347A49D5DD278062466D651530CA42.pdf');
/*!40000 ALTER TABLE `tb_user_kopetensi_lampiran` ENABLE KEYS */;

-- Dumping structure for table db_diklatlampung.tb_user_label_mapel
DROP TABLE IF EXISTS `tb_user_label_mapel`;
CREATE TABLE IF NOT EXISTS `tb_user_label_mapel` (
  `id` int(11) NOT NULL AUTO_INCREMENT,
  `labelMapelId` int(11) DEFAULT NULL,
  `jenisDiklatId` int(11) DEFAULT NULL,
  `userId` int(11) DEFAULT NULL,
  PRIMARY KEY (`id`)
) ENGINE=MyISAM AUTO_INCREMENT=339 DEFAULT CHARSET=utf8 ROW_FORMAT=DYNAMIC;

-- Dumping data for table db_diklatlampung.tb_user_label_mapel: 105 rows
DELETE FROM `tb_user_label_mapel`;
/*!40000 ALTER TABLE `tb_user_label_mapel` DISABLE KEYS */;
INSERT INTO `tb_user_label_mapel` (`id`, `labelMapelId`, `jenisDiklatId`, `userId`) VALUES
	(35, 3, NULL, 28),
	(41, 5, NULL, 31),
	(71, 6, NULL, 32),
	(42, 7, NULL, 33),
	(178, 65, NULL, 34),
	(48, 9, NULL, 35),
	(45, 10, NULL, 36),
	(46, 11, NULL, 37),
	(107, 21, NULL, 38),
	(49, 15, NULL, 35),
	(50, 17, NULL, 39),
	(51, 18, NULL, 40),
	(337, 32, 0, 41),
	(101, 21, NULL, 42),
	(100, 20, NULL, 42),
	(336, 21, 0, 41),
	(106, 15, NULL, 38),
	(119, 32, NULL, 43),
	(251, 22, NULL, 44),
	(250, 38, NULL, 44),
	(331, 24, 0, 45),
	(330, 23, 0, 45),
	(72, 26, NULL, 32),
	(136, 35, NULL, 48),
	(324, 66, 10, 66),
	(113, 30, NULL, 49),
	(244, 8, NULL, 50),
	(115, 30, NULL, 51),
	(112, 28, NULL, 49),
	(118, 30, NULL, 43),
	(302, 110, 6, 30),
	(102, 32, NULL, 42),
	(335, 18, 0, 41),
	(108, 32, NULL, 38),
	(117, 21, NULL, 43),
	(114, 33, NULL, 49),
	(116, 33, NULL, 51),
	(120, 33, NULL, 43),
	(328, 34, 0, 52),
	(177, 52, NULL, 34),
	(135, 26, NULL, 48),
	(176, 47, NULL, 34),
	(175, 29, NULL, 34),
	(174, 19, NULL, 34),
	(173, 1, NULL, 34),
	(243, 16, NULL, 50),
	(140, 49, NULL, 55),
	(241, 64, NULL, 54),
	(240, 63, NULL, 54),
	(239, 51, NULL, 54),
	(238, 50, NULL, 54),
	(237, 53, NULL, 54),
	(236, 57, NULL, 54),
	(235, 48, NULL, 54),
	(148, 50, NULL, 56),
	(149, 51, NULL, 57),
	(150, 63, NULL, 57),
	(151, 64, NULL, 57),
	(152, 54, NULL, 58),
	(153, 55, NULL, 58),
	(154, 56, NULL, 58),
	(155, 58, NULL, 58),
	(156, 59, NULL, 58),
	(157, 57, NULL, 59),
	(158, 60, NULL, 60),
	(159, 61, NULL, 60),
	(160, 62, NULL, 60),
	(172, 36, NULL, 34),
	(171, 34, NULL, 34),
	(170, 8, NULL, 34),
	(179, 12, NULL, 34),
	(180, 13, NULL, 34),
	(181, 14, NULL, 34),
	(301, 85, 8, 30),
	(300, 8, 9, 30),
	(326, 5, 0, 47),
	(258, 3, NULL, 64),
	(252, 66, NULL, 65),
	(242, 67, NULL, 54),
	(245, 69, NULL, 50),
	(323, 137, 9, 66),
	(247, 70, NULL, 67),
	(333, 71, 0, 68),
	(249, 72, NULL, 69),
	(253, 73, NULL, 65),
	(256, 75, NULL, 70),
	(257, 76, NULL, 71),
	(259, 36, NULL, 64),
	(308, 155, 12, 75),
	(309, 3, 12, 75),
	(310, 12, 12, 75),
	(311, 114, 12, 75),
	(312, 36, 12, 75),
	(313, 6, 12, 76),
	(321, 149, 12, 77),
	(320, 148, 12, 77),
	(316, 150, 12, 78),
	(317, 151, 12, 79),
	(318, 156, 12, 80),
	(319, 152, 12, 81),
	(322, 153, 12, 77),
	(325, 11, 8, 66),
	(327, 78, 8, 47),
	(329, 80, 8, 52),
	(332, 80, 8, 45),
	(334, 78, 8, 68),
	(338, 79, 8, 41);
/*!40000 ALTER TABLE `tb_user_label_mapel` ENABLE KEYS */;

-- Dumping structure for table db_diklatlampung.tb_user_login
DROP TABLE IF EXISTS `tb_user_login`;
CREATE TABLE IF NOT EXISTS `tb_user_login` (
  `id` int(11) NOT NULL AUTO_INCREMENT,
  `userId` int(11) DEFAULT NULL,
  `auth` varchar(50) DEFAULT NULL,
  `loginOn` datetime DEFAULT NULL,
  PRIMARY KEY (`id`)
) ENGINE=MyISAM AUTO_INCREMENT=258 DEFAULT CHARSET=utf8;

-- Dumping data for table db_diklatlampung.tb_user_login: 91 rows
DELETE FROM `tb_user_login`;
/*!40000 ALTER TABLE `tb_user_login` DISABLE KEYS */;
INSERT INTO `tb_user_login` (`id`, `userId`, `auth`, `loginOn`) VALUES
	(172, 11, '4138D6B387BBA5B54F36CF9D325E3AB117B187BF', '2020-05-10 05:53:00'),
	(171, 11, 'F858A2DA45BB727A60EA2D1BCADA1FDF28E6740D', '2020-05-10 05:52:36'),
	(170, 0, '8BC845A2D01D2B7C792167B97A8E8526F6C82FC3', '2020-05-06 05:21:02'),
	(169, 11, '9FA72047741CA112E652AD1ED44605D9E81C584C', '2020-05-06 05:20:49'),
	(168, 0, '9711CBF6819E945E5A7AEEE04B44670487F7597B', '2020-05-06 04:51:48'),
	(173, 11, '849E10FBC823D36D8818FF724E1C255BCE285B20', '2020-05-11 08:10:18'),
	(174, 0, 'DB7B340E9B386FC95D6943ADE9724A108512C0DB', '2020-05-11 03:59:43'),
	(175, 11, 'B880B54DF2DCBD67BA2530AD48517610AF19062D', '2020-05-14 09:00:02'),
	(176, 11, '149395C9286DEF0203C736B8235B9FB59518B361', '2020-05-14 09:12:27'),
	(177, 11, 'CC38E5D07A5122BC8693534AE5F79E9C62293360', '2020-05-15 04:58:30'),
	(178, 11, 'CE825ABAAA422396FD7E7A36702BECF07650AED5', '2020-05-15 08:49:05'),
	(179, 11, '184958EB4E0C449A69C9B101342A91048076F414', '2020-05-15 10:14:47'),
	(180, 11, '8FA6EE32611D1D9DE9B237CDA197837E3CA3C0DD', '2020-05-15 10:17:41'),
	(181, 11, '04B44E4AE0FFE9FA2104D5F42C2E004C6AF41971', '2020-05-15 10:24:08'),
	(182, 11, '1BB969BBBC5F663648CFE1EBC3689AEEC3741F20', '2020-05-16 11:03:20'),
	(183, 11, '2618E8BF20D5DB18B374BEFA2E05298A2660A217', '2020-05-16 01:30:22'),
	(184, 11, '4260A9068EE68F0780DD1EDE4578463E7F4E21C8', '2020-05-20 08:39:04'),
	(185, 11, 'BC3225B60855D0FA5E25549664B2547A9C483832', '2020-05-20 02:24:06'),
	(186, 11, '0F65075D74318998057B53393F3DE5D4A8056CAC', '2020-05-20 06:34:26'),
	(187, 11, '790323957873FDC49FCA124338E6BF9BD4D17791', '2020-05-21 04:09:22'),
	(188, 30, 'C79AA7874F156608E1A59FCAF3322B197B19075B', '2020-05-27 01:56:10'),
	(189, 30, '12A0B93929ED3CA3E51AE1ED9C26035A82F0B8C1', '2020-05-27 01:59:24'),
	(190, 30, '6727FACE9DEDCAE8D3ECD982FBA227574F23A642', '2020-05-27 02:02:24'),
	(191, 11, 'DBEEFBC3A958EB4B7C78ECD509203C2DE64A7F79', '2020-05-28 08:12:03'),
	(192, 30, 'D30B14C4B0D64A80262EF18C68E5DC91F1410AA0', '2020-05-28 08:40:07'),
	(193, 11, '3EA5CB83435F3A7689DF054734B6EBB199160723', '2020-05-28 09:00:35'),
	(194, 11, '36FCDF23DAF04AC1EEF0271424ABAE90F2A1FA8E', '2020-05-31 11:01:00'),
	(195, 11, '774765058D42C2D4627C561458034B5C5AA2E20B', '2020-06-01 02:42:16'),
	(196, 11, '68D1D427E2D3FFB0CC9537C4D811A993CFA0329D', '2020-06-02 01:44:29'),
	(197, 11, '83DB595D8AA760D0FCF14B156ED6EBFD2FF3C68B', '2020-06-03 02:26:32'),
	(198, 11, 'D774F229470347E3809A723EB2927552C8EDFA3D', '2020-06-04 04:55:21'),
	(199, 11, 'FD3E27837E7E31F07C25F996B76C1A114A5AD3A7', '2020-06-05 01:56:00'),
	(200, 11, '64E893F27E90A7B0BABC5BD46CE78D69DC0A3E8B', '2020-06-08 11:58:51'),
	(201, 11, 'C554A2862F1C61F0C012CA5F7C9BE6B822745C50', '2020-06-09 07:41:44'),
	(202, 30, '9A79437AF336D759494D63631707A1E71213F4DB', '2020-06-12 01:15:46'),
	(203, 11, 'B3FB9467B68189571D28BFA42B3EC65CA8B6F800', '2020-06-12 01:18:04'),
	(204, 30, '5A6803DC70FB134D19E617D1F3E201C5DE7480A4', '2020-06-12 02:29:46'),
	(205, 11, '307250E322A4E6AE61D3DDE7DF233D6237D9262B', '2020-06-12 02:45:49'),
	(206, 11, 'D009E4C7F3359272ADDA0AE041AE78758236F5B4', '2020-06-19 11:29:36'),
	(207, 11, '509744C1C390120988F6A1229B265719D45C884F', '2020-06-20 06:34:31'),
	(208, 11, '957F230DBF9A521E61CD9941139E0EA4E054674E', '2020-06-20 06:35:25'),
	(209, 11, 'CA6A8DB68E3F8FBA642ACE4210E56ABF6E256DD4', '2020-06-20 06:50:45'),
	(210, 11, '2B67451BEB6A28203259F570A597A2BEBF93C66D', '2020-06-20 07:01:41'),
	(211, 11, '507D7BCD78BF1D1A0835C1D8AA55D3A33FE79CF3', '2020-06-23 03:39:53'),
	(212, 11, 'B61BFA6CF23541B89D6B1AF9EB2F229EDFE98C62', '2020-06-24 02:58:12'),
	(213, 11, '6E61C93409EAB38ACCDFAABD2816D7C4E9702D21', '2020-06-25 12:14:10'),
	(214, 11, 'E700A27DE3669C92F9FDFD3E7669AB043F5789BD', '2020-06-25 02:27:10'),
	(215, 11, '756A5D6038892BD2AEFA4A2F7A6688D758F48BB9', '2020-06-25 05:02:05'),
	(216, 11, 'E165C4A41BA562F60323EBC1BC45531AD1AB7DA4', '2020-06-25 09:53:01'),
	(217, 11, '34A884BE7E95063F8DF43D060BAE2BE38C55DC32', '2020-06-26 06:24:41'),
	(218, 11, 'A12BF0F711DEEA4D2BACE7934E3DF18319D5B954', '2020-06-26 01:14:14'),
	(219, 11, 'F6952665CF662F78F835CB05209D61A407980AD8', '2020-06-26 10:50:50'),
	(220, 11, '99C5F3695C925AC3DBC010253462653C0188CF2C', '2020-06-27 03:49:42'),
	(221, 11, 'BF6578F656A40FBC178CC53F9C8959F4EF45B28B', '2020-06-28 04:01:10'),
	(222, 11, '5F5A52141BB540F71F819B487F0DBEBBB74ACA41', '2020-06-28 06:19:05'),
	(223, 11, 'C41213F054B58BB59C941D8CC03977093F43CA5D', '2020-06-30 12:47:16'),
	(224, 11, '533BCDB95D06FC52F72F7AE606DCB5732B51C831', '2020-06-30 08:22:18'),
	(225, 11, '84512B027915052F2FFDB22AABF9B3A63DA048AD', '2020-07-01 02:56:08'),
	(226, 30, 'C2F550B22C4CC7B666C2EFC2F1FF05CFF3D86692', '2020-07-10 01:38:12'),
	(227, 11, 'CFA0BB6AE42B26D1B953F8AEB69D04B27E808056', '2020-07-10 01:39:14'),
	(228, 11, '30D2DC118A71740603CDC10F801C23D27C021B4A', '2020-07-10 01:41:06'),
	(229, 11, '75EE3AB193DFA009A5AB28B2BD977CBE81F452BC', '2020-07-10 01:43:22'),
	(230, 11, 'D3AE56395BAF2C7A6584366AF37472311DCAC676', '2020-07-10 01:44:48'),
	(231, 30, '424F87E6F2F0813F3DBA0A3635593537F5D739EA', '2020-07-10 01:49:31'),
	(232, 11, 'B43C13D4B4382CA953C9258AFEE593A551A32C63', '2020-07-10 02:25:30'),
	(233, 11, '5E9035F918DD0F4D1DAC73170B24CDC320D321FC', '2020-07-11 10:15:37'),
	(234, 30, '07D7F2E5DA5E9BA6D78C07EDE7EE7697C97D2BCD', '2020-07-23 11:54:17'),
	(235, 11, '3BFE5A67FFC689FF214F1953A22ADEF2E9DE1F8F', '2020-07-23 03:42:31'),
	(236, 30, '4EC76DEBB936B513ADB869E8010BD80125821404', '2020-07-23 04:07:01'),
	(237, 11, '2C3EFA8576DDB88B712B426E1BAE8416392597BC', '2020-07-23 05:19:36'),
	(238, 11, '5A46956BB6CBF9DCF529BEE32B2FAC66ECA03213', '2020-07-30 06:22:29'),
	(239, 11, '19A3F9FEBC4D751A99C9077D4345C344C2D1F2F8', '2020-08-01 02:26:13'),
	(240, 11, 'D03BD1F708C9D34EF5E54D6659D6C68CB83AD1F3', '2020-08-03 06:23:16'),
	(241, 11, 'CE83C49646D9AFA55FD59B659B0AE48B228DDF35', '2020-08-03 06:30:22'),
	(242, 11, '631979E559A82E4F9657EB851176B70DCA4932F2', '2020-08-03 06:51:42'),
	(243, 11, '3C88A605FD9CBC2BCA02D1407DD70B0F4CF56A02', '2020-08-03 07:15:59'),
	(244, 11, 'EAFEAD7644DE2BA531CF5BC0FC2BF61E13352D92', '2020-08-03 07:35:10'),
	(245, 66, '9C5D60CA2FD602A19186C90F386DAF3163124018', '2020-08-03 05:07:27'),
	(246, 11, '7C861CF3F5D72492316E5369D9AF18613635AF3B', '2020-08-03 05:40:52'),
	(247, 11, '43B5CA81E26B4BE723CBF2210F87AA4D1C869764', '2020-08-06 03:44:44'),
	(248, 11, 'A8C2A034C9357785B671342754775EE97C52A7B4', '2020-08-07 04:17:37'),
	(249, 11, 'DC6117701D5528DC1699BD1D6205A136CD7E308F', '2020-08-07 06:17:41'),
	(250, 11, 'F0F3B2D37EE04E8EE1B5A6E12DFCD2556E0B126F', '2020-08-08 10:04:56'),
	(251, 11, '44BF1E865FB12BE9021EFCE93CA9D9D99454F10B', '2020-08-09 11:39:24'),
	(252, 11, '8196A884EA4059B94442FAB930CD0A19F808BE1B', '2020-08-09 03:55:37'),
	(253, 11, '420317AB2D5BFE5B576EF32792C86192C3BCA295', '2020-08-09 04:11:07'),
	(254, 11, '712B762B097F8D187F73FB3F855B7FDC852EFDBB', '2020-08-10 08:49:35'),
	(255, 30, '5D47840D3B426CA0C99A83B618A11FF248AFFED7', '2020-08-10 12:00:02'),
	(256, 11, '7E097A00F1FDA24DE50C5A243EEEE7C666610D98', '2020-08-18 03:59:13'),
	(257, 11, 'D3D73E14C8A29EE633B778822DEC2EF8D5FC79B7', '2020-08-18 07:40:43');
/*!40000 ALTER TABLE `tb_user_login` ENABLE KEYS */;

-- Dumping structure for table db_diklatlampung.tb_user_logout
DROP TABLE IF EXISTS `tb_user_logout`;
CREATE TABLE IF NOT EXISTS `tb_user_logout` (
  `id` int(11) NOT NULL AUTO_INCREMENT,
  `userLoginId` int(11) DEFAULT NULL,
  `logoutOn` date DEFAULT NULL,
  PRIMARY KEY (`id`)
) ENGINE=MyISAM AUTO_INCREMENT=263 DEFAULT CHARSET=utf8;

-- Dumping data for table db_diklatlampung.tb_user_logout: 89 rows
DELETE FROM `tb_user_logout`;
/*!40000 ALTER TABLE `tb_user_logout` DISABLE KEYS */;
INSERT INTO `tb_user_logout` (`id`, `userLoginId`, `logoutOn`) VALUES
	(177, 171, '2020-05-10'),
	(176, 170, '2020-05-10'),
	(175, 169, '2020-05-06'),
	(174, 168, '2020-05-06'),
	(178, 172, '2020-05-11'),
	(179, 174, '2020-05-14'),
	(180, 173, '2020-05-14'),
	(181, 175, '2020-05-14'),
	(182, 176, '2020-05-15'),
	(183, 177, '2020-05-15'),
	(184, 178, '2020-05-15'),
	(185, 179, '2020-05-15'),
	(186, 180, '2020-05-15'),
	(187, 181, '2020-05-16'),
	(188, 182, '2020-05-16'),
	(189, 183, '2020-05-20'),
	(190, 184, '2020-05-20'),
	(191, 185, '2020-05-20'),
	(192, 186, '2020-05-21'),
	(193, 187, '2020-05-27'),
	(194, 188, '2020-05-27'),
	(195, 189, '2020-05-27'),
	(196, 190, '2020-05-28'),
	(197, 191, '2020-05-28'),
	(198, 192, '2020-05-28'),
	(199, 193, '2020-05-28'),
	(200, 194, '2020-06-01'),
	(201, 195, '2020-06-02'),
	(202, 196, '2020-06-03'),
	(203, 197, '2020-06-04'),
	(204, 198, '2020-06-05'),
	(205, 199, '2020-06-08'),
	(206, 200, '2020-06-09'),
	(207, 201, '2020-06-12'),
	(208, 202, '2020-06-12'),
	(209, 203, '2020-06-12'),
	(210, 204, '2020-06-12'),
	(211, 205, '2020-06-19'),
	(212, 206, '2020-06-20'),
	(213, 207, '2020-06-20'),
	(214, 208, '2020-06-20'),
	(215, 209, '2020-06-20'),
	(216, 210, '2020-06-23'),
	(217, 211, '2020-06-24'),
	(218, 212, '2020-06-25'),
	(219, 213, '2020-06-25'),
	(220, 214, '2020-06-25'),
	(221, 215, '2020-06-25'),
	(222, 216, '2020-06-26'),
	(223, 217, '2020-06-26'),
	(224, 218, '2020-06-26'),
	(225, 219, '2020-06-27'),
	(226, 220, '2020-06-28'),
	(227, 221, '2020-06-28'),
	(228, 222, '2020-06-30'),
	(229, 223, '2020-06-30'),
	(230, 224, '2020-07-01'),
	(231, 225, '2020-07-10'),
	(232, 226, '2020-07-10'),
	(233, 227, '2020-07-10'),
	(234, 228, '2020-07-10'),
	(235, 229, '2020-07-10'),
	(236, 230, '2020-07-10'),
	(237, 231, '2020-07-10'),
	(238, 232, '2020-07-11'),
	(239, 233, '2020-07-23'),
	(240, 234, '2020-07-23'),
	(241, 235, '2020-07-23'),
	(242, 236, '2020-07-23'),
	(243, 237, '2020-07-30'),
	(244, 238, '2020-08-01'),
	(245, 239, '2020-08-03'),
	(246, 240, '2020-08-03'),
	(247, 241, '2020-08-03'),
	(248, 242, '2020-08-03'),
	(249, 243, '2020-08-03'),
	(250, 244, '2020-08-03'),
	(251, 245, '2020-08-03'),
	(252, 246, '2020-08-06'),
	(253, 247, '2020-08-07'),
	(254, 248, '2020-08-07'),
	(255, 249, '2020-08-08'),
	(256, 250, '2020-08-09'),
	(257, 251, '2020-08-09'),
	(258, 252, '2020-08-09'),
	(259, 253, '2020-08-10'),
	(260, 254, '2020-08-10'),
	(261, 255, '2020-08-18'),
	(262, 256, '2020-08-18');
/*!40000 ALTER TABLE `tb_user_logout` ENABLE KEYS */;

-- Dumping structure for table db_diklatlampung.tb_user_privileges
DROP TABLE IF EXISTS `tb_user_privileges`;
CREATE TABLE IF NOT EXISTS `tb_user_privileges` (
  `id` int(11) NOT NULL AUTO_INCREMENT,
  `privileges` varchar(50) DEFAULT NULL,
  `menuAccess` text DEFAULT NULL,
  `panelAccess` text DEFAULT NULL,
  PRIMARY KEY (`id`)
) ENGINE=MyISAM AUTO_INCREMENT=15 DEFAULT CHARSET=utf8;

-- Dumping data for table db_diklatlampung.tb_user_privileges: 3 rows
DELETE FROM `tb_user_privileges`;
/*!40000 ALTER TABLE `tb_user_privileges` DISABLE KEYS */;
INSERT INTO `tb_user_privileges` (`id`, `privileges`, `menuAccess`, `panelAccess`) VALUES
	(7, 'Supervisor', 'Dashboard,Inbox,FaceContent,MasterData,Regional,Posts,Blog,News,Events,Contents,MenuManagement,RegularPages,HeaderFooter,Gallery,Product,Photo,ContactProfile,SEO', 'Settings,BranchManagement,UserManagement,MyAccount,PreviewWebsite'),
	(6, 'Administrator', 'Dashboard,Inbox,Contents,KegiatanDiklat,Widyaiswara,BahanAjar,SttplAlumni,Pages,MenuManagement,Banner,HeaderFooter,SEO,MasterData,Instansi,UnitKerja,PangkatGolongan,Jabatan,PendidikanTerakhir,JenisPengajar,JenisDiklat,BerkasPendaftaran,Lokasi,Angkatan,TanggalMerah,FooterExcel,LabelMapel,MataPelajran,MataPelajranFUngsional,Anggota,Faq,PendaftaranDiklat,AkdAnggota,ContactProfile,DiklatFungsional,MyAccount,PengajarDiklat,Diklat,ArsipMateri,Kelulusan,RekapAjar,RekapAjarWi,DiklatPkti', 'Regional,Users,MyAccount,PreviewWebsite'),
	(14, 'Pengajar', 'Dashboard,RekapAjar', 'MyAccount,PreviewWebsite');
/*!40000 ALTER TABLE `tb_user_privileges` ENABLE KEYS */;

-- Dumping structure for table db_diklatlampung.tb_verifikasi_akun
DROP TABLE IF EXISTS `tb_verifikasi_akun`;
CREATE TABLE IF NOT EXISTS `tb_verifikasi_akun` (
  `id` int(11) NOT NULL AUTO_INCREMENT,
  `akunId` int(11) DEFAULT NULL,
  `token` varchar(50) DEFAULT NULL,
  `verifiedId` int(11) DEFAULT NULL,
  PRIMARY KEY (`id`)
) ENGINE=MyISAM AUTO_INCREMENT=26 DEFAULT CHARSET=utf8;

-- Dumping data for table db_diklatlampung.tb_verifikasi_akun: 19 rows
DELETE FROM `tb_verifikasi_akun`;
/*!40000 ALTER TABLE `tb_verifikasi_akun` DISABLE KEYS */;
INSERT INTO `tb_verifikasi_akun` (`id`, `akunId`, `token`, `verifiedId`) VALUES
	(9, 19, '538BBE14BC3FB03CFEF3D8F089DF82B7088C92DE', 2),
	(8, 18, '4644DC21FE955090ADED48482E45D8B6B557CCAC', 2),
	(7, 17, '02A668EC2BFC6EA6FB4A0382B0EF53E5A413B1DA', 2),
	(10, 21, '7C13F0B114D0CABF9BDDD4F475E2304C7FA3C133', 2),
	(11, 22, '11B97557BE4202EC94102EA0CB6E5C40E57A6099', 2),
	(12, 23, '794988659E5938D6CB3B79DD4C30C22678785B2F', 2),
	(13, 24, 'AF5DEE78C7DA0289C7C3A22DD59F8F61C2F5E55A', 2),
	(14, 25, '4DBDC039A70390F78C201B7B93A9403477C14518', 2),
	(15, 26, '9263E7CF9293C34B304B2D0F52525A42255910A1', 2),
	(16, 27, '5B43FFF870270946C3BBB6C3CF1EDE37F1676D07', 1),
	(17, 28, 'E8A664F9E5C886BC3A5D2B7F368D816281F151AF', 1),
	(18, 29, 'B6B202959C92104DAAB4B29C292F068849B07B1E', 2),
	(19, 30, '5748D37F28ECF912E8354430A507A5BCADE7CB88', 2),
	(20, 31, 'B4D795A6D6B225EE44E34D2683D6E974AE5E6B38', 2),
	(21, 32, 'EE5EDC7AAAF63A8CB93E3A3212858FA41CE96A99', 2),
	(22, 33, 'D1E2938C56EFD7CC0C56584D6411709246078A87', 2),
	(23, 34, 'FF0E70791E1469A1F0EB6EC31FADC7B8F400CC8C', 2),
	(24, 36, 'BE7BE6464D43D871E89EA1DC77078FE56A14AD6C', 2),
	(25, 37, '82ED4999C65DC92A5B76B759DEC4AA59E9966818', 2);
/*!40000 ALTER TABLE `tb_verifikasi_akun` ENABLE KEYS */;

-- Dumping structure for table db_diklatlampung.tb_widyaiswara
DROP TABLE IF EXISTS `tb_widyaiswara`;
CREATE TABLE IF NOT EXISTS `tb_widyaiswara` (
  `id` int(11) NOT NULL AUTO_INCREMENT,
  `judul` varchar(50) DEFAULT NULL,
  `pengantar` text DEFAULT NULL,
  PRIMARY KEY (`id`)
) ENGINE=MyISAM AUTO_INCREMENT=2 DEFAULT CHARSET=utf8;

-- Dumping data for table db_diklatlampung.tb_widyaiswara: 1 rows
DELETE FROM `tb_widyaiswara`;
/*!40000 ALTER TABLE `tb_widyaiswara` DISABLE KEYS */;
INSERT INTO `tb_widyaiswara` (`id`, `judul`, `pengantar`) VALUES
	(1, 'Widyaiswara / Pengajar / Instruktur', '<p>Selamat datang calon <strong>peserta</strong> diklat.</p>');
/*!40000 ALTER TABLE `tb_widyaiswara` ENABLE KEYS */;

-- Dumping structure for view db_diklatlampung.vi_akun
DROP VIEW IF EXISTS `vi_akun`;
-- Creating temporary table to overcome VIEW dependency errors
CREATE TABLE `vi_akun` (
	`id` INT(11) NOT NULL,
	`nip` VARCHAR(50) NULL COLLATE 'utf8_general_ci',
	`nama` VARCHAR(50) NULL COLLATE 'utf8_general_ci',
	`nipNama` VARCHAR(103) NULL COLLATE 'utf8_general_ci',
	`email` VARCHAR(50) NULL COLLATE 'utf8_general_ci',
	`kataSandi` VARCHAR(50) NULL COLLATE 'utf8_general_ci',
	`salt` VARCHAR(50) NULL COLLATE 'utf8_general_ci',
	`pangkatGolonganId` INT(11) NULL,
	`pangkatGolongan` VARCHAR(200) NULL COLLATE 'utf8_general_ci',
	`jabatanEselon` VARCHAR(200) NULL COLLATE 'utf8_general_ci',
	`unitKerjaId` INT(11) NULL,
	`unitKerja` VARCHAR(200) NULL COLLATE 'utf8_general_ci',
	`instansiId` INT(11) NULL,
	`instansi` VARCHAR(200) NULL COLLATE 'utf8_general_ci',
	`instansiLainnya` VARCHAR(200) NULL COLLATE 'utf8_general_ci',
	`pendidikanTerakhirId` INT(11) NULL,
	`pendidikanTerakhir` VARCHAR(50) NULL COLLATE 'utf8_general_ci',
	`jenisKelaminId` INT(11) NULL,
	`jenisKelamin` VARCHAR(50) NULL COLLATE 'utf8_general_ci',
	`tempatLahir` VARCHAR(50) NULL COLLATE 'utf8_general_ci',
	`tanggalLahir` VARCHAR(10) NULL COLLATE 'utf8mb4_general_ci',
	`_tanggalLahir` DATE NULL,
	`umur` VARCHAR(9) NULL COLLATE 'utf8mb4_general_ci',
	`agamaId` INT(11) NULL,
	`agama` VARCHAR(50) NULL COLLATE 'utf8_general_ci',
	`alamat` TEXT NULL COLLATE 'utf8_general_ci',
	`alamatKantor` TEXT NULL COLLATE 'utf8_general_ci',
	`telpHp` VARCHAR(50) NULL COLLATE 'utf8_general_ci',
	`foto` VARCHAR(50) NULL COLLATE 'utf8_general_ci',
	`suratPerintahTugas` VARCHAR(50) NULL COLLATE 'utf8_general_ci',
	`suratPernyataanBebasTugasKedinasan` VARCHAR(50) NULL COLLATE 'utf8_general_ci',
	`suratKeputusanCPNS` VARCHAR(50) NULL COLLATE 'utf8_general_ci',
	`suratKeputusanPangkat` VARCHAR(50) NULL COLLATE 'utf8_general_ci',
	`suratKeputusanJabatanTerakhir` VARCHAR(50) NULL COLLATE 'utf8_general_ci',
	`ijazahTerakhir` VARCHAR(50) NULL COLLATE 'utf8_general_ci',
	`suratKeteranganDokterdariRumahSakitPemerintah` VARCHAR(50) NULL COLLATE 'utf8_general_ci',
	`askesBPJSatauKIS` VARCHAR(50) NULL COLLATE 'utf8_general_ci',
	`registeredOn` VARCHAR(19) NULL COLLATE 'utf8mb4_general_ci',
	`_registeredOn` DATETIME NULL,
	`statusAkunId` INT(11) NULL,
	`statusAkun` VARCHAR(50) NULL COLLATE 'utf8_general_ci',
	`activeOn` VARCHAR(19) NULL COLLATE 'utf8mb4_general_ci',
	`_activeOn` DATETIME NULL,
	`tipeAkunId` INT(11) NULL,
	`tipeAkun` VARCHAR(50) NULL COLLATE 'utf8_general_ci'
) ENGINE=MyISAM;

-- Dumping structure for view db_diklatlampung.vi_all_ordered_pages
DROP VIEW IF EXISTS `vi_all_ordered_pages`;
-- Creating temporary table to overcome VIEW dependency errors
CREATE TABLE `vi_all_ordered_pages` (
	`id` VARCHAR(14) NOT NULL COLLATE 'utf8mb4_general_ci',
	`position` VARCHAR(14) NULL COLLATE 'utf8mb4_general_ci',
	`title` VARCHAR(66) NULL COLLATE 'utf8_general_ci',
	`title_sl` VARCHAR(66) NULL COLLATE 'utf8_general_ci',
	`title_el` VARCHAR(66) NULL COLLATE 'utf8_general_ci',
	`uri` VARCHAR(50) NULL COLLATE 'utf8_general_ci'
) ENGINE=MyISAM;

-- Dumping structure for view db_diklatlampung.vi_all_pages
DROP VIEW IF EXISTS `vi_all_pages`;
-- Creating temporary table to overcome VIEW dependency errors
CREATE TABLE `vi_all_pages` (
	`id` VARCHAR(14) NOT NULL COLLATE 'utf8mb4_general_ci',
	`position` VARCHAR(14) NULL COLLATE 'utf8mb4_general_ci',
	`title` VARCHAR(66) NULL COLLATE 'utf8_general_ci',
	`title_sl` VARCHAR(66) NULL COLLATE 'utf8_general_ci',
	`title_el` VARCHAR(66) NULL COLLATE 'utf8_general_ci',
	`uri` VARCHAR(50) NULL COLLATE 'utf8_general_ci'
) ENGINE=MyISAM;

-- Dumping structure for view db_diklatlampung.vi_alumni
DROP VIEW IF EXISTS `vi_alumni`;
-- Creating temporary table to overcome VIEW dependency errors
CREATE TABLE `vi_alumni` (
	`id` INT(11) NOT NULL,
	`diklatId` INT(11) NULL,
	`tahun` INT(4) NULL,
	`bulan` INT(2) NULL,
	`jenisDiklatId` INT(11) NULL,
	`jenisDiklat` VARCHAR(200) NULL COLLATE 'utf8_general_ci',
	`kode` VARCHAR(100) NULL COLLATE 'utf8_general_ci',
	`namaDiklat` TEXT NULL COLLATE 'utf8_general_ci',
	`pelaksanaanMulai` VARCHAR(10) NULL COLLATE 'utf8mb4_general_ci',
	`_pelaksanaanMulai` DATE NULL,
	`pelaksanaanSelesai` VARCHAR(10) NULL COLLATE 'utf8mb4_general_ci',
	`_pelaksanaanSelesai` DATE NULL,
	`kuota` VARBINARY(33) NULL,
	`_kuota` INT(11) NULL,
	`statusDiklatId` INT(11) NULL,
	`statusDiklat` VARCHAR(50) NULL COLLATE 'utf8_general_ci',
	`akunId` INT(11) NULL,
	`nip` VARCHAR(50) NULL COLLATE 'utf8_general_ci',
	`nama` VARCHAR(50) NULL COLLATE 'utf8_general_ci',
	`nipNama` VARCHAR(103) NULL COLLATE 'utf8_general_ci',
	`email` VARCHAR(50) NULL COLLATE 'utf8_general_ci',
	`pangkatGolonganId` INT(11) NULL,
	`pangkatGolongan` VARCHAR(200) NULL COLLATE 'utf8_general_ci',
	`jabatanEselon` VARCHAR(200) NULL COLLATE 'utf8_general_ci',
	`unitKerjaId` INT(11) NULL,
	`unitKerja` VARCHAR(200) NULL COLLATE 'utf8_general_ci',
	`instansiId` INT(11) NULL,
	`instansi` VARCHAR(200) NULL COLLATE 'utf8_general_ci',
	`instansiLainnya` VARCHAR(200) NULL COLLATE 'utf8_general_ci',
	`pendidikanTerakhirId` INT(11) NULL,
	`pendidikanTerakhir` VARCHAR(50) NULL COLLATE 'utf8_general_ci',
	`jenisKelaminId` INT(11) NULL,
	`jenisKelamin` VARCHAR(50) NULL COLLATE 'utf8_general_ci',
	`tempatLahir` VARCHAR(50) NULL COLLATE 'utf8_general_ci',
	`tanggalLahir` VARCHAR(10) NULL COLLATE 'utf8mb4_general_ci',
	`_tanggalLahir` DATE NULL,
	`agamaId` INT(11) NULL,
	`agama` VARCHAR(50) NULL COLLATE 'utf8_general_ci',
	`alamat` TEXT NULL COLLATE 'utf8_general_ci',
	`telpHp` VARCHAR(50) NULL COLLATE 'utf8_general_ci',
	`foto` VARCHAR(50) NULL COLLATE 'utf8_general_ci',
	`registeredOn` VARCHAR(19) NULL COLLATE 'utf8mb4_general_ci',
	`_registeredOn` DATETIME NULL,
	`statusAkunId` INT(11) NULL,
	`statusAkun` VARCHAR(50) NULL COLLATE 'utf8_general_ci',
	`activeOn` VARCHAR(19) NULL COLLATE 'utf8mb4_general_ci',
	`_activeOn` DATETIME NULL,
	`noRegistrasi` VARCHAR(50) NULL COLLATE 'utf8_general_ci'
) ENGINE=MyISAM;

-- Dumping structure for view db_diklatlampung.vi_anggota_soal_akd_tersedia
DROP VIEW IF EXISTS `vi_anggota_soal_akd_tersedia`;
-- Creating temporary table to overcome VIEW dependency errors
CREATE TABLE `vi_anggota_soal_akd_tersedia` (
	`id` INT(11) NOT NULL,
	`nip` VARCHAR(50) NULL COLLATE 'utf8_general_ci',
	`nama` VARCHAR(50) NULL COLLATE 'utf8_general_ci',
	`nipNama` VARCHAR(103) NULL COLLATE 'utf8_general_ci',
	`email` VARCHAR(50) NULL COLLATE 'utf8_general_ci'
) ENGINE=MyISAM;

-- Dumping structure for view db_diklatlampung.vi_arsip_materi
DROP VIEW IF EXISTS `vi_arsip_materi`;
-- Creating temporary table to overcome VIEW dependency errors
CREATE TABLE `vi_arsip_materi` (
	`id` INT(11) NOT NULL,
	`publishStatusId` INT(11) NULL,
	`publishStatus` VARCHAR(50) NULL COLLATE 'utf8_general_ci',
	`jenisDiklatId` INT(11) NULL,
	`jenisDiklat` VARCHAR(200) NULL COLLATE 'utf8_general_ci',
	`diklatId` INT(11) NULL,
	`kode` VARCHAR(100) NULL COLLATE 'utf8_general_ci',
	`namaDiklat` TEXT NULL COLLATE 'utf8_general_ci',
	`pelaksanaanMulai` VARCHAR(10) NULL COLLATE 'utf8mb4_general_ci',
	`_pelaksanaanMulai` DATE NULL,
	`pelaksanaanSelesai` VARCHAR(10) NULL COLLATE 'utf8mb4_general_ci',
	`_pelaksanaanSelesai` DATE NULL,
	`kuota` VARBINARY(33) NULL,
	`_kuota` INT(11) NULL,
	`statusDiklatId` INT(11) NULL,
	`statusDiklat` VARCHAR(50) NULL COLLATE 'utf8_general_ci',
	`mataDiklat` VARCHAR(200) NULL COLLATE 'utf8_general_ci',
	`fileWord` VARCHAR(50) NULL COLLATE 'utf8_general_ci',
	`fileExcel` VARCHAR(50) NULL COLLATE 'utf8_general_ci',
	`filePowerPoint` VARCHAR(50) NULL COLLATE 'utf8_general_ci',
	`filePdf` VARCHAR(50) NULL COLLATE 'utf8_general_ci',
	`pengajar` MEDIUMTEXT NULL COLLATE 'utf8_general_ci'
) ENGINE=MyISAM;

-- Dumping structure for view db_diklatlampung.vi_arsip_materi_pengajar
DROP VIEW IF EXISTS `vi_arsip_materi_pengajar`;
-- Creating temporary table to overcome VIEW dependency errors
CREATE TABLE `vi_arsip_materi_pengajar` (
	`id` INT(11) NOT NULL,
	`arsipMateriId` INT(11) NULL,
	`pengajarDiklatId` INT(11) NULL,
	`pengajar` VARCHAR(50) NULL COLLATE 'utf8_general_ci'
) ENGINE=MyISAM;

-- Dumping structure for view db_diklatlampung.vi_bahan_jadwal_diklat
DROP VIEW IF EXISTS `vi_bahan_jadwal_diklat`;
-- Creating temporary table to overcome VIEW dependency errors
CREATE TABLE `vi_bahan_jadwal_diklat` (
	`id` INT(11) NOT NULL,
	`userIdCreated` INT(11) NULL,
	`tglCreated` DATETIME NULL,
	`_tanggalCreated` VARCHAR(21) NULL COLLATE 'utf8mb4_general_ci',
	`nameCreated` VARCHAR(50) NULL COLLATE 'utf8_general_ci',
	`userIdUpdated` INT(11) NULL,
	`tglUpdated` DATETIME NULL,
	`_tanggalUpdated` VARCHAR(21) NULL COLLATE 'utf8mb4_general_ci',
	`nameUpdated` VARCHAR(50) NULL COLLATE 'utf8_general_ci',
	`diklatId` INT(11) NULL,
	`statusSimpan` VARCHAR(50) NULL COLLATE 'utf8_general_ci',
	`kode` VARCHAR(100) NULL COLLATE 'utf8_general_ci',
	`namaDiklat` TEXT NULL COLLATE 'utf8_general_ci',
	`kuota` VARBINARY(33) NULL,
	`_kuota` INT(11) NULL,
	`kuotaDiklat` BIGINT(21) NULL,
	`publishStatusId` INT(11) NULL,
	`tahunDiklat` INT(11) NULL,
	`lokasi` VARCHAR(50) NULL COLLATE 'utf8_general_ci',
	`angkatanId` INT(11) NULL,
	`angkatan` VARCHAR(200) NULL COLLATE 'utf8_general_ci',
	`jenisDiklatId` INT(11) NULL,
	`jenisDiklat` VARCHAR(200) NULL COLLATE 'utf8_general_ci',
	`statusDiklatId` INT(11) NULL,
	`statusDiklat` VARCHAR(50) NULL COLLATE 'utf8_general_ci',
	`pelaksanaanMulai` VARCHAR(10) NULL COLLATE 'utf8mb4_general_ci',
	`pelaksanaanSelesai` VARCHAR(10) NULL COLLATE 'utf8mb4_general_ci',
	`pengajarDiklatId` INT(11) NULL,
	`namaPengajar` VARCHAR(50) NULL COLLATE 'utf8_general_ci',
	`fotoPengajar` VARCHAR(50) NULL COLLATE 'utf8_general_ci',
	`jenisPengajarId` INT(11) NULL,
	`ruang` VARCHAR(200) NULL COLLATE 'utf8_general_ci',
	`mataPelajaranId` INT(11) NULL,
	`mataPelajaran` VARCHAR(200) NULL COLLATE 'utf8_general_ci',
	`labelMapelId` INT(11) NULL,
	`jumlahHari` INT(11) NULL,
	`tipeWaktuId` INT(11) NULL,
	`tipeWaktu` VARCHAR(50) NULL COLLATE 'utf8_general_ci',
	`tipeTanggalId` INT(11) NULL,
	`tipeTanggal` VARCHAR(50) NULL COLLATE 'utf8_general_ci',
	`tipeMataPelajaranId` INT(11) NULL,
	`tipeMataPelajaran` VARCHAR(50) NULL COLLATE 'utf8_general_ci',
	`jumlahJp` INT(11) NULL,
	`jumlahJp_` VARCHAR(14) NULL COLLATE 'utf8mb4_general_ci',
	`keterangan` TEXT NULL COLLATE 'utf8_general_ci',
	`noUrut` INT(11) NULL,
	`tanggal` DATE NULL,
	`_tanggal` VARCHAR(10) NULL COLLATE 'utf8mb4_general_ci',
	`tanggalSelesai` DATE NULL,
	`_tanggalSelesai` VARCHAR(10) NULL COLLATE 'utf8mb4_general_ci',
	`jamMulai` VARCHAR(10) NULL COLLATE 'utf8mb4_general_ci',
	`nilaiJamMulai` VARCHAR(9) NULL COLLATE 'utf8mb4_general_ci',
	`_jamMulai` VARCHAR(7) NULL COLLATE 'utf8mb4_general_ci',
	`jamMulaiMenit` VARCHAR(2) NULL COLLATE 'utf8mb4_general_ci',
	`jamSelesai` VARCHAR(10) NULL COLLATE 'utf8mb4_general_ci',
	`nilaiJamSelesai` VARCHAR(9) NULL COLLATE 'utf8mb4_general_ci',
	`_jamSelesai` VARCHAR(7) NULL COLLATE 'utf8mb4_general_ci',
	`jamSelesaiMenit` VARCHAR(2) NULL COLLATE 'utf8mb4_general_ci',
	`tanggalJamMulai` VARCHAR(24) NULL COLLATE 'utf8mb4_general_ci',
	`tanggalJamSelesai` VARCHAR(24) NULL COLLATE 'utf8mb4_general_ci',
	`jumlahJam` VARCHAR(10) NULL COLLATE 'utf8mb4_general_ci'
) ENGINE=MyISAM;

-- Dumping structure for view db_diklatlampung.vi_bahan_jadwal_diklat_pengajar_detail
DROP VIEW IF EXISTS `vi_bahan_jadwal_diklat_pengajar_detail`;
-- Creating temporary table to overcome VIEW dependency errors
CREATE TABLE `vi_bahan_jadwal_diklat_pengajar_detail` (
	`id` INT(11) NOT NULL,
	`bahanJadwalDiklatId` INT(11) NULL,
	`jenisDiklatId` INT(11) NULL,
	`tahunDiklat` INT(11) NULL,
	`publishStatusId` INT(11) NULL,
	`jenisDiklat` VARCHAR(200) NULL COLLATE 'utf8_general_ci',
	`tanggal` DATE NULL,
	`jumlahJp` INT(11) NULL,
	`namaDiklat` TEXT NULL COLLATE 'utf8_general_ci',
	`noUrut` INT(11) NULL,
	`jamMulai` VARCHAR(10) NULL COLLATE 'utf8mb4_general_ci',
	`jamSelesai` VARCHAR(10) NULL COLLATE 'utf8mb4_general_ci',
	`tanggalJamMulai` VARCHAR(24) NULL COLLATE 'utf8mb4_general_ci',
	`tanggalJamSelesai` VARCHAR(24) NULL COLLATE 'utf8mb4_general_ci',
	`tipeMataPelajaranId` INT(11) NULL,
	`tipeWaktuId` INT(11) NULL,
	`mataPelajaran` VARCHAR(200) NULL COLLATE 'utf8_general_ci',
	`statusDiklatId` INT(11) NULL,
	`diklatId` INT(11) NULL,
	`pengajarDiklatId` INT(11) NULL,
	`namaPengajar` VARCHAR(50) NULL COLLATE 'utf8_general_ci',
	`fotoPengajar` VARCHAR(50) NULL COLLATE 'utf8_general_ci',
	`jenisPengajarId` INT(11) NULL,
	`tipeUserId` INT(11) NULL,
	`aktivasiId` INT(11) NULL
) ENGINE=MyISAM;

-- Dumping structure for view db_diklatlampung.vi_bahan_jadwal_pengajar
DROP VIEW IF EXISTS `vi_bahan_jadwal_pengajar`;
-- Creating temporary table to overcome VIEW dependency errors
CREATE TABLE `vi_bahan_jadwal_pengajar` (
	`id` INT(11) NOT NULL,
	`jadwalPengajarId` INT(11) NULL,
	`diklatId` INT(11) NULL,
	`angkatanId` INT(11) NULL,
	`jenisDiklatId` INT(11) NULL,
	`pengajarDiklatId` INT(11) NULL,
	`namaPengajar` VARCHAR(50) NULL COLLATE 'utf8_general_ci',
	`tempatId` INT(11) NULL,
	`tempat` VARCHAR(50) NULL COLLATE 'utf8_general_ci',
	`lokasiId` INT(11) NULL,
	`lokasi` VARCHAR(50) NULL COLLATE 'utf8_general_ci',
	`mataPelajaranId` INT(11) NULL,
	`mataPelajaran` VARCHAR(200) NULL COLLATE 'utf8_general_ci',
	`noUrut` INT(11) NULL,
	`jumlahHari` INT(11) NULL,
	`tipeWaktuId` INT(11) NULL,
	`tipeWaktu` VARCHAR(50) NULL COLLATE 'utf8_general_ci',
	`tipeMataPelajaranId` INT(11) NULL,
	`tipeMataPelajaran` VARCHAR(50) NULL COLLATE 'utf8_general_ci',
	`jumlahJp` INT(11) NULL,
	`tanggal` DATE NULL,
	`_tanggal` VARCHAR(10) NULL COLLATE 'utf8mb4_general_ci',
	`tanggalSelesai` DATE NULL,
	`_tanggalSelesai` VARCHAR(10) NULL COLLATE 'utf8mb4_general_ci',
	`jamMulai` VARCHAR(10) NULL COLLATE 'utf8mb4_general_ci',
	`nilaiJamMulai` VARCHAR(9) NULL COLLATE 'utf8mb4_general_ci',
	`_jamMulai` VARCHAR(7) NULL COLLATE 'utf8mb4_general_ci',
	`jamMulaiMenit` VARCHAR(2) NULL COLLATE 'utf8mb4_general_ci',
	`jamSelesai` VARCHAR(10) NULL COLLATE 'utf8mb4_general_ci',
	`nilaiJamSelesai` VARCHAR(9) NULL COLLATE 'utf8mb4_general_ci',
	`_jamSelesai` VARCHAR(7) NULL COLLATE 'utf8mb4_general_ci',
	`jamSelesaiMenit` VARCHAR(2) NULL COLLATE 'utf8mb4_general_ci',
	`jumlahJam` VARCHAR(10) NULL COLLATE 'utf8mb4_general_ci'
) ENGINE=MyISAM;

-- Dumping structure for view db_diklatlampung.vi_bahan_jadwal_pengajar_detail
DROP VIEW IF EXISTS `vi_bahan_jadwal_pengajar_detail`;
-- Creating temporary table to overcome VIEW dependency errors
CREATE TABLE `vi_bahan_jadwal_pengajar_detail` (
	`id` INT(11) NOT NULL,
	`bahanJadwalPengajarId` INT(11) NULL,
	`jadwalPengajarId` INT(11) NULL,
	`pengajarDiklatId` INT(11) NULL,
	`namaPengajar` VARCHAR(50) NULL COLLATE 'utf8_general_ci'
) ENGINE=MyISAM;

-- Dumping structure for view db_diklatlampung.vi_branch
DROP VIEW IF EXISTS `vi_branch`;
-- Creating temporary table to overcome VIEW dependency errors
CREATE TABLE `vi_branch` (
	`id` INT(11) NOT NULL,
	`POSITION` INT(11) NULL,
	`branchName` VARCHAR(64) NULL COLLATE 'utf8_general_ci',
	`_branchName` VARCHAR(50) NULL COLLATE 'utf8_general_ci',
	`regionalId` INT(11) NULL,
	`regional` VARCHAR(50) NULL COLLATE 'utf8_general_ci',
	`districtCityId` INT(11) NULL,
	`districtCity` VARCHAR(50) NULL COLLATE 'utf8_general_ci',
	`address` TEXT NULL COLLATE 'utf8_general_ci',
	`latitude` VARCHAR(50) NULL COLLATE 'utf8_general_ci',
	`longitude` VARCHAR(50) NULL COLLATE 'utf8_general_ci',
	`phoneNumber` VARCHAR(50) NULL COLLATE 'utf8_general_ci',
	`faxNumber` VARCHAR(50) NULL COLLATE 'utf8_general_ci',
	`email` VARCHAR(50) NULL COLLATE 'utf8_general_ci',
	`facebookPage` VARCHAR(50) NULL COLLATE 'utf8_general_ci',
	`twitterPage` VARCHAR(50) NULL COLLATE 'utf8_general_ci',
	`mainBranchId` INT(11) NULL,
	`mainBranch` VARCHAR(50) NULL COLLATE 'utf8_general_ci'
) ENGINE=MyISAM;

-- Dumping structure for view db_diklatlampung.vi_diklat
DROP VIEW IF EXISTS `vi_diklat`;
-- Creating temporary table to overcome VIEW dependency errors
CREATE TABLE `vi_diklat` (
	`id` INT(11) NOT NULL,
	`publishStatusId` INT(11) NULL,
	`userIdCreated` INT(11) NULL,
	`tglCreated` DATETIME NULL,
	`_tanggalCreated` VARCHAR(21) NULL COLLATE 'utf8mb4_general_ci',
	`nameCreated` VARCHAR(50) NULL COLLATE 'utf8_general_ci',
	`userIdUpdated` INT(11) NULL,
	`tglUpdated` DATETIME NULL,
	`_tanggalUpdated` VARCHAR(21) NULL COLLATE 'utf8mb4_general_ci',
	`nameUpdated` VARCHAR(50) NULL COLLATE 'utf8_general_ci',
	`publishStatus` VARCHAR(50) NULL COLLATE 'utf8_general_ci',
	`tahun` INT(4) NULL,
	`bulan` INT(2) NULL,
	`jenisDiklatId` INT(11) NULL,
	`jenisDiklat` VARCHAR(200) NULL COLLATE 'utf8_general_ci',
	`namaSingkat` VARCHAR(200) NULL COLLATE 'utf8_general_ci',
	`jumlahUpload` BIGINT(21) NULL,
	`kode` VARCHAR(100) NULL COLLATE 'utf8_general_ci',
	`namaDiklat` TEXT NULL COLLATE 'utf8_general_ci',
	`tahunDiklat` INT(11) NULL,
	`angkatanId` INT(11) NULL,
	`angkatan` VARCHAR(200) NULL COLLATE 'utf8_general_ci',
	`lokasiId` INT(11) NULL,
	`lokasi` VARCHAR(50) NULL COLLATE 'utf8_general_ci',
	`namaDiklatKode` MEDIUMTEXT NULL COLLATE 'utf8_general_ci',
	`pelaksanaanMulai` VARCHAR(10) NULL COLLATE 'utf8mb4_general_ci',
	`_pelaksanaanMulai` DATE NULL,
	`pelaksanaanSelesai` VARCHAR(10) NULL COLLATE 'utf8mb4_general_ci',
	`_pelaksanaanSelesai` DATE NULL,
	`kuota` VARBINARY(33) NULL,
	`_kuota` INT(11) NULL,
	`kuotaDiklat` BIGINT(21) NULL,
	`statusDiklatId` INT(11) NULL,
	`statusDiklat` VARCHAR(50) NULL COLLATE 'utf8_general_ci'
) ENGINE=MyISAM;

-- Dumping structure for view db_diklatlampung.vi_district_city
DROP VIEW IF EXISTS `vi_district_city`;
-- Creating temporary table to overcome VIEW dependency errors
CREATE TABLE `vi_district_city` (
	`id` INT(11) NOT NULL,
	`regionalId` INT(11) NULL,
	`regional` VARCHAR(50) NULL COLLATE 'utf8_general_ci',
	`districtCity` VARCHAR(50) NULL COLLATE 'utf8_general_ci'
) ENGINE=MyISAM;

-- Dumping structure for view db_diklatlampung.vi_faq
DROP VIEW IF EXISTS `vi_faq`;
-- Creating temporary table to overcome VIEW dependency errors
CREATE TABLE `vi_faq` (
	`id` INT(11) NOT NULL,
	`position` INT(11) NULL,
	`publishStatusId` INT(11) NULL,
	`publishStatus` VARCHAR(50) NULL COLLATE 'utf8_general_ci',
	`pertanyaan` TEXT NULL COLLATE 'utf8_general_ci',
	`jawaban` TEXT NULL COLLATE 'utf8_general_ci'
) ENGINE=MyISAM;

-- Dumping structure for view db_diklatlampung.vi_filter_angkatan
DROP VIEW IF EXISTS `vi_filter_angkatan`;
-- Creating temporary table to overcome VIEW dependency errors
CREATE TABLE `vi_filter_angkatan` (
	`id` INT(11) NOT NULL,
	`angkatan` VARCHAR(200) NULL COLLATE 'utf8_general_ci',
	`statusMasukId` INT(1) NOT NULL,
	`statusDiklatId` INT(11) NULL,
	`jenisDiklatId` INT(11) NULL,
	`angkatanId` INT(11) NULL
) ENGINE=MyISAM;

-- Dumping structure for view db_diklatlampung.vi_filter_diklat
DROP VIEW IF EXISTS `vi_filter_diklat`;
-- Creating temporary table to overcome VIEW dependency errors
CREATE TABLE `vi_filter_diklat` (
	`id` INT(11) NOT NULL,
	`publishStatusId` INT(11) NULL,
	`publishStatus` VARCHAR(50) NULL COLLATE 'utf8_general_ci',
	`tahun` INT(4) NULL,
	`bulan` INT(2) NULL,
	`jenisDiklatId` INT(11) NULL,
	`jenisDiklat` VARCHAR(200) NULL COLLATE 'utf8_general_ci',
	`kode` VARCHAR(100) NULL COLLATE 'utf8_general_ci',
	`namaDiklat` TEXT NULL COLLATE 'utf8_general_ci',
	`namaDiklatKode` MEDIUMTEXT NULL COLLATE 'utf8_general_ci',
	`pelaksanaanMulai` VARCHAR(10) NULL COLLATE 'utf8mb4_general_ci',
	`_pelaksanaanMulai` DATE NULL,
	`pelaksanaanSelesai` VARCHAR(10) NULL COLLATE 'utf8mb4_general_ci',
	`_pelaksanaanSelesai` DATE NULL,
	`kuota` VARBINARY(33) NULL,
	`_kuota` INT(11) NULL,
	`kuotaDiklat` BIGINT(21) NULL,
	`statusDiklatId` INT(11) NULL,
	`statusDiklat` VARCHAR(50) NULL COLLATE 'utf8_general_ci',
	`statusMasukId` INT(1) NOT NULL
) ENGINE=MyISAM;

-- Dumping structure for view db_diklatlampung.vi_filter_mapel
DROP VIEW IF EXISTS `vi_filter_mapel`;
-- Creating temporary table to overcome VIEW dependency errors
CREATE TABLE `vi_filter_mapel` (
	`id` INT(11) NOT NULL,
	`noUrut` INT(11) NULL,
	`mataPelajaran` VARCHAR(200) NULL COLLATE 'utf8_general_ci',
	`jenisDiklatId` INT(11) NULL,
	`jamMulai` VARCHAR(10) NULL COLLATE 'utf8mb4_general_ci',
	`jamSelesai` VARCHAR(10) NULL COLLATE 'utf8mb4_general_ci',
	`jumlahJp` VARCHAR(11) NULL COLLATE 'utf8mb4_general_ci',
	`jumlahHari` INT(11) NULL,
	`statusMasukId` INT(1) NOT NULL,
	`idPengajar` INT(11) NULL
) ENGINE=MyISAM;

-- Dumping structure for view db_diklatlampung.vi_footer_excel
DROP VIEW IF EXISTS `vi_footer_excel`;
-- Creating temporary table to overcome VIEW dependency errors
CREATE TABLE `vi_footer_excel` (
	`id` INT(11) NOT NULL,
	`pengajarDiklatId` INT(11) NULL,
	`name` VARCHAR(50) NULL COLLATE 'utf8_general_ci',
	`nip` VARCHAR(50) NULL COLLATE 'utf8_general_ci'
) ENGINE=MyISAM;

-- Dumping structure for view db_diklatlampung.vi_foot_links
DROP VIEW IF EXISTS `vi_foot_links`;
-- Creating temporary table to overcome VIEW dependency errors
CREATE TABLE `vi_foot_links` (
	`id` INT(11) NOT NULL,
	`footContentId` INT(11) NULL,
	`linkCaption` VARCHAR(50) NULL COLLATE 'utf8_general_ci',
	`linkCaption_sl` VARCHAR(50) NULL COLLATE 'utf8_general_ci',
	`linkCaption_el` VARCHAR(50) NULL COLLATE 'utf8_general_ci',
	`linkBehaviorId` INT(11) NULL,
	`behavior` VARCHAR(50) NULL COLLATE 'utf8_general_ci',
	`pagesId` INT(11) NULL,
	`page` VARCHAR(66) NULL COLLATE 'utf8_general_ci',
	`uri` VARCHAR(50) NULL COLLATE 'utf8_general_ci',
	`url` VARCHAR(255) NULL COLLATE 'utf8_general_ci',
	`openUrlOnNewTabId` INT(11) NULL,
	`openURLOnNewTab` VARCHAR(50) NULL COLLATE 'utf8_general_ci',
	`destination` VARCHAR(255) NULL COLLATE 'utf8_general_ci'
) ENGINE=MyISAM;

-- Dumping structure for view db_diklatlampung.vi_forgot_akun
DROP VIEW IF EXISTS `vi_forgot_akun`;
-- Creating temporary table to overcome VIEW dependency errors
CREATE TABLE `vi_forgot_akun` (
	`id` INT(11) NOT NULL,
	`akunId` INT(11) NULL,
	`token` VARCHAR(50) NULL COLLATE 'utf8_general_ci',
	`verifiedId` INT(11) NULL,
	`verified` VARCHAR(50) NULL COLLATE 'utf8_general_ci'
) ENGINE=MyISAM;

-- Dumping structure for view db_diklatlampung.vi_guest_book
DROP VIEW IF EXISTS `vi_guest_book`;
-- Creating temporary table to overcome VIEW dependency errors
CREATE TABLE `vi_guest_book` (
	`id` INT(11) NOT NULL,
	`name` VARCHAR(50) NULL COLLATE 'utf8_general_ci',
	`email` VARCHAR(50) NULL COLLATE 'utf8_general_ci',
	`subject` VARCHAR(50) NULL COLLATE 'utf8_general_ci',
	`message` TEXT NULL COLLATE 'utf8_general_ci',
	`postedOn` VARCHAR(10) NULL COLLATE 'utf8mb4_general_ci'
) ENGINE=MyISAM;

-- Dumping structure for view db_diklatlampung.vi_jadwal_pengajar
DROP VIEW IF EXISTS `vi_jadwal_pengajar`;
-- Creating temporary table to overcome VIEW dependency errors
CREATE TABLE `vi_jadwal_pengajar` (
	`id` INT(11) NOT NULL,
	`nomor` VARCHAR(200) NULL COLLATE 'utf8_general_ci',
	`diklatId` INT(11) NULL,
	`namaDiklat` TEXT NULL COLLATE 'utf8_general_ci',
	`jenisDiklatId` INT(11) NULL,
	`jenisDiklat` VARCHAR(200) NULL COLLATE 'utf8_general_ci',
	`pelaksanaanMulai` VARCHAR(10) NULL COLLATE 'utf8mb4_general_ci',
	`_pelaksanaanMulai` DATE NULL,
	`pelaksanaanSelesai` VARCHAR(10) NULL COLLATE 'utf8mb4_general_ci',
	`_pelaksanaanSelesai` DATE NULL,
	`statusDiklatId` INT(11) NULL,
	`angkatanId` INT(11) NULL,
	`angkatan` VARCHAR(200) NULL COLLATE 'utf8_general_ci',
	`publishStatusId` INT(11) NULL,
	`publishStatus` VARCHAR(50) NULL COLLATE 'utf8_general_ci'
) ENGINE=MyISAM;

-- Dumping structure for view db_diklatlampung.vi_jenis_diklat
DROP VIEW IF EXISTS `vi_jenis_diklat`;
-- Creating temporary table to overcome VIEW dependency errors
CREATE TABLE `vi_jenis_diklat` (
	`id` INT(11) NOT NULL,
	`position` INT(11) NULL,
	`jenisDiklat` VARCHAR(200) NULL COLLATE 'utf8_general_ci',
	`namaSingkat` VARCHAR(200) NULL COLLATE 'utf8_general_ci',
	`jumlahUpload` BIGINT(21) NULL
) ENGINE=MyISAM;

-- Dumping structure for view db_diklatlampung.vi_jenis_diklat_asli
DROP VIEW IF EXISTS `vi_jenis_diklat_asli`;
-- Creating temporary table to overcome VIEW dependency errors
CREATE TABLE `vi_jenis_diklat_asli` (
	`id` INT(11) NOT NULL,
	`position` INT(11) NULL,
	`jenisDiklat` VARCHAR(200) NULL COLLATE 'utf8_general_ci',
	`namaSingkat` VARCHAR(200) NULL COLLATE 'utf8_general_ci',
	`jumlahUpload` BIGINT(21) NULL
) ENGINE=MyISAM;

-- Dumping structure for view db_diklatlampung.vi_jenis_diklat_berkas
DROP VIEW IF EXISTS `vi_jenis_diklat_berkas`;
-- Creating temporary table to overcome VIEW dependency errors
CREATE TABLE `vi_jenis_diklat_berkas` (
	`id` INT(11) NOT NULL,
	`jenisDiklatId` INT(11) NULL,
	`jenisDiklat` VARCHAR(200) NULL COLLATE 'utf8_general_ci',
	`berkasPendaftaranId` INT(11) NULL,
	`berkasPendaftaran` VARCHAR(200) NULL COLLATE 'utf8_general_ci'
) ENGINE=MyISAM;

-- Dumping structure for view db_diklatlampung.vi_jenis_diklat_fungsional
DROP VIEW IF EXISTS `vi_jenis_diklat_fungsional`;
-- Creating temporary table to overcome VIEW dependency errors
CREATE TABLE `vi_jenis_diklat_fungsional` (
	`id` INT(11) NOT NULL,
	`position` INT(11) NULL,
	`jenisDiklat` VARCHAR(200) NULL COLLATE 'utf8_general_ci',
	`namaSingkat` VARCHAR(200) NULL COLLATE 'utf8_general_ci',
	`jumlahUpload` BIGINT(21) NULL
) ENGINE=MyISAM;

-- Dumping structure for view db_diklatlampung.vi_language
DROP VIEW IF EXISTS `vi_language`;
-- Creating temporary table to overcome VIEW dependency errors
CREATE TABLE `vi_language` (
	`id` INT(11) NOT NULL,
	`primaryCode` VARCHAR(50) NULL COLLATE 'utf8_general_ci',
	`primaryLanguage` VARCHAR(50) NULL COLLATE 'utf8_general_ci',
	`primaryFlag` VARCHAR(50) NULL COLLATE 'utf8_general_ci',
	`secondaryCode` VARCHAR(50) NULL COLLATE 'utf8_general_ci',
	`secondaryLanguage` VARCHAR(50) NULL COLLATE 'utf8_general_ci',
	`secondaryFlag` VARCHAR(50) NULL COLLATE 'utf8_general_ci',
	`secondaryEnabledId` INT(11) NULL,
	`secondaryEnabled` VARCHAR(50) NULL COLLATE 'utf8_general_ci',
	`extendedCode` VARCHAR(50) NULL COLLATE 'utf8_general_ci',
	`extendedLanguage` VARCHAR(50) NULL COLLATE 'utf8_general_ci',
	`extendedFlag` VARCHAR(50) NULL COLLATE 'utf8_general_ci',
	`extendedEnabledId` INT(11) NULL,
	`extendedEnabled` VARCHAR(50) NULL COLLATE 'utf8_general_ci'
) ENGINE=MyISAM;

-- Dumping structure for view db_diklatlampung.vi_link_behavior
DROP VIEW IF EXISTS `vi_link_behavior`;
-- Creating temporary table to overcome VIEW dependency errors
CREATE TABLE `vi_link_behavior` (
	`id` INT(11) NOT NULL,
	`behavior` VARCHAR(50) NULL COLLATE 'utf8_general_ci'
) ENGINE=MyISAM;

-- Dumping structure for view db_diklatlampung.vi_mata_pelajaran
DROP VIEW IF EXISTS `vi_mata_pelajaran`;
-- Creating temporary table to overcome VIEW dependency errors
CREATE TABLE `vi_mata_pelajaran` (
	`id` INT(11) NOT NULL,
	`publishStatusId` INT(11) NULL,
	`publishStatus` VARCHAR(50) NULL COLLATE 'utf8_general_ci',
	`noUrut` INT(11) NULL,
	`labelMapelId` INT(11) NULL,
	`mataPelajaran` VARCHAR(200) NULL COLLATE 'utf8_general_ci',
	`dMulai1` VARCHAR(2) NULL COLLATE 'utf8mb4_general_ci',
	`bMulai1` VARCHAR(2) NULL COLLATE 'utf8mb4_general_ci',
	`tMulai1` VARCHAR(4) NULL COLLATE 'utf8mb4_general_ci',
	`hMulai1` VARCHAR(7) NULL COLLATE 'utf8mb4_general_ci',
	`mMulai1` VARCHAR(2) NULL COLLATE 'utf8mb4_general_ci',
	`sMulai1` VARCHAR(2) NULL COLLATE 'utf8mb4_general_ci',
	`dSelesai1` VARCHAR(2) NULL COLLATE 'utf8mb4_general_ci',
	`bSelesai1` VARCHAR(2) NULL COLLATE 'utf8mb4_general_ci',
	`tSelesai1` VARCHAR(4) NULL COLLATE 'utf8mb4_general_ci',
	`hSelesai1` VARCHAR(7) NULL COLLATE 'utf8mb4_general_ci',
	`mSelesai1` VARCHAR(2) NULL COLLATE 'utf8mb4_general_ci',
	`sSelesai1` VARCHAR(2) NULL COLLATE 'utf8mb4_general_ci',
	`tanggalJamMulai` VARCHAR(24) NULL COLLATE 'utf8mb4_general_ci',
	`tanggalJamSelesai` VARCHAR(24) NULL COLLATE 'utf8mb4_general_ci',
	`jamMulai` VARCHAR(10) NULL COLLATE 'utf8mb4_general_ci',
	`jamMulai1` VARCHAR(13) NULL COLLATE 'utf8mb4_general_ci',
	`nilaiJamMulai` VARCHAR(9) NULL COLLATE 'utf8mb4_general_ci',
	`_jamMulai` VARCHAR(7) NULL COLLATE 'utf8mb4_general_ci',
	`jamMulaiMenit` VARCHAR(2) NULL COLLATE 'utf8mb4_general_ci',
	`jamSelesai` VARCHAR(10) NULL COLLATE 'utf8mb4_general_ci',
	`jamSelesai1` VARCHAR(13) NULL COLLATE 'utf8mb4_general_ci',
	`nilaiJamSelesai` VARCHAR(9) NULL COLLATE 'utf8mb4_general_ci',
	`_jamSelesai` VARCHAR(7) NULL COLLATE 'utf8mb4_general_ci',
	`jamSelesaiMenit` VARCHAR(2) NULL COLLATE 'utf8mb4_general_ci',
	`jumlahHari` INT(11) NULL,
	`jenisDiklatId` INT(11) NULL,
	`jenisDiklat` VARCHAR(200) NULL COLLATE 'utf8_general_ci',
	`tipeMataPelajaranId` INT(11) NULL,
	`tipeMataPelajaran` VARCHAR(50) NULL COLLATE 'utf8_general_ci',
	`tipeWaktuId` INT(11) NULL,
	`tipeWaktu` VARCHAR(50) NULL COLLATE 'utf8_general_ci',
	`tipeTanggalId` INT(11) NULL,
	`tipeTanggal` VARCHAR(50) NULL COLLATE 'utf8_general_ci',
	`jumlahJp` VARCHAR(11) NULL COLLATE 'utf8mb4_general_ci',
	`comboMataPelajaran` VARCHAR(238) NULL COLLATE 'utf8_general_ci',
	`jumlahJp_` VARCHAR(14) NULL COLLATE 'utf8mb4_general_ci'
) ENGINE=MyISAM;

-- Dumping structure for view db_diklatlampung.vi_menu
DROP VIEW IF EXISTS `vi_menu`;
-- Creating temporary table to overcome VIEW dependency errors
CREATE TABLE `vi_menu` (
	`id` INT(11) NOT NULL,
	`position` INT(11) NOT NULL,
	`menuCaption` VARCHAR(50) NULL COLLATE 'utf8_general_ci',
	`menuCaption_sl` VARCHAR(50) NULL COLLATE 'utf8_general_ci',
	`menuCaption_el` VARCHAR(50) NULL COLLATE 'utf8_general_ci',
	`menuBehaviorId` INT(11) NULL,
	`behavior` VARCHAR(50) NULL COLLATE 'utf8_general_ci',
	`pagesId` INT(11) NULL,
	`page` VARCHAR(66) NULL COLLATE 'utf8_general_ci',
	`page_sl` VARCHAR(66) NULL COLLATE 'utf8_general_ci',
	`page_el` VARCHAR(66) NULL COLLATE 'utf8_general_ci',
	`uri` VARCHAR(50) NULL COLLATE 'utf8_general_ci',
	`url` TEXT NULL COLLATE 'utf8_general_ci',
	`openUrlOnNewTabId` INT(11) NULL,
	`openURLOnNewTab` VARCHAR(50) NULL COLLATE 'utf8_general_ci',
	`publishStatusId` INT(11) NULL,
	`publishStatus` VARCHAR(50) NULL COLLATE 'utf8_general_ci',
	`onlyMemberId` INT(11) NULL,
	`onlyMember` VARCHAR(50) NULL COLLATE 'utf8_general_ci'
) ENGINE=MyISAM;

-- Dumping structure for view db_diklatlampung.vi_other_banner
DROP VIEW IF EXISTS `vi_other_banner`;
-- Creating temporary table to overcome VIEW dependency errors
CREATE TABLE `vi_other_banner` (
	`id` INT(11) NOT NULL,
	`pagesId` INT(11) NOT NULL,
	`page` VARCHAR(66) NULL COLLATE 'utf8_general_ci',
	`title` VARCHAR(50) NULL COLLATE 'utf8_general_ci',
	`title_sl` VARCHAR(50) NULL COLLATE 'utf8_general_ci',
	`title_el` VARCHAR(50) NULL COLLATE 'utf8_general_ci',
	`banner` TEXT NULL COLLATE 'utf8_general_ci',
	`publishStatusId` INT(11) NULL,
	`publishStatus` VARCHAR(50) NULL COLLATE 'utf8_general_ci'
) ENGINE=MyISAM;

-- Dumping structure for view db_diklatlampung.vi_pages
DROP VIEW IF EXISTS `vi_pages`;
-- Creating temporary table to overcome VIEW dependency errors
CREATE TABLE `vi_pages` (
	`id` INT(11) NOT NULL,
	`position` INT(11) NULL,
	`title` VARCHAR(50) NULL COLLATE 'utf8_general_ci',
	`title_sl` VARCHAR(50) NULL COLLATE 'utf8_general_ci',
	`title_el` VARCHAR(50) NULL COLLATE 'utf8_general_ci',
	`mediaTypeId` INT(11) NULL,
	`mediaType` VARCHAR(50) NULL COLLATE 'utf8_general_ci',
	`contentLayoutId` INT(11) NULL,
	`contentLayout` VARCHAR(50) NULL COLLATE 'utf8_general_ci',
	`image` VARCHAR(50) NULL COLLATE 'utf8_general_ci',
	`videoEmbed` TEXT NULL COLLATE 'utf8_general_ci',
	`description` TEXT NULL COLLATE 'utf8_general_ci',
	`description_sl` TEXT NULL COLLATE 'utf8_general_ci',
	`description_el` TEXT NULL COLLATE 'utf8_general_ci',
	`moreDescription` TEXT NULL COLLATE 'utf8_general_ci',
	`moreDescription_sl` TEXT NULL COLLATE 'utf8_general_ci',
	`moreDescription_el` TEXT NULL COLLATE 'utf8_general_ci',
	`publishStatusId` INT(11) NULL,
	`publishStatus` VARCHAR(50) NULL COLLATE 'utf8_general_ci'
) ENGINE=MyISAM;

-- Dumping structure for view db_diklatlampung.vi_pendaftaran_diklat
DROP VIEW IF EXISTS `vi_pendaftaran_diklat`;
-- Creating temporary table to overcome VIEW dependency errors
CREATE TABLE `vi_pendaftaran_diklat` (
	`id` INT(11) NOT NULL,
	`kodePeserta` VARCHAR(50) NULL COLLATE 'utf8_general_ci',
	`diklatId` INT(11) NULL,
	`statusUpload` VARCHAR(50) NULL COLLATE 'utf8_general_ci',
	`jenisDiklatId` INT(11) NULL,
	`jenisDiklat` VARCHAR(200) NULL COLLATE 'utf8_general_ci',
	`jumlahUpload` BIGINT(21) NULL,
	`kode` VARCHAR(100) NULL COLLATE 'utf8_general_ci',
	`namaDiklat` TEXT NULL COLLATE 'utf8_general_ci',
	`lokasi` VARCHAR(50) NULL COLLATE 'utf8_general_ci',
	`angkatan` VARCHAR(200) NULL COLLATE 'utf8_general_ci',
	`pelaksanaanMulai` VARCHAR(10) NULL COLLATE 'utf8mb4_general_ci',
	`_pelaksanaanMulai` DATE NULL,
	`pelaksanaanSelesai` VARCHAR(10) NULL COLLATE 'utf8mb4_general_ci',
	`_pelaksanaanSelesai` DATE NULL,
	`kuota` VARBINARY(33) NULL,
	`_kuota` INT(11) NULL,
	`statusDiklatId` INT(11) NULL,
	`statusDiklat` VARCHAR(50) NULL COLLATE 'utf8_general_ci',
	`akunId` INT(11) NULL,
	`nip` VARCHAR(50) NULL COLLATE 'utf8_general_ci',
	`nama` VARCHAR(50) NULL COLLATE 'utf8_general_ci',
	`nipNama` VARCHAR(103) NULL COLLATE 'utf8_general_ci',
	`umur` VARCHAR(9) NULL COLLATE 'utf8mb4_general_ci',
	`email` VARCHAR(50) NULL COLLATE 'utf8_general_ci',
	`pangkatGolonganId` INT(11) NULL,
	`alamatKantor` TEXT NULL COLLATE 'utf8_general_ci',
	`pangkatGolongan` VARCHAR(200) NULL COLLATE 'utf8_general_ci',
	`jabatanEselon` VARCHAR(200) NULL COLLATE 'utf8_general_ci',
	`unitKerjaId` INT(11) NULL,
	`unitKerja` VARCHAR(200) NULL COLLATE 'utf8_general_ci',
	`instansiId` INT(11) NULL,
	`instansi` VARCHAR(200) NULL COLLATE 'utf8_general_ci',
	`instansiLainnya` VARCHAR(200) NULL COLLATE 'utf8_general_ci',
	`pendidikanTerakhirId` INT(11) NULL,
	`pendidikanTerakhir` VARCHAR(50) NULL COLLATE 'utf8_general_ci',
	`jenisKelaminId` INT(11) NULL,
	`jenisKelamin` VARCHAR(50) NULL COLLATE 'utf8_general_ci',
	`tempatLahir` VARCHAR(50) NULL COLLATE 'utf8_general_ci',
	`tanggalLahir` VARCHAR(10) NULL COLLATE 'utf8mb4_general_ci',
	`_tanggalLahir` DATE NULL,
	`agamaId` INT(11) NULL,
	`agama` VARCHAR(50) NULL COLLATE 'utf8_general_ci',
	`alamat` TEXT NULL COLLATE 'utf8_general_ci',
	`telpHp` VARCHAR(50) NULL COLLATE 'utf8_general_ci',
	`foto` VARCHAR(50) NULL COLLATE 'utf8_general_ci',
	`suratPerintahTugas` VARCHAR(50) NULL COLLATE 'utf8_general_ci',
	`suratPernyataanBebasTugasKedinasan` VARCHAR(50) NULL COLLATE 'utf8_general_ci',
	`suratKeputusanCPNS` VARCHAR(50) NULL COLLATE 'utf8_general_ci',
	`suratKeputusanPangkat` VARCHAR(50) NULL COLLATE 'utf8_general_ci',
	`suratKeputusanJabatanTerakhir` VARCHAR(50) NULL COLLATE 'utf8_general_ci',
	`suratKeteranganDokterdariRumahSakitPemerintah` VARCHAR(50) NULL COLLATE 'utf8_general_ci',
	`ijazahTerakhir` VARCHAR(50) NULL COLLATE 'utf8_general_ci',
	`askesBPJSatauKIS` VARCHAR(50) NULL COLLATE 'utf8_general_ci',
	`registeredOn` VARCHAR(19) NULL COLLATE 'utf8mb4_general_ci',
	`_registeredOn` DATETIME NULL,
	`statusAkunId` INT(11) NULL,
	`statusAkun` VARCHAR(50) NULL COLLATE 'utf8_general_ci',
	`activeOn` VARCHAR(19) NULL COLLATE 'utf8mb4_general_ci',
	`_activeOn` DATETIME NULL
) ENGINE=MyISAM;

-- Dumping structure for view db_diklatlampung.vi_pendaftaran_diklat_berkas
DROP VIEW IF EXISTS `vi_pendaftaran_diklat_berkas`;
-- Creating temporary table to overcome VIEW dependency errors
CREATE TABLE `vi_pendaftaran_diklat_berkas` (
	`id` INT(11) NOT NULL,
	`pendaftaranDiklatId` INT(11) NULL,
	`diklatId` INT(11) NULL,
	`jenisDiklatId` INT(11) NULL,
	`berkasPendaftaranId` INT(11) NULL,
	`berkasPendaftaran` VARCHAR(200) NULL COLLATE 'utf8_general_ci',
	`berkas` VARCHAR(100) NULL COLLATE 'utf8_general_ci',
	`status` VARCHAR(20) NULL COLLATE 'utf8_general_ci'
) ENGINE=MyISAM;

-- Dumping structure for view db_diklatlampung.vi_pengajar_diklat
DROP VIEW IF EXISTS `vi_pengajar_diklat`;
-- Creating temporary table to overcome VIEW dependency errors
CREATE TABLE `vi_pengajar_diklat` (
	`id` INT(11) NOT NULL,
	`position` INT(11) NULL,
	`foto` VARCHAR(50) NULL COLLATE 'utf8_general_ci',
	`publishStatusId` INT(11) NULL,
	`publishStatus` VARCHAR(50) NULL COLLATE 'utf8_general_ci',
	`nama` VARCHAR(50) NULL COLLATE 'utf8_general_ci',
	`deskripsi` TEXT NULL COLLATE 'utf8_general_ci'
) ENGINE=MyISAM;

-- Dumping structure for view db_diklatlampung.vi_pertanyaan
DROP VIEW IF EXISTS `vi_pertanyaan`;
-- Creating temporary table to overcome VIEW dependency errors
CREATE TABLE `vi_pertanyaan` (
	`id` INT(11) NOT NULL,
	`nama` VARCHAR(50) NULL COLLATE 'utf8_general_ci',
	`email` VARCHAR(50) NULL COLLATE 'utf8_general_ci',
	`pertanyaan` TEXT NULL COLLATE 'utf8_general_ci',
	`postedOn` VARCHAR(19) NULL COLLATE 'utf8mb4_general_ci',
	`_postedOn` DATETIME NULL
) ENGINE=MyISAM;

-- Dumping structure for view db_diklatlampung.vi_rekapitulasi_jp
DROP VIEW IF EXISTS `vi_rekapitulasi_jp`;
-- Creating temporary table to overcome VIEW dependency errors
CREATE TABLE `vi_rekapitulasi_jp` (
	`id` INT(11) NOT NULL,
	`jenisDiklatId` INT(11) NULL,
	`tahunDiklat` INT(11) NULL,
	`publishStatusId` INT(11) NULL,
	`jenisDiklat` VARCHAR(200) NULL COLLATE 'utf8_general_ci',
	`diklatId` INT(11) NULL,
	`tanggal` DATE NULL,
	`jumlahJp` INT(11) NULL,
	`tipeMataPelajaranId` INT(11) NULL,
	`tipeWaktuId` INT(11) NULL,
	`namaPengajar` VARCHAR(50) NOT NULL COLLATE 'utf8_general_ci',
	`fotoPengajar` VARCHAR(50) NULL COLLATE 'utf8_general_ci',
	`pengajarDiklatId` INT(11) NULL,
	`jenisPengajarId` INT(11) NULL,
	`totalJp` DECIMAL(32,0) NOT NULL
) ENGINE=MyISAM;

-- Dumping structure for view db_diklatlampung.vi_rekapitulasi_peserta
DROP VIEW IF EXISTS `vi_rekapitulasi_peserta`;
-- Creating temporary table to overcome VIEW dependency errors
CREATE TABLE `vi_rekapitulasi_peserta` (
	`tahunDiklat` INT(11) NULL,
	`kuotaDiklat` DECIMAL(42,0) NOT NULL,
	`_kuota` DECIMAL(32,0) NOT NULL
) ENGINE=MyISAM;

-- Dumping structure for view db_diklatlampung.vi_seo
DROP VIEW IF EXISTS `vi_seo`;
-- Creating temporary table to overcome VIEW dependency errors
CREATE TABLE `vi_seo` (
	`id` INT(11) NOT NULL,
	`pagesId` INT(11) NOT NULL,
	`page` VARCHAR(66) NULL COLLATE 'utf8_general_ci',
	`keywords` MEDIUMTEXT NULL COLLATE 'utf8_general_ci',
	`description` TEXT NULL COLLATE 'utf8_general_ci'
) ENGINE=MyISAM;

-- Dumping structure for view db_diklatlampung.vi_soal_akd
DROP VIEW IF EXISTS `vi_soal_akd`;
-- Creating temporary table to overcome VIEW dependency errors
CREATE TABLE `vi_soal_akd` (
	`id` INT(11) NOT NULL,
	`tanggalPembuatan` VARCHAR(10) NULL COLLATE 'utf8mb4_general_ci',
	`_tanggalPembuatan` DATE NULL,
	`tanggalPengisian` VARCHAR(10) NULL COLLATE 'utf8mb4_general_ci',
	`_tanggalPengisian` DATE NULL,
	`jabatan` VARCHAR(200) NULL COLLATE 'utf8_general_ci',
	`unitKerja` VARCHAR(200) NULL COLLATE 'utf8_general_ci',
	`instansi` VARCHAR(200) NULL COLLATE 'utf8_general_ci',
	`akunId` INT(11) NULL,
	`nip` VARCHAR(50) NULL COLLATE 'utf8_general_ci',
	`nama` VARCHAR(50) NULL COLLATE 'utf8_general_ci',
	`nipNama` VARCHAR(103) NULL COLLATE 'utf8_general_ci',
	`email` VARCHAR(50) NULL COLLATE 'utf8_general_ci',
	`kedudukanId` INT(11) NULL,
	`kedudukan` VARCHAR(50) NULL COLLATE 'utf8_general_ci',
	`telahDijawabId` INT(11) NULL,
	`telahDijawab` VARCHAR(50) NULL COLLATE 'utf8_general_ci'
) ENGINE=MyISAM;

-- Dumping structure for view db_diklatlampung.vi_soal_akd_rumusan_kompetensi
DROP VIEW IF EXISTS `vi_soal_akd_rumusan_kompetensi`;
-- Creating temporary table to overcome VIEW dependency errors
CREATE TABLE `vi_soal_akd_rumusan_kompetensi` (
	`id` INT(11) NOT NULL,
	`soalAkdId` INT(11) NULL,
	`rumusanKompetensi` TEXT NULL COLLATE 'utf8_general_ci',
	`tingkatKesanggupanId` INT(11) NULL,
	`tingkatKesanggupan` VARCHAR(50) NULL COLLATE 'utf8_general_ci'
) ENGINE=MyISAM;

-- Dumping structure for view db_diklatlampung.vi_statistik_alumni
DROP VIEW IF EXISTS `vi_statistik_alumni`;
-- Creating temporary table to overcome VIEW dependency errors
CREATE TABLE `vi_statistik_alumni` (
	`jenisDiklatId` INT(11) NULL,
	`tahun` INT(4) NULL,
	`jumlahOrang` BIGINT(21) NOT NULL
) ENGINE=MyISAM;

-- Dumping structure for view db_diklatlampung.vi_sub_menu
DROP VIEW IF EXISTS `vi_sub_menu`;
-- Creating temporary table to overcome VIEW dependency errors
CREATE TABLE `vi_sub_menu` (
	`id` INT(11) NOT NULL,
	`menuId` INT(11) NULL,
	`menuCaption` VARCHAR(50) NULL COLLATE 'utf8_general_ci',
	`subMenuCaption` VARCHAR(50) NULL COLLATE 'utf8_general_ci',
	`subMenuCaption_sl` VARCHAR(50) NULL COLLATE 'utf8_general_ci',
	`subMenuCaption_el` VARCHAR(50) NULL COLLATE 'utf8_general_ci',
	`subMenuBehaviorId` INT(11) NULL,
	`behavior` VARCHAR(50) NULL COLLATE 'utf8_general_ci',
	`pagesId` INT(11) NULL,
	`page` VARCHAR(66) NULL COLLATE 'utf8_general_ci',
	`page_sl` VARCHAR(66) NULL COLLATE 'utf8_general_ci',
	`page_el` VARCHAR(66) NULL COLLATE 'utf8_general_ci',
	`uri` VARCHAR(50) NULL COLLATE 'utf8_general_ci',
	`url` TEXT NULL COLLATE 'utf8_general_ci',
	`openUrlOnNewTabId` INT(11) NULL,
	`openUrlOnNewTab` VARCHAR(50) NULL COLLATE 'utf8_general_ci',
	`destination` MEDIUMTEXT NULL COLLATE 'utf8_general_ci'
) ENGINE=MyISAM;

-- Dumping structure for view db_diklatlampung.vi_sub_menu_behavior
DROP VIEW IF EXISTS `vi_sub_menu_behavior`;
-- Creating temporary table to overcome VIEW dependency errors
CREATE TABLE `vi_sub_menu_behavior` (
	`id` INT(11) NOT NULL,
	`behavior` VARCHAR(50) NULL COLLATE 'utf8_general_ci'
) ENGINE=MyISAM;

-- Dumping structure for view db_diklatlampung.vi_tanggal_merah
DROP VIEW IF EXISTS `vi_tanggal_merah`;
-- Creating temporary table to overcome VIEW dependency errors
CREATE TABLE `vi_tanggal_merah` (
	`id` INT(11) NOT NULL,
	`tanggalMerah` VARCHAR(200) NULL COLLATE 'utf8_general_ci',
	`tanggalMulai` VARCHAR(10) NULL COLLATE 'utf8mb4_general_ci',
	`_tanggalMulai` DATE NULL,
	`tanggalSelesai` VARCHAR(10) NULL COLLATE 'utf8mb4_general_ci',
	`_tanggalSelesai` DATE NULL,
	`jumlahLibur` BIGINT(21) NULL
) ENGINE=MyISAM;

-- Dumping structure for view db_diklatlampung.vi_tempat
DROP VIEW IF EXISTS `vi_tempat`;
-- Creating temporary table to overcome VIEW dependency errors
CREATE TABLE `vi_tempat` (
	`id` INT(11) NOT NULL,
	`lokasiId` INT(11) NULL,
	`lokasi` VARCHAR(50) NULL COLLATE 'utf8_general_ci',
	`tempat` VARCHAR(50) NULL COLLATE 'utf8_general_ci'
) ENGINE=MyISAM;

-- Dumping structure for view db_diklatlampung.vi_user
DROP VIEW IF EXISTS `vi_user`;
-- Creating temporary table to overcome VIEW dependency errors
CREATE TABLE `vi_user` (
	`id` INT(11) NOT NULL,
	`name` VARCHAR(50) NULL COLLATE 'utf8_general_ci',
	`nip` VARCHAR(50) NULL COLLATE 'utf8_general_ci',
	`photo` VARCHAR(50) NULL COLLATE 'utf8_general_ci',
	`email` VARCHAR(50) NULL COLLATE 'utf8_general_ci',
	`password` VARCHAR(50) NULL COLLATE 'utf8_general_ci',
	`salt` VARCHAR(50) NULL COLLATE 'utf8_general_ci',
	`privilegesId` INT(11) NULL,
	`privileges` VARCHAR(50) NULL COLLATE 'utf8_general_ci',
	`menuAccess` TEXT NULL COLLATE 'utf8_general_ci',
	`panelAccess` TEXT NULL COLLATE 'utf8_general_ci',
	`genderId` INT(11) NULL,
	`gender` VARCHAR(50) NULL COLLATE 'utf8_general_ci',
	`pangkatGolonganId` INT(11) NULL,
	`pangkatGolongan` VARCHAR(200) NULL COLLATE 'utf8_general_ci',
	`jabatanId` INT(11) NULL,
	`jabatan` VARCHAR(50) NULL COLLATE 'utf8_general_ci',
	`jenisPengajarId` INT(11) NULL,
	`jenisPengajar` VARCHAR(200) NULL COLLATE 'utf8_general_ci',
	`dateOfBirth` VARCHAR(10) NULL COLLATE 'utf8mb4_general_ci',
	`_dateOfBirth` DATE NULL,
	`mobileNumber` VARCHAR(50) NULL COLLATE 'utf8_general_ci',
	`regionalId` INT(11) NULL,
	`regional` VARCHAR(50) NULL COLLATE 'utf8_general_ci',
	`districtCityId` INT(11) NULL,
	`districtCity` VARCHAR(50) NULL COLLATE 'utf8_general_ci',
	`branchId` INT(11) NULL,
	`branchName` VARCHAR(64) NULL COLLATE 'utf8_general_ci',
	`_branchName` VARCHAR(50) NULL COLLATE 'utf8_general_ci',
	`address` TEXT NULL COLLATE 'utf8_general_ci',
	`tipeUserId` INT(11) NULL,
	`tipeUser` VARCHAR(50) NULL COLLATE 'utf8_general_ci',
	`aktivasiId` INT(11) NULL,
	`aktivasi` VARCHAR(50) NULL COLLATE 'utf8_general_ci'
) ENGINE=MyISAM;

-- Dumping structure for view db_diklatlampung.vi_user_label_mapel
DROP VIEW IF EXISTS `vi_user_label_mapel`;
-- Creating temporary table to overcome VIEW dependency errors
CREATE TABLE `vi_user_label_mapel` (
	`id` INT(11) NOT NULL,
	`labelMapelId` INT(11) NULL,
	`labelMapel` VARCHAR(200) NULL COLLATE 'utf8_general_ci',
	`jenisDiklatId` INT(11) NULL,
	`jenisDiklat` VARCHAR(200) NULL COLLATE 'utf8_general_ci',
	`namaSingkat` VARCHAR(200) NULL COLLATE 'utf8_general_ci',
	`userId` INT(11) NULL,
	`namaPengajar` VARCHAR(50) NULL COLLATE 'utf8_general_ci',
	`aktivasiId` INT(11) NULL
) ENGINE=MyISAM;

-- Dumping structure for view db_diklatlampung.vi_user_log
DROP VIEW IF EXISTS `vi_user_log`;
-- Creating temporary table to overcome VIEW dependency errors
CREATE TABLE `vi_user_log` (
	`id` INT(11) NOT NULL,
	`userLoginId` INT(11) NOT NULL,
	`userId` INT(11) NULL,
	`name` VARCHAR(50) NULL COLLATE 'utf8_general_ci',
	`auth` VARCHAR(50) NULL COLLATE 'utf8_general_ci',
	`loginOn` VARCHAR(19) NULL COLLATE 'utf8mb4_general_ci',
	`_loginOn` DATETIME NULL,
	`logoutOn` VARCHAR(19) NULL COLLATE 'utf8mb4_general_ci',
	`_logoutOn` DATE NULL,
	`stillInsideId` INT(1) NOT NULL,
	`stillInside` VARCHAR(50) NULL COLLATE 'utf8_general_ci'
) ENGINE=MyISAM;

-- Dumping structure for view db_diklatlampung.vi_user_login
DROP VIEW IF EXISTS `vi_user_login`;
-- Creating temporary table to overcome VIEW dependency errors
CREATE TABLE `vi_user_login` (
	`id` INT(11) NOT NULL,
	`userId` INT(11) NULL,
	`name` VARCHAR(50) NULL COLLATE 'utf8_general_ci',
	`auth` VARCHAR(50) NULL COLLATE 'utf8_general_ci',
	`loginOn` VARCHAR(19) NULL COLLATE 'utf8mb4_general_ci',
	`_loginOn` DATETIME NULL
) ENGINE=MyISAM;

-- Dumping structure for view db_diklatlampung.vi_user_logout
DROP VIEW IF EXISTS `vi_user_logout`;
-- Creating temporary table to overcome VIEW dependency errors
CREATE TABLE `vi_user_logout` (
	`id` INT(11) NOT NULL,
	`userLoginId` INT(11) NULL,
	`logoutOn` VARCHAR(19) NULL COLLATE 'utf8mb4_general_ci',
	`_logoutOn` DATE NULL
) ENGINE=MyISAM;

-- Dumping structure for view db_diklatlampung.vi_verifikasi_akun
DROP VIEW IF EXISTS `vi_verifikasi_akun`;
-- Creating temporary table to overcome VIEW dependency errors
CREATE TABLE `vi_verifikasi_akun` (
	`id` INT(11) NOT NULL,
	`akunId` INT(11) NULL,
	`token` VARCHAR(50) NULL COLLATE 'utf8_general_ci',
	`verifiedId` INT(11) NULL,
	`verified` VARCHAR(50) NULL COLLATE 'utf8_general_ci'
) ENGINE=MyISAM;

-- Dumping structure for view db_diklatlampung.vi_akun
DROP VIEW IF EXISTS `vi_akun`;
-- Removing temporary table and create final VIEW structure
DROP TABLE IF EXISTS `vi_akun`;
CREATE ALGORITHM=UNDEFINED DEFINER=`root`@`localhost` VIEW `vi_akun` AS SELECT 
	tb_akun.id,
	tb_akun.nip,
	tb_akun.nama AS nama,
	concat(tb_akun.nip,' / ',tb_akun.nama) AS nipNama,
	tb_akun.email AS email,tb_akun.kataSandi AS kataSandi,
	tb_akun.salt AS salt,
	tb_akun.pangkatGolonganId,
	tb_pangkat_golongan.pangkatGolongan,
	tb_akun.jabatanEselon,
	tb_akun.unitKerjaId,
	tb_unit_kerja.unitKerja,
	tb_akun.instansiId,
	tb_instansi.instansi,
	tb_akun.instansiLainnya,
	tb_akun.pendidikanTerakhirId,
	tb_pendidikan_terakhir.pendidikanTerakhir,
	tb_akun.jenisKelaminId,
	tb_gender.gender AS jenisKelamin,
	tb_akun.tempatLahir,
	date_format(tb_akun.tanggalLahir,'%d/%m/%Y') AS tanggalLahir,
	tb_akun.tanggalLahir AS _tanggalLahir,
	format(DATEDIFF(CURRENT_DATE, tb_akun.tanggalLahir)/365,0) AS umur,
	tb_akun.agamaId,
	tb_agama.agama,
	tb_akun.alamat,
	tb_akun.alamatKantor,
	tb_akun.telpHp,
	tb_akun.foto,
	tb_akun.suratPerintahTugas,
	tb_akun.suratPernyataanBebasTugasKedinasan,
	tb_akun.suratKeputusanCPNS,
	tb_akun.suratKeputusanPangkat,
	tb_akun.suratKeputusanJabatanTerakhir,
	tb_akun.ijazahTerakhir,
	tb_akun.suratKeteranganDokterdariRumahSakitPemerintah,
	tb_akun.askesBPJSatauKIS,
	date_format(tb_akun.registeredOn,'%d/%m/%Y %h:%i:%s') AS registeredOn,
	tb_akun.registeredOn AS _registeredOn,
	tb_akun.statusAkunId,
	tb_status_akun.statusAkun,
	date_format(tb_akun.activeOn,'%d/%m/%Y %h:%i:%s') AS activeOn,
	tb_akun.activeOn AS _activeOn,
	tb_akun.tipeAkunId,
	tb_tipe_akun.tipeAkun 

from tb_akun 

	left join tb_pangkat_golongan ON 
	tb_akun.pangkatGolonganId = tb_pangkat_golongan.id 
	
	left join tb_unit_kerja on 
	tb_akun.unitKerjaId = tb_unit_kerja.id 
	
	left join tb_instansi on 
	tb_akun.instansiId = tb_instansi.id 
	
	left join tb_pendidikan_terakhir ON 
	tb_akun.pendidikanTerakhirId = tb_pendidikan_terakhir.id 
	
	left join tb_gender ON 
	tb_akun.jenisKelaminId = tb_gender.id 
	
	left join tb_agama on 
	tb_akun.agamaId = tb_agama.id 
	
	left join tb_status_akun on 
	tb_akun.statusAkunId = tb_status_akun.id 
	
	left join tb_tipe_akun on 
	tb_akun.tipeAkunId = tb_tipe_akun.id ;

-- Dumping structure for view db_diklatlampung.vi_all_ordered_pages
DROP VIEW IF EXISTS `vi_all_ordered_pages`;
-- Removing temporary table and create final VIEW structure
DROP TABLE IF EXISTS `vi_all_ordered_pages`;
CREATE ALGORITHM=UNDEFINED DEFINER=`root`@`localhost` VIEW `vi_all_ordered_pages` AS SELECT 
	vi_all_pages.id,
	vi_all_pages.position AS position,
	vi_all_pages.title,
	vi_all_pages.title_sl AS title_sl,
	vi_all_pages.title_el AS title_el,
	vi_all_pages.uri AS uri from vi_all_pages order by vi_all_pages.position ;

-- Dumping structure for view db_diklatlampung.vi_all_pages
DROP VIEW IF EXISTS `vi_all_pages`;
-- Removing temporary table and create final VIEW structure
DROP TABLE IF EXISTS `vi_all_pages`;
CREATE ALGORITHM=UNDEFINED DEFINER=`root`@`localhost` VIEW `vi_all_pages` AS select 9990 AS `id`,0 AS `position`,'Home' AS `title`,'Home' AS `title_sl`,'Home' AS `title_el`,'' AS `uri` union select `tb_pages`.`id` AS `id`,`tb_pages`.`position` AS `position`,concat(`tb_pages`.`title`,' (Regular Pages)') AS `concat(tb_pages.title, ' (Regular Pages)')`,concat(`tb_pages`.`title_sl`,' (Regular Pages)') AS `concat(tb_pages.title_sl, ' (Regular Pages)')`,concat(`tb_pages`.`title_el`,' (Regular Pages)') AS `concat(tb_pages.title_el, ' (Regular Pages)')`,concat('page/',`tb_pages`.`id`) AS `uri` from `tb_pages` union select concat(999,`tb_system_pages`.`id`) AS `id`,concat(999,`tb_system_pages`.`id`) AS `position`,concat(`tb_system_pages`.`title`,' (System Pages)') AS `concat(tb_system_pages.title, ' (System Pages)')`,concat(`tb_system_pages`.`title_sl`,' (System Pages)') AS `concat(tb_system_pages.title_sl, ' (System Pages)')`,concat(`tb_system_pages`.`title_el`,' (System Pages)') AS `concat(tb_system_pages.title_el, ' (System Pages)')`,`tb_system_pages`.`uri` AS `uri` from `tb_system_pages` ;

-- Dumping structure for view db_diklatlampung.vi_alumni
DROP VIEW IF EXISTS `vi_alumni`;
-- Removing temporary table and create final VIEW structure
DROP TABLE IF EXISTS `vi_alumni`;
CREATE ALGORITHM=UNDEFINED DEFINER=`root`@`localhost` VIEW `vi_alumni` AS SELECT 
tb_alumni.id,
tb_alumni.diklatId,
vi_diklat.tahun,
vi_diklat.bulan,
vi_diklat.jenisDiklatId,
vi_diklat.jenisDiklat,
vi_diklat.kode,
vi_diklat.namaDiklat,
vi_diklat.pelaksanaanMulai,
vi_diklat._pelaksanaanMulai AS _pelaksanaanMulai,
vi_diklat.pelaksanaanSelesai AS pelaksanaanSelesai,
vi_diklat._pelaksanaanSelesai AS _pelaksanaanSelesai,
vi_diklat.kuota AS kuota,
vi_diklat._kuota AS _kuota,
vi_diklat.statusDiklatId AS statusDiklatId,
vi_diklat.statusDiklat AS statusDiklat,
tb_alumni.akunId AS akunId,
vi_akun.nip AS nip,
vi_akun.nama AS nama,
vi_akun.nipNama AS nipNama,
vi_akun.email AS email,
vi_akun.pangkatGolonganId AS pangkatGolonganId,
vi_akun.pangkatGolongan AS pangkatGolongan,
vi_akun.jabatanEselon AS jabatanEselon,
vi_akun.unitKerjaId AS unitKerjaId,
vi_akun.unitKerja AS unitKerja,
vi_akun.instansiId AS instansiId,
vi_akun.instansi AS instansi,
vi_akun.instansiLainnya AS instansiLainnya,
vi_akun.pendidikanTerakhirId AS pendidikanTerakhirId,
vi_akun.pendidikanTerakhir AS pendidikanTerakhir,
vi_akun.jenisKelaminId AS jenisKelaminId,
vi_akun.jenisKelamin AS jenisKelamin,
vi_akun.tempatLahir AS tempatLahir,
vi_akun.tanggalLahir AS tanggalLahir,
vi_akun._tanggalLahir AS _tanggalLahir,
vi_akun.agamaId AS agamaId,
vi_akun.agama AS agama,
vi_akun.alamat AS alamat,
vi_akun.telpHp AS telpHp,
vi_akun.foto AS foto,
vi_akun.registeredOn AS registeredOn,
vi_akun._registeredOn AS _registeredOn,
vi_akun.statusAkunId AS statusAkunId,
vi_akun.statusAkun AS statusAkun,
vi_akun.activeOn AS activeOn,
vi_akun._activeOn AS _activeOn,
tb_alumni.noRegistrasi AS noRegistrasi 
from tb_alumni 

	left join vi_diklat on 
	tb_alumni.diklatId = vi_diklat.id 
	
	left join vi_akun on
	tb_alumni.akunId = vi_akun.id ;

-- Dumping structure for view db_diklatlampung.vi_anggota_soal_akd_tersedia
DROP VIEW IF EXISTS `vi_anggota_soal_akd_tersedia`;
-- Removing temporary table and create final VIEW structure
DROP TABLE IF EXISTS `vi_anggota_soal_akd_tersedia`;
CREATE ALGORITHM=UNDEFINED DEFINER=`root`@`localhost` VIEW `vi_anggota_soal_akd_tersedia` AS SELECT 
vi_akun.id,
vi_akun.nip,
vi_akun.nama,
vi_akun.nipNama,
vi_akun.email 
from vi_akun 
where vi_akun.tipeAkunId = 2 and not vi_akun.id IN 
(select vi_soal_akd.akunId from vi_soal_akd where (year(vi_soal_akd._tanggalPembuatan) = year(now()))) ;

-- Dumping structure for view db_diklatlampung.vi_arsip_materi
DROP VIEW IF EXISTS `vi_arsip_materi`;
-- Removing temporary table and create final VIEW structure
DROP TABLE IF EXISTS `vi_arsip_materi`;
CREATE ALGORITHM=UNDEFINED DEFINER=`root`@`localhost` VIEW `vi_arsip_materi` AS SELECT 
	tb_arsip_materi.id, 
	tb_arsip_materi.publishStatusId,
	tb_publish_status.publishStatus,
	vi_diklat.jenisDiklatId,
	vi_diklat.jenisDiklat,
	tb_arsip_materi.diklatId,
	vi_diklat.kode,
	vi_diklat.namaDiklat,
	vi_diklat.pelaksanaanMulai,
	vi_diklat._pelaksanaanMulai,
	vi_diklat.pelaksanaanSelesai,
	vi_diklat._pelaksanaanSelesai,
	vi_diklat.kuota,
	vi_diklat._kuota,
	vi_diklat.statusDiklatId,
	vi_diklat.statusDiklat,
	tb_arsip_materi.mataDiklat,
	tb_arsip_materi.fileWord,
	tb_arsip_materi.fileExcel,
	tb_arsip_materi.filePowerPoint,
	tb_arsip_materi.filePdf,

(select group_concat(vi_arsip_materi_pengajar.pengajar SEPARATOR ',') 
from vi_arsip_materi_pengajar where vi_arsip_materi_pengajar.arsipMateriId = tb_arsip_materi.id ) AS pengajar 

from tb_arsip_materi 

	left join tb_publish_status ON 
	tb_arsip_materi.publishStatusId = tb_publish_status.id 
	
	left join vi_diklat on 
	tb_arsip_materi.diklatId = vi_diklat.id ;

-- Dumping structure for view db_diklatlampung.vi_arsip_materi_pengajar
DROP VIEW IF EXISTS `vi_arsip_materi_pengajar`;
-- Removing temporary table and create final VIEW structure
DROP TABLE IF EXISTS `vi_arsip_materi_pengajar`;
CREATE ALGORITHM=UNDEFINED DEFINER=`root`@`localhost` VIEW `vi_arsip_materi_pengajar` AS SELECT 
	tb_arsip_materi_pengajar.id,
	tb_arsip_materi_pengajar.arsipMateriId,
	tb_arsip_materi_pengajar.pengajarDiklatId,
	tb_pengajar_diklat.nama AS pengajar 

from tb_arsip_materi_pengajar 
	
	left join tb_pengajar_diklat on 
	tb_arsip_materi_pengajar.pengajarDiklatId = tb_pengajar_diklat.id ;

-- Dumping structure for view db_diklatlampung.vi_bahan_jadwal_diklat
DROP VIEW IF EXISTS `vi_bahan_jadwal_diklat`;
-- Removing temporary table and create final VIEW structure
DROP TABLE IF EXISTS `vi_bahan_jadwal_diklat`;
CREATE ALGORITHM=UNDEFINED DEFINER=`root`@`localhost` VIEW `vi_bahan_jadwal_diklat` AS SELECT 
	tb_bahan_jadwal_diklat.id,
	tb_bahan_jadwal_diklat.userIdCreated,
	tb_bahan_jadwal_diklat.tglCreated,
	date_format(tb_bahan_jadwal_diklat.tglCreated,'%d/%m/%Y %H:%i') AS _tanggalCreated,
	vi_user_created.name AS nameCreated,
	tb_bahan_jadwal_diklat.userIdUpdated,
	tb_bahan_jadwal_diklat.tglUpdated,
	date_format(tb_bahan_jadwal_diklat.tglUpdated,'%d/%m/%Y %H:%i') AS _tanggalUpdated,
	vi_user_updated.name AS nameUpdated,
	tb_bahan_jadwal_diklat.diklatId,
	tb_bahan_jadwal_diklat.statusSimpan,
	vi_diklat.kode,
	vi_diklat.namaDiklat,
	vi_diklat.kuota,
	vi_diklat._kuota,
	vi_diklat.kuotaDiklat,
	vi_diklat.publishStatusId,
	vi_diklat.tahunDiklat,
	vi_diklat.lokasi,
	vi_diklat.angkatanId,
	vi_diklat.angkatan,
	vi_diklat.jenisDiklatId,
	vi_diklat.jenisDiklat,
	vi_diklat.statusDiklatId,
	vi_diklat.statusDiklat,
	vi_diklat.pelaksanaanMulai,
	vi_diklat.pelaksanaanSelesai,
	tb_bahan_jadwal_diklat.pengajarDiklatId,
	vi_user.name AS namaPengajar,
	vi_user.photo AS fotoPengajar,
	vi_user.jenisPengajarId,
	tb_bahan_jadwal_diklat.ruang,
	tb_bahan_jadwal_diklat.mataPelajaranId,
	vi_mata_pelajaran.mataPelajaran,
	vi_mata_pelajaran.labelMapelId,
	tb_bahan_jadwal_diklat.jumlahHari,
	vi_mata_pelajaran.tipeWaktuId,
	vi_mata_pelajaran.tipeWaktu,
	vi_mata_pelajaran.tipeTanggalId,
	vi_mata_pelajaran.tipeTanggal,
	vi_mata_pelajaran.tipeMataPelajaranId,
	vi_mata_pelajaran.tipeMataPelajaran,
	tb_bahan_jadwal_diklat.jumlahJp,
	concat(tb_bahan_jadwal_diklat.jumlahJp,' JP') AS jumlahJp_,
	tb_bahan_jadwal_diklat.keterangan,
	vi_mata_pelajaran.noUrut,
	tb_bahan_jadwal_diklat.tanggal,
	date_format(tb_bahan_jadwal_diklat.tanggal,'%d/%m/%Y') AS _tanggal,
	tb_bahan_jadwal_diklat.tanggalSelesai,
	date_format(tb_bahan_jadwal_diklat.tanggalSelesai,'%d/%m/%Y') AS _tanggalSelesai,
	date_format(tb_bahan_jadwal_diklat.jamMulai,'%H:%i') AS jamMulai,
	date_format(tb_bahan_jadwal_diklat.jamMulai,'%H%i') AS nilaiJamMulai,
	date_format(tb_bahan_jadwal_diklat.jamMulai,'%H') AS _jamMulai,
	date_format(tb_bahan_jadwal_diklat.jamMulai,'%i') AS jamMulaiMenit,
	date_format(tb_bahan_jadwal_diklat.jamSelesai,'%H:%i') AS jamSelesai,
	date_format(tb_bahan_jadwal_diklat.jamSelesai,'%H%i') AS nilaiJamSelesai,
	date_format(tb_bahan_jadwal_diklat.jamSelesai,'%H') AS _jamSelesai,
	date_format(tb_bahan_jadwal_diklat.jamSelesai,'%i') AS jamSelesaiMenit,
	concat(date_format(tb_bahan_jadwal_diklat.tanggal,'%Y-%m-%d'),' ',date_format(tb_bahan_jadwal_diklat.jamMulai,'%H:%i:01')) AS tanggalJamMulai,
	concat(date_format(tb_bahan_jadwal_diklat.tanggal,'%Y-%m-%d'),' ',date_format(tb_bahan_jadwal_diklat.jamSelesai,'%H:%i:%s')) AS tanggalJamSelesai,
	date_format(timediff(tb_bahan_jadwal_diklat.jamSelesai,tb_bahan_jadwal_diklat.jamMulai),'%H:%i') AS jumlahJam 

FROM  tb_bahan_jadwal_diklat 


	left join vi_user AS vi_user_created ON 
	tb_bahan_jadwal_diklat.userIdCreated = vi_user_created.id 
	
	left join vi_user AS vi_user_updated ON 
	tb_bahan_jadwal_diklat.userIdUpdated = vi_user_updated.id 
	
	left join vi_diklat ON 
	tb_bahan_jadwal_diklat.diklatId = vi_diklat.id 
	
	left join vi_user ON 
	tb_bahan_jadwal_diklat.pengajarDiklatId = vi_user.id 
	
	left join vi_mata_pelajaran on 
	tb_bahan_jadwal_diklat.mataPelajaranId = vi_mata_pelajaran.id ;

-- Dumping structure for view db_diklatlampung.vi_bahan_jadwal_diklat_pengajar_detail
DROP VIEW IF EXISTS `vi_bahan_jadwal_diklat_pengajar_detail`;
-- Removing temporary table and create final VIEW structure
DROP TABLE IF EXISTS `vi_bahan_jadwal_diklat_pengajar_detail`;
CREATE ALGORITHM=UNDEFINED DEFINER=`root`@`localhost` VIEW `vi_bahan_jadwal_diklat_pengajar_detail` AS SELECT 
	tb_bahan_jadwal_diklat_pengajar_detail.id,
	tb_bahan_jadwal_diklat_pengajar_detail.bahanJadwalDiklatId,
	vi_bahan_jadwal_diklat.jenisDiklatId,
	vi_bahan_jadwal_diklat.tahunDiklat,
	vi_bahan_jadwal_diklat.publishStatusId,
	vi_bahan_jadwal_diklat.jenisDiklat,
	vi_bahan_jadwal_diklat.tanggal,
	vi_bahan_jadwal_diklat.jumlahJp,
	vi_bahan_jadwal_diklat.namaDiklat,
	vi_bahan_jadwal_diklat.noUrut,
	vi_bahan_jadwal_diklat.jamMulai,
	vi_bahan_jadwal_diklat.jamSelesai,
	vi_bahan_jadwal_diklat.tanggalJamMulai,
	vi_bahan_jadwal_diklat.tanggalJamSelesai,
	vi_bahan_jadwal_diklat.tipeMataPelajaranId,
	vi_bahan_jadwal_diklat.tipeWaktuId,
	vi_bahan_jadwal_diklat.mataPelajaran,
	vi_bahan_jadwal_diklat.statusDiklatId,
	tb_bahan_jadwal_diklat_pengajar_detail.diklatId,
	tb_bahan_jadwal_diklat_pengajar_detail.pengajarDiklatId,
	vi_user.name AS namaPengajar,
	vi_user.photo as fotoPengajar,
	vi_user.jenisPengajarId,
	vi_user.tipeUserId,
	vi_user.aktivasiId
	
FROM  tb_bahan_jadwal_diklat_pengajar_detail 
	
	left join vi_user ON 
	tb_bahan_jadwal_diklat_pengajar_detail.pengajarDiklatId = vi_user.id 
	
	
	left join vi_bahan_jadwal_diklat ON 
	tb_bahan_jadwal_diklat_pengajar_detail.bahanJadwalDiklatId = vi_bahan_jadwal_diklat.id ;

-- Dumping structure for view db_diklatlampung.vi_bahan_jadwal_pengajar
DROP VIEW IF EXISTS `vi_bahan_jadwal_pengajar`;
-- Removing temporary table and create final VIEW structure
DROP TABLE IF EXISTS `vi_bahan_jadwal_pengajar`;
CREATE ALGORITHM=UNDEFINED DEFINER=`root`@`localhost` VIEW `vi_bahan_jadwal_pengajar` AS SELECT 
	tb_bahan_jadwal_pengajar.id,
	tb_bahan_jadwal_pengajar.jadwalPengajarId,
	vi_jadwal_pengajar.diklatId,
	vi_jadwal_pengajar.angkatanId,
	vi_jadwal_pengajar.jenisDiklatId,
	tb_bahan_jadwal_pengajar.pengajarDiklatId,
	tb_pengajar_diklat.nama AS namaPengajar,
	tb_bahan_jadwal_pengajar.tempatId,
	vi_tempat.tempat,
	vi_tempat.lokasiId,
	vi_tempat.lokasi,
	tb_bahan_jadwal_pengajar.mataPelajaranId,
	vi_mata_pelajaran.mataPelajaran,
	vi_mata_pelajaran.noUrut,
	vi_mata_pelajaran.jumlahHari,
	vi_mata_pelajaran.tipeWaktuId,
	vi_mata_pelajaran.tipeWaktu,
	vi_mata_pelajaran.tipeMataPelajaranId,
	vi_mata_pelajaran.tipeMataPelajaran,
	tb_bahan_jadwal_pengajar.jumlahJp,
	tb_bahan_jadwal_pengajar.tanggal,
	date_format(tb_bahan_jadwal_pengajar.tanggal,'%d/%m/%Y') AS _tanggal,
	tb_bahan_jadwal_pengajar.tanggalSelesai,
	date_format(tb_bahan_jadwal_pengajar.tanggalSelesai,'%d/%m/%Y') AS _tanggalSelesai,
	date_format(tb_bahan_jadwal_pengajar.jamMulai,'%H:%i') AS jamMulai,
	date_format(tb_bahan_jadwal_pengajar.jamMulai,'%H%i') AS nilaiJamMulai,
	date_format(tb_bahan_jadwal_pengajar.jamMulai,'%H') AS _jamMulai,
	date_format(tb_bahan_jadwal_pengajar.jamMulai,'%i') AS jamMulaiMenit,
	date_format(tb_bahan_jadwal_pengajar.jamSelesai,'%H:%i') AS jamSelesai,
	date_format(tb_bahan_jadwal_pengajar.jamSelesai,'%H%i') AS nilaiJamSelesai,
	date_format(tb_bahan_jadwal_pengajar.jamSelesai,'%H') AS _jamSelesai,
	date_format(tb_bahan_jadwal_pengajar.jamSelesai,'%i') AS jamSelesaiMenit,
	date_format(timediff(tb_bahan_jadwal_pengajar.jamSelesai,tb_bahan_jadwal_pengajar.jamMulai),'%H:%i') AS jumlahJam 

FROM  tb_bahan_jadwal_pengajar 

	
	left join vi_jadwal_pengajar ON 
	tb_bahan_jadwal_pengajar.jadwalPengajarId = vi_jadwal_pengajar.id 
	
	left join tb_pengajar_diklat ON 
	tb_bahan_jadwal_pengajar.pengajarDiklatId = tb_pengajar_diklat.id 
	
	left join vi_mata_pelajaran on 
	tb_bahan_jadwal_pengajar.mataPelajaranId = vi_mata_pelajaran.id 
	left join vi_tempat on 
	tb_bahan_jadwal_pengajar.tempatId = vi_tempat.id ;

-- Dumping structure for view db_diklatlampung.vi_bahan_jadwal_pengajar_detail
DROP VIEW IF EXISTS `vi_bahan_jadwal_pengajar_detail`;
-- Removing temporary table and create final VIEW structure
DROP TABLE IF EXISTS `vi_bahan_jadwal_pengajar_detail`;
CREATE ALGORITHM=UNDEFINED DEFINER=`root`@`localhost` VIEW `vi_bahan_jadwal_pengajar_detail` AS SELECT 
	tb_bahan_jadwal_pengajar_detail.id,
	tb_bahan_jadwal_pengajar_detail.bahanJadwalPengajarId,
	vi_bahan_jadwal_pengajar.jadwalPengajarId,
	tb_bahan_jadwal_pengajar_detail.pengajarDiklatId,
	tb_pengajar_diklat.nama AS namaPengajar
	
FROM  tb_bahan_jadwal_pengajar_detail 

	left join vi_bahan_jadwal_pengajar ON 
	tb_bahan_jadwal_pengajar_detail.bahanJadwalPengajarId = vi_bahan_jadwal_pengajar.id 
	
	left join tb_pengajar_diklat ON 
	tb_bahan_jadwal_pengajar_detail.pengajarDiklatId = tb_pengajar_diklat.id ;

-- Dumping structure for view db_diklatlampung.vi_branch
DROP VIEW IF EXISTS `vi_branch`;
-- Removing temporary table and create final VIEW structure
DROP TABLE IF EXISTS `vi_branch`;
CREATE ALGORITHM=UNDEFINED DEFINER=`root`@`localhost` VIEW `vi_branch` AS SELECT 
	tb_branch.id,
	tb_branch.position AS POSITION,
	if((tb_branch.mainBranchId = 1),
	concat(tb_branch.branchName,' (Main Branch)'),tb_branch.branchName) AS branchName,
	tb_branch.branchName AS _branchName,
	vi_district_city.regionalId,
	vi_district_city.regional,
	tb_branch.districtCityId,
	vi_district_city.districtCity,
	tb_branch.address,
	tb_branch.latitude,
	tb_branch.longitude,
	tb_branch.phoneNumber,
	tb_branch.faxNumber,
	tb_branch.email,
	tb_branch.facebookPage,
	tb_branch.twitterPage,
	tb_branch.mainBranchId,
	tb_decision.decision AS mainBranch 

from tb_branch 
	
	left join vi_district_city on
	tb_branch.districtCityId = vi_district_city.id 
	
	left join tb_decision on
	tb_branch.mainBranchId = tb_decision.id ;

-- Dumping structure for view db_diklatlampung.vi_diklat
DROP VIEW IF EXISTS `vi_diklat`;
-- Removing temporary table and create final VIEW structure
DROP TABLE IF EXISTS `vi_diklat`;
CREATE ALGORITHM=UNDEFINED DEFINER=`root`@`localhost` VIEW `vi_diklat` AS SELECT 
	tb_diklat.id,
	tb_diklat.publishStatusId,
	tb_diklat.userIdCreated,
	tb_diklat.tglCreated,
	date_format(tb_diklat.tglCreated,'%d/%m/%Y %H:%i') AS _tanggalCreated,
	vi_user_created.name AS nameCreated,
	tb_diklat.userIdUpdated,
	tb_diklat.tglUpdated,
	date_format(tb_diklat.tglUpdated,'%d/%m/%Y %H:%i') AS _tanggalUpdated,
	vi_user_updated.name AS nameUpdated,
	tb_publish_status.publishStatus,
	year(tb_diklat.pelaksanaanMulai) AS tahun,
	month(tb_diklat.pelaksanaanMulai) AS bulan,
	tb_diklat.jenisDiklatId,
	vi_jenis_diklat.jenisDiklat,
	vi_jenis_diklat.namaSingkat,
	vi_jenis_diklat.jumlahUpload,
	tb_diklat.kode,
	tb_diklat.namaDiklat,
	tb_diklat.tahunDiklat,
	tb_diklat.angkatanId,
	tb_angkatan.angkatan,
	tb_diklat.lokasiId,
	tb_lokasi.lokasi,
	concat(tb_diklat.namaDiklat,' / ',tb_diklat.kode) AS namaDiklatKode,
	date_format(tb_diklat.pelaksanaanMulai,'%d/%m/%Y') AS pelaksanaanMulai,
	tb_diklat.pelaksanaanMulai AS _pelaksanaanMulai,
	date_format(tb_diklat.pelaksanaanSelesai,'%d/%m/%Y') AS pelaksanaanSelesai,
	tb_diklat.pelaksanaanSelesai AS _pelaksanaanSelesai,
	concat(tb_diklat.kuota,'/',
	(select count(tb_pendaftaran_diklat.id) from tb_pendaftaran_diklat where (tb_pendaftaran_diklat.diklatId = tb_diklat.id))) AS kuota,
	tb_diklat.kuota AS _kuota,
	(select count(tb_pendaftaran_diklat.id) from tb_pendaftaran_diklat where (tb_pendaftaran_diklat.diklatId = tb_diklat.id)) AS kuotaDiklat,
	tb_diklat.statusDiklatId,
	tb_status_diklat.statusDiklat 

from tb_diklat 

	left join vi_user AS vi_user_created ON 
	tb_diklat.userIdCreated = vi_user_created.id 
	
	left join vi_user AS vi_user_updated ON 
	tb_diklat.userIdUpdated = vi_user_updated.id 
	
	left join tb_publish_status on
	tb_diklat.publishStatusId = tb_publish_status.id 
	
	left join vi_jenis_diklat on
	tb_diklat.jenisDiklatId = vi_jenis_diklat.id 
	
	left join tb_angkatan on
	tb_diklat.angkatanId = tb_angkatan.id 
	
	left join tb_lokasi on
	tb_diklat.lokasiId = tb_lokasi.id 
	
	left join tb_status_diklat on
	tb_diklat.statusDiklatId = tb_status_diklat.id ;

-- Dumping structure for view db_diklatlampung.vi_district_city
DROP VIEW IF EXISTS `vi_district_city`;
-- Removing temporary table and create final VIEW structure
DROP TABLE IF EXISTS `vi_district_city`;
CREATE ALGORITHM=UNDEFINED DEFINER=`root`@`localhost` VIEW `vi_district_city` AS SELECT 
tb_district_city.id,
tb_district_city.regionalId,
tb_regional.regional,
tb_district_city.districtCity AS districtCity 
FROM 
tb_district_city left JOIN 
tb_regional ON  tb_district_city.regionalId = tb_regional.id ;

-- Dumping structure for view db_diklatlampung.vi_faq
DROP VIEW IF EXISTS `vi_faq`;
-- Removing temporary table and create final VIEW structure
DROP TABLE IF EXISTS `vi_faq`;
CREATE ALGORITHM=UNDEFINED DEFINER=`root`@`localhost` VIEW `vi_faq` AS select `tb_faq`.`id` AS `id`,`tb_faq`.`position` AS `position`,`tb_faq`.`publishStatusId` AS `publishStatusId`,`tb_publish_status`.`publishStatus` AS `publishStatus`,`tb_faq`.`pertanyaan` AS `pertanyaan`,`tb_faq`.`jawaban` AS `jawaban` from (`tb_faq` left join `tb_publish_status` on((`tb_faq`.`publishStatusId` = `tb_publish_status`.`id`))) ;

-- Dumping structure for view db_diklatlampung.vi_filter_angkatan
DROP VIEW IF EXISTS `vi_filter_angkatan`;
-- Removing temporary table and create final VIEW structure
DROP TABLE IF EXISTS `vi_filter_angkatan`;
CREATE ALGORITHM=UNDEFINED DEFINER=`root`@`localhost` VIEW `vi_filter_angkatan` AS select 
	tb_angkatan.id ,
	tb_angkatan.angkatan,
	vi_jadwal_pengajar.id is not null AS statusMasukId,
	vi_jadwal_pengajar.statusDiklatId,
	vi_jadwal_pengajar.jenisDiklatId,
	vi_jadwal_pengajar.angkatanId

from tb_angkatan 
	
	left join vi_jadwal_pengajar on
	vi_jadwal_pengajar.angkatanId = tb_angkatan.id ;

-- Dumping structure for view db_diklatlampung.vi_filter_diklat
DROP VIEW IF EXISTS `vi_filter_diklat`;
-- Removing temporary table and create final VIEW structure
DROP TABLE IF EXISTS `vi_filter_diklat`;
CREATE ALGORITHM=UNDEFINED DEFINER=`root`@`localhost` VIEW `vi_filter_diklat` AS select 
	vi_diklat.id,
	vi_diklat.publishStatusId,
	vi_diklat.publishStatus,
	vi_diklat.tahun,
	vi_diklat.bulan,
	vi_diklat.jenisDiklatId,
	vi_diklat.jenisDiklat,
	vi_diklat.kode,
	vi_diklat.namaDiklat,
	vi_diklat.namaDiklatKode,
	vi_diklat.pelaksanaanMulai,
	vi_diklat._pelaksanaanMulai,
	vi_diklat.pelaksanaanSelesai,
	vi_diklat._pelaksanaanSelesai,
	vi_diklat.kuota,
	vi_diklat._kuota,
	vi_diklat.kuotaDiklat,
	vi_diklat.statusDiklatId,
	vi_diklat.statusDiklat,
	tb_jadwal_pengajar.id is not null AS statusMasukId 

from vi_diklat 

left join tb_jadwal_pengajar on
vi_diklat.id = tb_jadwal_pengajar.diklatId ;

-- Dumping structure for view db_diklatlampung.vi_filter_mapel
DROP VIEW IF EXISTS `vi_filter_mapel`;
-- Removing temporary table and create final VIEW structure
DROP TABLE IF EXISTS `vi_filter_mapel`;
CREATE ALGORITHM=UNDEFINED DEFINER=`root`@`localhost` VIEW `vi_filter_mapel` AS select 
	vi_mata_pelajaran.id ,
	vi_mata_pelajaran.noUrut,
	vi_mata_pelajaran.mataPelajaran,
	vi_mata_pelajaran.jenisDiklatId,
	vi_mata_pelajaran.jamMulai,
	vi_mata_pelajaran.jamSelesai,
	vi_mata_pelajaran.jumlahJp,
	vi_mata_pelajaran.jumlahHari,
	vi_bahan_jadwal_diklat.id is not null AS statusMasukId,
	vi_bahan_jadwal_diklat.id AS idPengajar

from vi_mata_pelajaran 
	
left join vi_bahan_jadwal_diklat on
vi_mata_pelajaran.id = vi_bahan_jadwal_diklat.mataPelajaranId ;

-- Dumping structure for view db_diklatlampung.vi_footer_excel
DROP VIEW IF EXISTS `vi_footer_excel`;
-- Removing temporary table and create final VIEW structure
DROP TABLE IF EXISTS `vi_footer_excel`;
CREATE ALGORITHM=UNDEFINED DEFINER=`root`@`localhost` VIEW `vi_footer_excel` AS SELECT 
tb_footer_excel.id,
tb_footer_excel.pengajarDiklatId,
vi_user.name,
vi_user.nip

FROM tb_footer_excel 

left JOIN vi_user ON  
tb_footer_excel.pengajarDiklatId = vi_user.id ;

-- Dumping structure for view db_diklatlampung.vi_foot_links
DROP VIEW IF EXISTS `vi_foot_links`;
-- Removing temporary table and create final VIEW structure
DROP TABLE IF EXISTS `vi_foot_links`;
CREATE ALGORITHM=UNDEFINED DEFINER=`root`@`localhost` VIEW `vi_foot_links` AS select `tb_foot_links`.`id` AS `id`,`tb_foot_links`.`footContentId` AS `footContentId`,`tb_foot_links`.`linkCaption` AS `linkCaption`,`tb_foot_links`.`linkCaption_sl` AS `linkCaption_sl`,`tb_foot_links`.`linkCaption_el` AS `linkCaption_el`,`tb_foot_links`.`linkBehaviorId` AS `linkBehaviorId`,`vi_link_behavior`.`behavior` AS `behavior`,`tb_foot_links`.`pagesId` AS `pagesId`,`vi_all_pages`.`title` AS `page`,`vi_all_pages`.`uri` AS `uri`,`tb_foot_links`.`url` AS `url`,`tb_foot_links`.`openUrlOnNewTabId` AS `openUrlOnNewTabId`,`tb_decision`.`decision` AS `openURLOnNewTab`,if((`tb_foot_links`.`linkBehaviorId` = 1),`vi_all_pages`.`title`,`tb_foot_links`.`url`) AS `destination` from (((`tb_foot_links` left join `vi_link_behavior` on((`tb_foot_links`.`linkBehaviorId` = `vi_link_behavior`.`id`))) left join `vi_all_pages` on((`tb_foot_links`.`pagesId` = `vi_all_pages`.`id`))) left join `tb_decision` on((`tb_foot_links`.`openUrlOnNewTabId` = `tb_decision`.`id`))) ;

-- Dumping structure for view db_diklatlampung.vi_forgot_akun
DROP VIEW IF EXISTS `vi_forgot_akun`;
-- Removing temporary table and create final VIEW structure
DROP TABLE IF EXISTS `vi_forgot_akun`;
CREATE ALGORITHM=UNDEFINED DEFINER=`root`@`localhost` VIEW `vi_forgot_akun` AS select `tb_forgot_akun`.`id` AS `id`,`tb_forgot_akun`.`akunId` AS `akunId`,`tb_forgot_akun`.`token` AS `token`,`tb_forgot_akun`.`verifiedId` AS `verifiedId`,`tb_decision`.`decision` AS `verified` from (`tb_forgot_akun` left join `tb_decision` on((`tb_forgot_akun`.`verifiedId` = `tb_decision`.`id`))) ;

-- Dumping structure for view db_diklatlampung.vi_guest_book
DROP VIEW IF EXISTS `vi_guest_book`;
-- Removing temporary table and create final VIEW structure
DROP TABLE IF EXISTS `vi_guest_book`;
CREATE ALGORITHM=UNDEFINED DEFINER=`root`@`localhost` VIEW `vi_guest_book` AS select `tb_guest_book`.`id` AS `id`,`tb_guest_book`.`name` AS `name`,`tb_guest_book`.`email` AS `email`,`tb_guest_book`.`subject` AS `subject`,`tb_guest_book`.`message` AS `message`,date_format(`tb_guest_book`.`postedOn`,'%d/%m/%Y') AS `postedOn` from `tb_guest_book` ;

-- Dumping structure for view db_diklatlampung.vi_jadwal_pengajar
DROP VIEW IF EXISTS `vi_jadwal_pengajar`;
-- Removing temporary table and create final VIEW structure
DROP TABLE IF EXISTS `vi_jadwal_pengajar`;
CREATE ALGORITHM=UNDEFINED DEFINER=`root`@`localhost` VIEW `vi_jadwal_pengajar` AS SELECT 
	tb_jadwal_pengajar.id,
	tb_jadwal_pengajar.nomor,
	tb_jadwal_pengajar.diklatId,
	vi_diklat.namaDiklat AS namaDiklat,
	vi_diklat.jenisDiklatId,
	vi_diklat.jenisDiklat,
	vi_diklat.pelaksanaanMulai,
	vi_diklat._pelaksanaanMulai,
	vi_diklat.pelaksanaanSelesai,
	vi_diklat._pelaksanaanSelesai,
	vi_diklat.statusDiklatId,
	tb_jadwal_pengajar.angkatanId,
	tb_angkatan.angkatan,
	tb_jadwal_pengajar.publishStatusId,
	tb_publish_status.publishStatus 

from tb_jadwal_pengajar 

	left join tb_publish_status ON 
	tb_jadwal_pengajar.publishStatusId = tb_publish_status.id 
	
	left join vi_diklat on 
	tb_jadwal_pengajar.diklatId = vi_diklat.id 
	
	left join tb_angkatan on 
	tb_jadwal_pengajar.angkatanId = tb_angkatan.id ;

-- Dumping structure for view db_diklatlampung.vi_jenis_diklat
DROP VIEW IF EXISTS `vi_jenis_diklat`;
-- Removing temporary table and create final VIEW structure
DROP TABLE IF EXISTS `vi_jenis_diklat`;
CREATE ALGORITHM=UNDEFINED DEFINER=`root`@`localhost` VIEW `vi_jenis_diklat` AS SELECT 
tb_jenis_diklat.id,
tb_jenis_diklat.position,
tb_jenis_diklat.jenisDiklat,
tb_jenis_diklat.namaSingkat,
(select count(id) from vi_jenis_diklat_berkas where jenisDiklatId = tb_jenis_diklat.id) as jumlahUpload

FROM tb_jenis_diklat ;

-- Dumping structure for view db_diklatlampung.vi_jenis_diklat_asli
DROP VIEW IF EXISTS `vi_jenis_diklat_asli`;
-- Removing temporary table and create final VIEW structure
DROP TABLE IF EXISTS `vi_jenis_diklat_asli`;
CREATE ALGORITHM=UNDEFINED DEFINER=`root`@`localhost` VIEW `vi_jenis_diklat_asli` AS SELECT 
tb_jenis_diklat.id,
tb_jenis_diklat.position,
tb_jenis_diklat.jenisDiklat,
tb_jenis_diklat.namaSingkat,
(select count(id) from vi_jenis_diklat_berkas where jenisDiklatId = tb_jenis_diklat.id) as jumlahUpload

FROM tb_jenis_diklat WHERE id =6 or id=9 or id=8 or id=10 order BY id asc ;

-- Dumping structure for view db_diklatlampung.vi_jenis_diklat_berkas
DROP VIEW IF EXISTS `vi_jenis_diklat_berkas`;
-- Removing temporary table and create final VIEW structure
DROP TABLE IF EXISTS `vi_jenis_diklat_berkas`;
CREATE ALGORITHM=UNDEFINED DEFINER=`root`@`localhost` VIEW `vi_jenis_diklat_berkas` AS SELECT 
tb_jenis_diklat_berkas.id,
tb_jenis_diklat_berkas.jenisDiklatId,
tb_jenis_diklat.jenisDiklat,
tb_jenis_diklat_berkas.berkasPendaftaranId,
tb_berkas_pendaftaran.berkasPendaftaran

FROM tb_jenis_diklat_berkas 

	left JOIN tb_jenis_diklat ON  
	tb_jenis_diklat_berkas.jenisDiklatId = tb_jenis_diklat.id 
	
	left JOIN tb_berkas_pendaftaran ON  
	tb_jenis_diklat_berkas.berkasPendaftaranId = tb_berkas_pendaftaran.id ;

-- Dumping structure for view db_diklatlampung.vi_jenis_diklat_fungsional
DROP VIEW IF EXISTS `vi_jenis_diklat_fungsional`;
-- Removing temporary table and create final VIEW structure
DROP TABLE IF EXISTS `vi_jenis_diklat_fungsional`;
CREATE ALGORITHM=UNDEFINED DEFINER=`root`@`localhost` VIEW `vi_jenis_diklat_fungsional` AS SELECT 
tb_jenis_diklat.id,
tb_jenis_diklat.position,
tb_jenis_diklat.jenisDiklat,
tb_jenis_diklat.namaSingkat,
(select count(id) from vi_jenis_diklat_berkas where jenisDiklatId = tb_jenis_diklat.id) as jumlahUpload

FROM tb_jenis_diklat WHERE id =11 or id=12 order BY id asc ;

-- Dumping structure for view db_diklatlampung.vi_language
DROP VIEW IF EXISTS `vi_language`;
-- Removing temporary table and create final VIEW structure
DROP TABLE IF EXISTS `vi_language`;
CREATE ALGORITHM=UNDEFINED DEFINER=`root`@`localhost` VIEW `vi_language` AS select `tb_language`.`id` AS `id`,`tb_language`.`primaryCode` AS `primaryCode`,`tb_language`.`primaryLanguage` AS `primaryLanguage`,`tb_language`.`primaryFlag` AS `primaryFlag`,`tb_language`.`secondaryCode` AS `secondaryCode`,`tb_language`.`secondaryLanguage` AS `secondaryLanguage`,`tb_language`.`secondaryFlag` AS `secondaryFlag`,`tb_language`.`secondaryEnabledId` AS `secondaryEnabledId`,`vi_secondary_enabled`.`enabled` AS `secondaryEnabled`,`tb_language`.`extendedCode` AS `extendedCode`,`tb_language`.`extendedLanguage` AS `extendedLanguage`,`tb_language`.`extendedFlag` AS `extendedFlag`,`tb_language`.`extendedEnabledId` AS `extendedEnabledId`,`vi_extended_enabled`.`enabled` AS `extendedEnabled` from ((`tb_language` left join `tb_enabled` `vi_secondary_enabled` on((`tb_language`.`secondaryEnabledId` = `vi_secondary_enabled`.`id`))) left join `tb_enabled` `vi_extended_enabled` on((`tb_language`.`extendedEnabledId` = `vi_extended_enabled`.`id`))) ;

-- Dumping structure for view db_diklatlampung.vi_link_behavior
DROP VIEW IF EXISTS `vi_link_behavior`;
-- Removing temporary table and create final VIEW structure
DROP TABLE IF EXISTS `vi_link_behavior`;
CREATE ALGORITHM=UNDEFINED DEFINER=`root`@`localhost` VIEW `vi_link_behavior` AS select `tb_menu_behavior`.`id` AS `id`,`tb_menu_behavior`.`behavior` AS `behavior` from `tb_menu_behavior` where (`tb_menu_behavior`.`id` <> 3) ;

-- Dumping structure for view db_diklatlampung.vi_mata_pelajaran
DROP VIEW IF EXISTS `vi_mata_pelajaran`;
-- Removing temporary table and create final VIEW structure
DROP TABLE IF EXISTS `vi_mata_pelajaran`;
CREATE ALGORITHM=UNDEFINED DEFINER=`root`@`localhost` VIEW `vi_mata_pelajaran` AS SELECT `db_diklatlampung`.`tb_mata_pelajaran`.`id` AS `id`,`db_diklatlampung`.`tb_mata_pelajaran`.`publishStatusId` AS `publishStatusId`,`db_diklatlampung`.`tb_publish_status`.`publishStatus` AS `publishStatus`,`db_diklatlampung`.`tb_mata_pelajaran`.`noUrut` AS `noUrut`,`db_diklatlampung`.`tb_mata_pelajaran`.`labelMapelId` AS `labelMapelId`,`db_diklatlampung`.`tb_label_mapel`.`labelMapel` AS `mataPelajaran`,date_format(`db_diklatlampung`.`tb_mata_pelajaran`.`jamMulai`,'%d') AS `dMulai1`,date_format(`db_diklatlampung`.`tb_mata_pelajaran`.`jamMulai`,'%m') AS `bMulai1`,date_format(`db_diklatlampung`.`tb_mata_pelajaran`.`jamMulai`,'%Y') AS `tMulai1`,date_format(`db_diklatlampung`.`tb_mata_pelajaran`.`jamMulai`,'%H') AS `hMulai1`,date_format(`db_diklatlampung`.`tb_mata_pelajaran`.`jamMulai`,'%i') AS `mMulai1`,date_format(`db_diklatlampung`.`tb_mata_pelajaran`.`jamMulai`,'01') AS `sMulai1`,date_format(`db_diklatlampung`.`tb_mata_pelajaran`.`jamSelesai`,'%d') AS `dSelesai1`,date_format(`db_diklatlampung`.`tb_mata_pelajaran`.`jamSelesai`,'%m') AS `bSelesai1`,date_format(`db_diklatlampung`.`tb_mata_pelajaran`.`jamSelesai`,'%Y') AS `tSelesai1`,date_format(`db_diklatlampung`.`tb_mata_pelajaran`.`jamSelesai`,'%H') AS `hSelesai1`,date_format(`db_diklatlampung`.`tb_mata_pelajaran`.`jamSelesai`,'%i') AS `mSelesai1`,date_format(`db_diklatlampung`.`tb_mata_pelajaran`.`jamSelesai`,'00') AS `sSelesai1`,date_format(`db_diklatlampung`.`tb_mata_pelajaran`.`jamSelesai`,'%Y-%m-%d %H:%i:01') AS `tanggalJamMulai`,date_format(`db_diklatlampung`.`tb_mata_pelajaran`.`jamSelesai`,'%Y-%m-%d %H:%i:00') AS `tanggalJamSelesai`,date_format(`db_diklatlampung`.`tb_mata_pelajaran`.`jamMulai`,'%H:%i') AS `jamMulai`,date_format(`db_diklatlampung`.`tb_mata_pelajaran`.`jamMulai`,'%H:%i:01') AS `jamMulai1`,date_format(`db_diklatlampung`.`tb_mata_pelajaran`.`jamMulai`,'%H%i') AS `nilaiJamMulai`,date_format(`db_diklatlampung`.`tb_mata_pelajaran`.`jamMulai`,'%H') AS `_jamMulai`,date_format(`db_diklatlampung`.`tb_mata_pelajaran`.`jamMulai`,'%i') AS `jamMulaiMenit`,date_format(`db_diklatlampung`.`tb_mata_pelajaran`.`jamSelesai`,'%H:%i') AS `jamSelesai`,date_format(`db_diklatlampung`.`tb_mata_pelajaran`.`jamSelesai`,'%H:%i:%s') AS `jamSelesai1`,date_format(`db_diklatlampung`.`tb_mata_pelajaran`.`jamSelesai`,'%H%i') AS `nilaiJamSelesai`,date_format(`db_diklatlampung`.`tb_mata_pelajaran`.`jamSelesai`,'%H') AS `_jamSelesai`,date_format(`db_diklatlampung`.`tb_mata_pelajaran`.`jamSelesai`,'%i') AS `jamSelesaiMenit`,`db_diklatlampung`.`tb_mata_pelajaran`.`jumlahHari` AS `jumlahHari`,`db_diklatlampung`.`tb_mata_pelajaran`.`jenisDiklatId` AS `jenisDiklatId`,`db_diklatlampung`.`tb_jenis_diklat`.`jenisDiklat` AS `jenisDiklat`,`db_diklatlampung`.`tb_mata_pelajaran`.`tipeMataPelajaranId` AS `tipeMataPelajaranId`,`db_diklatlampung`.`tb_tipe_mata_pelajaran`.`tipeMataPelajaran` AS `tipeMataPelajaran`,`db_diklatlampung`.`tb_mata_pelajaran`.`tipeWaktuId` AS `tipeWaktuId`,`db_diklatlampung`.`tb_tipe_waktu`.`tipeWaktu` AS `tipeWaktu`,`db_diklatlampung`.`tb_mata_pelajaran`.`tipeTanggalId` AS `tipeTanggalId`,`db_diklatlampung`.`tb_tipe_tanggal`.`tipeTanggal` AS `tipeTanggal`,if((`db_diklatlampung`.`tb_mata_pelajaran`.`jumlahJp` <= 0),'-',`db_diklatlampung`.`tb_mata_pelajaran`.`jumlahJp`) AS `jumlahJp`,concat(`db_diklatlampung`.`tb_mata_pelajaran`.`noUrut`,' ',`db_diklatlampung`.`tb_label_mapel`.`labelMapel`,' ',date_format(`db_diklatlampung`.`tb_mata_pelajaran`.`jamMulai`,'%H:%i'),' s/d ',date_format(`db_diklatlampung`.`tb_mata_pelajaran`.`jamSelesai`,'%H:%i')) AS `comboMataPelajaran`,concat(`db_diklatlampung`.`tb_mata_pelajaran`.`jumlahJp`,' JP') AS `jumlahJp_` from ((((((`db_diklatlampung`.`tb_mata_pelajaran` left join `db_diklatlampung`.`tb_label_mapel` on((`db_diklatlampung`.`tb_mata_pelajaran`.`labelMapelId` = `db_diklatlampung`.`tb_label_mapel`.`id`))) left join `db_diklatlampung`.`tb_jenis_diklat` on((`db_diklatlampung`.`tb_mata_pelajaran`.`jenisDiklatId` = `db_diklatlampung`.`tb_jenis_diklat`.`id`))) left join `db_diklatlampung`.`tb_publish_status` on((`db_diklatlampung`.`tb_mata_pelajaran`.`publishStatusId` = `db_diklatlampung`.`tb_publish_status`.`id`))) left join `db_diklatlampung`.`tb_tipe_mata_pelajaran` on((`db_diklatlampung`.`tb_mata_pelajaran`.`tipeMataPelajaranId` = `db_diklatlampung`.`tb_tipe_mata_pelajaran`.`id`))) left join `db_diklatlampung`.`tb_tipe_waktu` on((`db_diklatlampung`.`tb_mata_pelajaran`.`tipeWaktuId` = `db_diklatlampung`.`tb_tipe_waktu`.`id`))) left join `db_diklatlampung`.`tb_tipe_tanggal` on((`db_diklatlampung`.`tb_mata_pelajaran`.`tipeTanggalId` = `db_diklatlampung`.`tb_tipe_tanggal`.`id`))) ;

-- Dumping structure for view db_diklatlampung.vi_menu
DROP VIEW IF EXISTS `vi_menu`;
-- Removing temporary table and create final VIEW structure
DROP TABLE IF EXISTS `vi_menu`;
CREATE ALGORITHM=UNDEFINED DEFINER=`root`@`localhost` VIEW `vi_menu` AS select `tb_menu`.`id` AS `id`,`tb_menu`.`position` AS `position`,`tb_menu`.`menuCaption` AS `menuCaption`,`tb_menu`.`menuCaption_sl` AS `menuCaption_sl`,`tb_menu`.`menuCaption_el` AS `menuCaption_el`,`tb_menu`.`menuBehaviorId` AS `menuBehaviorId`,`tb_menu_behavior`.`behavior` AS `behavior`,`tb_menu`.`pagesId` AS `pagesId`,`vi_all_pages`.`title` AS `page`,`vi_all_pages`.`title_sl` AS `page_sl`,`vi_all_pages`.`title_el` AS `page_el`,`vi_all_pages`.`uri` AS `uri`,`tb_menu`.`url` AS `url`,`tb_menu`.`openUrlOnNewTabId` AS `openUrlOnNewTabId`,`tb_decision`.`decision` AS `openURLOnNewTab`,`tb_menu`.`publishStatusId` AS `publishStatusId`,`tb_publish_status`.`publishStatus` AS `publishStatus`,`tb_menu`.`onlyMemberId` AS `onlyMemberId`,`vi_only_member`.`decision` AS `onlyMember` from (((((`tb_menu` left join `tb_menu_behavior` on((`tb_menu`.`menuBehaviorId` = `tb_menu_behavior`.`id`))) left join `vi_all_pages` on((`tb_menu`.`pagesId` = `vi_all_pages`.`id`))) left join `tb_decision` on((`tb_menu`.`openUrlOnNewTabId` = `tb_decision`.`id`))) left join `tb_publish_status` on((`tb_menu`.`publishStatusId` = `tb_publish_status`.`id`))) left join `tb_decision` `vi_only_member` on((`tb_menu`.`onlyMemberId` = `vi_only_member`.`id`))) ;

-- Dumping structure for view db_diklatlampung.vi_other_banner
DROP VIEW IF EXISTS `vi_other_banner`;
-- Removing temporary table and create final VIEW structure
DROP TABLE IF EXISTS `vi_other_banner`;
CREATE ALGORITHM=UNDEFINED DEFINER=`root`@`localhost` VIEW `vi_other_banner` AS select `tb_other_banner`.`id` AS `id`,`tb_other_banner`.`pagesId` AS `pagesId`,`vi_all_pages`.`title` AS `page`,`tb_other_banner`.`title` AS `title`,`tb_other_banner`.`title_sl` AS `title_sl`,`tb_other_banner`.`title_el` AS `title_el`,`tb_other_banner`.`banner` AS `banner`,`tb_other_banner`.`publishStatusId` AS `publishStatusId`,`tb_publish_status`.`publishStatus` AS `publishStatus` from ((`tb_other_banner` left join `vi_all_pages` on((`tb_other_banner`.`pagesId` = `vi_all_pages`.`id`))) left join `tb_publish_status` on((`tb_other_banner`.`publishStatusId` = `tb_publish_status`.`id`))) ;

-- Dumping structure for view db_diklatlampung.vi_pages
DROP VIEW IF EXISTS `vi_pages`;
-- Removing temporary table and create final VIEW structure
DROP TABLE IF EXISTS `vi_pages`;
CREATE ALGORITHM=UNDEFINED DEFINER=`root`@`localhost` VIEW `vi_pages` AS select `tb_pages`.`id` AS `id`,`tb_pages`.`position` AS `position`,`tb_pages`.`title` AS `title`,`tb_pages`.`title_sl` AS `title_sl`,`tb_pages`.`title_el` AS `title_el`,`tb_pages`.`mediaTypeId` AS `mediaTypeId`,`tb_media_type`.`mediaType` AS `mediaType`,`tb_pages`.`contentLayoutId` AS `contentLayoutId`,`tb_content_layout`.`contentLayout` AS `contentLayout`,`tb_pages`.`image` AS `image`,`tb_pages`.`videoEmbed` AS `videoEmbed`,`tb_pages`.`description` AS `description`,`tb_pages`.`description_sl` AS `description_sl`,`tb_pages`.`description_el` AS `description_el`,`tb_pages`.`moreDescription` AS `moreDescription`,`tb_pages`.`moreDescription_sl` AS `moreDescription_sl`,`tb_pages`.`moreDescription_el` AS `moreDescription_el`,`tb_pages`.`publishStatusId` AS `publishStatusId`,`tb_publish_status`.`publishStatus` AS `publishStatus` from (((`tb_pages` left join `tb_media_type` on((`tb_pages`.`mediaTypeId` = `tb_media_type`.`id`))) left join `tb_content_layout` on((`tb_pages`.`contentLayoutId` = `tb_content_layout`.`id`))) left join `tb_publish_status` on((`tb_pages`.`publishStatusId` = `tb_publish_status`.`id`))) ;

-- Dumping structure for view db_diklatlampung.vi_pendaftaran_diklat
DROP VIEW IF EXISTS `vi_pendaftaran_diklat`;
-- Removing temporary table and create final VIEW structure
DROP TABLE IF EXISTS `vi_pendaftaran_diklat`;
CREATE ALGORITHM=UNDEFINED DEFINER=`root`@`localhost` VIEW `vi_pendaftaran_diklat` AS SELECT 
	tb_pendaftaran_diklat.id,
	tb_pendaftaran_diklat.kodePeserta,
	tb_pendaftaran_diklat.diklatId,
	tb_pendaftaran_diklat.statusUpload,
	vi_diklat.jenisDiklatId,
	vi_diklat.jenisDiklat,
	vi_diklat.jumlahUpload,
	vi_diklat.kode,
	vi_diklat.namaDiklat,
	vi_diklat.lokasi,
	vi_diklat.angkatan,
	vi_diklat.pelaksanaanMulai,
	vi_diklat._pelaksanaanMulai,
	vi_diklat.pelaksanaanSelesai,
	vi_diklat._pelaksanaanSelesai,
	vi_diklat.kuota,
	vi_diklat._kuota,
	vi_diklat.statusDiklatId,
	vi_diklat.statusDiklat,
	tb_pendaftaran_diklat.akunId,
	vi_akun.nip,
	vi_akun.nama,
	vi_akun.nipNama,
	vi_akun.umur,
	vi_akun.email,
	vi_akun.pangkatGolonganId,
	vi_akun.alamatKantor,
	vi_akun.pangkatGolongan,
	vi_akun.jabatanEselon,
	vi_akun.unitKerjaId,
	vi_akun.unitKerja,
	vi_akun.instansiId,
	vi_akun.instansi,
	vi_akun.instansiLainnya,
	vi_akun.pendidikanTerakhirId,
	vi_akun.pendidikanTerakhir,
	vi_akun.jenisKelaminId,
	vi_akun.jenisKelamin,
	vi_akun.tempatLahir,
	vi_akun.tanggalLahir,
	vi_akun._tanggalLahir,
	vi_akun.agamaId,
	vi_akun.agama,
	vi_akun.alamat,
	vi_akun.telpHp,
	vi_akun.foto,
	vi_akun.suratPerintahTugas,
	vi_akun.suratPernyataanBebasTugasKedinasan,
	vi_akun.suratKeputusanCPNS,
	vi_akun.suratKeputusanPangkat,
	vi_akun.suratKeputusanJabatanTerakhir,
	vi_akun.suratKeteranganDokterdariRumahSakitPemerintah,
	vi_akun.ijazahTerakhir,
	vi_akun.askesBPJSatauKIS,
	vi_akun.registeredOn,
	vi_akun._registeredOn,
	vi_akun.statusAkunId,
	vi_akun.statusAkun,
	vi_akun.activeOn,
	vi_akun._activeOn 

from tb_pendaftaran_diklat 

	left join vi_diklat ON 
	tb_pendaftaran_diklat.diklatId = vi_diklat.id 
	
	left join vi_akun on 
	tb_pendaftaran_diklat.akunId = vi_akun.id ;

-- Dumping structure for view db_diklatlampung.vi_pendaftaran_diklat_berkas
DROP VIEW IF EXISTS `vi_pendaftaran_diklat_berkas`;
-- Removing temporary table and create final VIEW structure
DROP TABLE IF EXISTS `vi_pendaftaran_diklat_berkas`;
CREATE ALGORITHM=UNDEFINED DEFINER=`root`@`localhost` VIEW `vi_pendaftaran_diklat_berkas` AS SELECT 
	tb_pendaftaran_diklat_berkas.id,
	tb_pendaftaran_diklat_berkas.pendaftaranDiklatId,
	vi_pendaftaran_diklat.diklatId,
	vi_pendaftaran_diklat.jenisDiklatId,
	tb_pendaftaran_diklat_berkas.berkasPendaftaranId,
	tb_berkas_pendaftaran.berkasPendaftaran,
	tb_pendaftaran_diklat_berkas.berkas,
	tb_pendaftaran_diklat_berkas.status

FROM tb_pendaftaran_diklat_berkas 

	left JOIN vi_pendaftaran_diklat 
	ON  tb_pendaftaran_diklat_berkas.pendaftaranDiklatId = vi_pendaftaran_diklat.id 
	
	
	left JOIN tb_berkas_pendaftaran 
	ON  tb_pendaftaran_diklat_berkas.berkasPendaftaranId = tb_berkas_pendaftaran.id ;

-- Dumping structure for view db_diklatlampung.vi_pengajar_diklat
DROP VIEW IF EXISTS `vi_pengajar_diklat`;
-- Removing temporary table and create final VIEW structure
DROP TABLE IF EXISTS `vi_pengajar_diklat`;
CREATE ALGORITHM=UNDEFINED DEFINER=`root`@`localhost` VIEW `vi_pengajar_diklat` AS select `tb_pengajar_diklat`.`id` AS `id`,`tb_pengajar_diklat`.`position` AS `position`,`tb_pengajar_diklat`.`foto` AS `foto`,`tb_pengajar_diklat`.`publishStatusId` AS `publishStatusId`,`tb_publish_status`.`publishStatus` AS `publishStatus`,`tb_pengajar_diklat`.`nama` AS `nama`,`tb_pengajar_diklat`.`deskripsi` AS `deskripsi` from (`tb_pengajar_diklat` left join `tb_publish_status` on((`tb_pengajar_diklat`.`publishStatusId` = `tb_publish_status`.`id`))) ;

-- Dumping structure for view db_diklatlampung.vi_pertanyaan
DROP VIEW IF EXISTS `vi_pertanyaan`;
-- Removing temporary table and create final VIEW structure
DROP TABLE IF EXISTS `vi_pertanyaan`;
CREATE ALGORITHM=UNDEFINED DEFINER=`root`@`localhost` VIEW `vi_pertanyaan` AS select `tb_pertanyaan`.`id` AS `id`,`tb_pertanyaan`.`nama` AS `nama`,`tb_pertanyaan`.`email` AS `email`,`tb_pertanyaan`.`pertanyaan` AS `pertanyaan`,date_format(`tb_pertanyaan`.`postedOn`,'%d/%m/%Y %h:%i:%s') AS `postedOn`,`tb_pertanyaan`.`postedOn` AS `_postedOn` from `tb_pertanyaan` ;

-- Dumping structure for view db_diklatlampung.vi_rekapitulasi_jp
DROP VIEW IF EXISTS `vi_rekapitulasi_jp`;
-- Removing temporary table and create final VIEW structure
DROP TABLE IF EXISTS `vi_rekapitulasi_jp`;
CREATE ALGORITHM=UNDEFINED DEFINER=`root`@`localhost` VIEW `vi_rekapitulasi_jp` AS select 
	vi_bahan_jadwal_diklat_pengajar_detail.id,
	vi_bahan_jadwal_diklat_pengajar_detail.jenisDiklatId,
	vi_bahan_jadwal_diklat_pengajar_detail.tahunDiklat,
	vi_bahan_jadwal_diklat_pengajar_detail.publishStatusId,
	vi_bahan_jadwal_diklat_pengajar_detail.jenisDiklat,
	vi_bahan_jadwal_diklat_pengajar_detail.diklatId,
	vi_bahan_jadwal_diklat_pengajar_detail.tanggal,
	vi_bahan_jadwal_diklat_pengajar_detail.jumlahJp,
	vi_bahan_jadwal_diklat_pengajar_detail.tipeMataPelajaranId,
	vi_bahan_jadwal_diklat_pengajar_detail.tipeWaktuId,
	IFNULL(vi_bahan_jadwal_diklat_pengajar_detail.namaPengajar,'') AS namaPengajar,
	vi_bahan_jadwal_diklat_pengajar_detail.fotoPengajar,
	vi_bahan_jadwal_diklat_pengajar_detail.pengajarDiklatId,
	vi_bahan_jadwal_diklat_pengajar_detail.jenisPengajarId,
	IFNULL(sum(vi_bahan_jadwal_diklat_pengajar_detail.jumlahJp),0) as totalJp
	
from vi_bahan_jadwal_diklat_pengajar_detail 

	WHERE tipeMataPelajaranId=1 AND tipeWaktuId=1 AND jenisPengajarId =7
	
	group by pengajarDiklatId order by namaPengajar ASC ;

-- Dumping structure for view db_diklatlampung.vi_rekapitulasi_peserta
DROP VIEW IF EXISTS `vi_rekapitulasi_peserta`;
-- Removing temporary table and create final VIEW structure
DROP TABLE IF EXISTS `vi_rekapitulasi_peserta`;
CREATE ALGORITHM=UNDEFINED DEFINER=`root`@`localhost` VIEW `vi_rekapitulasi_peserta` AS SELECT 
vi_diklat.tahunDiklat,
	IFNULL(sum(vi_diklat.kuotaDiklat),0) as kuotaDiklat,
	IFNULL(sum(vi_diklat._kuota),0) as _kuota
FROM vi_diklat 

group by tahunDiklat order by tahunDiklat ASC ;

-- Dumping structure for view db_diklatlampung.vi_seo
DROP VIEW IF EXISTS `vi_seo`;
-- Removing temporary table and create final VIEW structure
DROP TABLE IF EXISTS `vi_seo`;
CREATE ALGORITHM=UNDEFINED DEFINER=`root`@`localhost` VIEW `vi_seo` AS select `tb_seo`.`id` AS `id`,`tb_seo`.`pagesId` AS `pagesId`,`vi_all_pages`.`title` AS `page`,(select group_concat(`tb_seo_keywords`.`keywords` separator ',') from `tb_seo_keywords` where (`tb_seo_keywords`.`seoId` = `tb_seo`.`id`)) AS `keywords`,`tb_seo`.`description` AS `description` from (`tb_seo` left join `vi_all_pages` on((`tb_seo`.`pagesId` = `vi_all_pages`.`id`))) ;

-- Dumping structure for view db_diklatlampung.vi_soal_akd
DROP VIEW IF EXISTS `vi_soal_akd`;
-- Removing temporary table and create final VIEW structure
DROP TABLE IF EXISTS `vi_soal_akd`;
CREATE ALGORITHM=UNDEFINED DEFINER=`root`@`localhost` VIEW `vi_soal_akd` AS select `tb_soal_akd`.`id` AS `id`,date_format(`tb_soal_akd`.`tanggalPembuatan`,'%d/%m/%Y') AS `tanggalPembuatan`,`tb_soal_akd`.`tanggalPembuatan` AS `_tanggalPembuatan`,date_format(`tb_soal_akd`.`tanggalPengisian`,'%d/%m/%Y') AS `tanggalPengisian`,`tb_soal_akd`.`tanggalPengisian` AS `_tanggalPengisian`,`tb_soal_akd`.`jabatan` AS `jabatan`,`tb_soal_akd`.`unitKerja` AS `unitKerja`,`tb_soal_akd`.`instansi` AS `instansi`,`tb_soal_akd`.`akunId` AS `akunId`,`vi_akun`.`nip` AS `nip`,`vi_akun`.`nama` AS `nama`,`vi_akun`.`nipNama` AS `nipNama`,`vi_akun`.`email` AS `email`,`tb_soal_akd`.`kedudukanId` AS `kedudukanId`,`tb_kedudukan`.`kedudukan` AS `kedudukan`,`tb_soal_akd`.`telahDijawabId` AS `telahDijawabId`,`tb_decision`.`decision` AS `telahDijawab` from (((`tb_soal_akd` left join `vi_akun` on((`tb_soal_akd`.`akunId` = `vi_akun`.`id`))) left join `tb_kedudukan` on((`tb_soal_akd`.`kedudukanId` = `tb_kedudukan`.`id`))) left join `tb_decision` on((`tb_soal_akd`.`telahDijawabId` = `tb_decision`.`id`))) ;

-- Dumping structure for view db_diklatlampung.vi_soal_akd_rumusan_kompetensi
DROP VIEW IF EXISTS `vi_soal_akd_rumusan_kompetensi`;
-- Removing temporary table and create final VIEW structure
DROP TABLE IF EXISTS `vi_soal_akd_rumusan_kompetensi`;
CREATE ALGORITHM=UNDEFINED DEFINER=`root`@`localhost` VIEW `vi_soal_akd_rumusan_kompetensi` AS select `tb_soal_akd_rumusan_kompetensi`.`id` AS `id`,`tb_soal_akd_rumusan_kompetensi`.`soalAkdId` AS `soalAkdId`,`tb_soal_akd_rumusan_kompetensi`.`rumusanKompetensi` AS `rumusanKompetensi`,`tb_soal_akd_rumusan_kompetensi`.`tingkatKesanggupanId` AS `tingkatKesanggupanId`,`tb_tingkat_kesanggupan`.`tingkatKesanggupan` AS `tingkatKesanggupan` from (`tb_soal_akd_rumusan_kompetensi` left join `tb_tingkat_kesanggupan` on((`tb_soal_akd_rumusan_kompetensi`.`tingkatKesanggupanId` = `tb_tingkat_kesanggupan`.`id`))) ;

-- Dumping structure for view db_diklatlampung.vi_statistik_alumni
DROP VIEW IF EXISTS `vi_statistik_alumni`;
-- Removing temporary table and create final VIEW structure
DROP TABLE IF EXISTS `vi_statistik_alumni`;
CREATE ALGORITHM=UNDEFINED DEFINER=`root`@`localhost` VIEW `vi_statistik_alumni` AS SELECT 
	vi_alumni.jenisDiklatId,
	vi_alumni.tahun,
	IFNULL(count(vi_alumni.id),0) as jumlahOrang
	
FROM vi_alumni 

group by tahun,jenisDiklatId order by tahun ASC ;

-- Dumping structure for view db_diklatlampung.vi_sub_menu
DROP VIEW IF EXISTS `vi_sub_menu`;
-- Removing temporary table and create final VIEW structure
DROP TABLE IF EXISTS `vi_sub_menu`;
CREATE ALGORITHM=UNDEFINED DEFINER=`root`@`localhost` VIEW `vi_sub_menu` AS select `tb_sub_menu`.`id` AS `id`,`tb_sub_menu`.`menuId` AS `menuId`,`tb_menu`.`menuCaption` AS `menuCaption`,`tb_sub_menu`.`subMenuCaption` AS `subMenuCaption`,`tb_sub_menu`.`subMenuCaption_sl` AS `subMenuCaption_sl`,`tb_sub_menu`.`subMenuCaption_el` AS `subMenuCaption_el`,`tb_sub_menu`.`subMenuBehaviorId` AS `subMenuBehaviorId`,`vi_sub_menu_behavior`.`behavior` AS `behavior`,`tb_sub_menu`.`pagesId` AS `pagesId`,`vi_all_pages`.`title` AS `page`,`vi_all_pages`.`title_sl` AS `page_sl`,`vi_all_pages`.`title_el` AS `page_el`,`vi_all_pages`.`uri` AS `uri`,`tb_sub_menu`.`url` AS `url`,`tb_sub_menu`.`openUrlOnNewTabId` AS `openUrlOnNewTabId`,`tb_decision`.`decision` AS `openUrlOnNewTab`,if((`tb_sub_menu`.`subMenuBehaviorId` = 1),`vi_all_pages`.`title`,`tb_sub_menu`.`url`) AS `destination` from ((((`tb_sub_menu` left join `tb_menu` on((`tb_sub_menu`.`menuId` = `tb_menu`.`id`))) left join `vi_sub_menu_behavior` on((`tb_sub_menu`.`subMenuBehaviorId` = `vi_sub_menu_behavior`.`id`))) left join `vi_all_pages` on((`tb_sub_menu`.`pagesId` = `vi_all_pages`.`id`))) left join `tb_decision` on((`tb_menu`.`openUrlOnNewTabId` = `tb_decision`.`id`))) ;

-- Dumping structure for view db_diklatlampung.vi_sub_menu_behavior
DROP VIEW IF EXISTS `vi_sub_menu_behavior`;
-- Removing temporary table and create final VIEW structure
DROP TABLE IF EXISTS `vi_sub_menu_behavior`;
CREATE ALGORITHM=UNDEFINED DEFINER=`root`@`localhost` VIEW `vi_sub_menu_behavior` AS select `tb_menu_behavior`.`id` AS `id`,`tb_menu_behavior`.`behavior` AS `behavior` from `tb_menu_behavior` where (`tb_menu_behavior`.`id` <> 3) ;

-- Dumping structure for view db_diklatlampung.vi_tanggal_merah
DROP VIEW IF EXISTS `vi_tanggal_merah`;
-- Removing temporary table and create final VIEW structure
DROP TABLE IF EXISTS `vi_tanggal_merah`;
CREATE ALGORITHM=UNDEFINED DEFINER=`root`@`localhost` VIEW `vi_tanggal_merah` AS SELECT 
	tb_tanggal_merah.id,
	tb_tanggal_merah.tanggalMerah,
	date_format(tb_tanggal_merah.tanggalMulai,'%d/%m/%Y') AS tanggalMulai,
	tb_tanggal_merah.tanggalMulai AS _tanggalMulai,
	date_format(tb_tanggal_merah.tanggalSelesai,'%d/%m/%Y') AS tanggalSelesai,
	tb_tanggal_merah.tanggalSelesai AS _tanggalSelesai,
	(select count(id) from tb_tanggal_merah_detail where tanggalMerahId = tb_tanggal_merah.id) as jumlahLibur

FROM tb_tanggal_merah ;

-- Dumping structure for view db_diklatlampung.vi_tempat
DROP VIEW IF EXISTS `vi_tempat`;
-- Removing temporary table and create final VIEW structure
DROP TABLE IF EXISTS `vi_tempat`;
CREATE ALGORITHM=UNDEFINED DEFINER=`root`@`localhost` VIEW `vi_tempat` AS SELECT 
	tb_tempat.id,
	tb_tempat.lokasiId,
	tb_lokasi.lokasi,
	tb_tempat.tempat  

from tb_tempat 

	left join tb_lokasi on 
	tb_tempat.lokasiId = tb_lokasi.id ;

-- Dumping structure for view db_diklatlampung.vi_user
DROP VIEW IF EXISTS `vi_user`;
-- Removing temporary table and create final VIEW structure
DROP TABLE IF EXISTS `vi_user`;
CREATE ALGORITHM=UNDEFINED DEFINER=`root`@`localhost` VIEW `vi_user` AS SELECT 
	tb_user.id,
	tb_user.name,
	tb_user.nip,
	tb_user.photo,
	tb_user.email,
	tb_user.password,
	tb_user.salt,
	tb_user.privilegesId,
	tb_user_privileges.privileges,
	tb_user_privileges.menuAccess,
	tb_user_privileges.panelAccess,
	tb_user.genderId,
	tb_gender.gender,
	tb_user.pangkatGolonganId,
	tb_pangkat_golongan.pangkatGolongan,
	tb_user.jabatanId,
	tb_jabatan.jabatan,
	tb_user.jenisPengajarId,
	tb_jenis_pengajar.jenisPengajar,
	date_format(tb_user.dateOfBirth,'%d/%m/%Y') AS dateOfBirth,
	tb_user.dateOfBirth AS _dateOfBirth,
	tb_user.mobileNumber,
	vi_branch.regionalId,
	vi_branch.regional,
	vi_branch.districtCityId,
	vi_branch.districtCity,
	tb_user.branchId,
	vi_branch.branchName,
	vi_branch._branchName,
	tb_user.address,
	tb_user.tipeUserId,
	tb_tipe_user.tipeUser,
	tb_user.aktivasiId,
	tb_decision.decision AS aktivasi
	
FROM tb_user 

	left join tb_tipe_user on 
	tb_user.tipeUserId = tb_tipe_user.id 

	left join tb_decision on 
	tb_user.aktivasiId = tb_decision.id 
	
	left join tb_user_privileges on 
	tb_user.privilegesId = tb_user_privileges.id 
	
	left join tb_gender on 
	tb_user.genderId = tb_gender.id 
	
	left join tb_pangkat_golongan on 
	tb_user.pangkatGolonganId = tb_pangkat_golongan.id 
	
	left join tb_jabatan on 
	tb_user.jabatanId = tb_jabatan.id 
	
	left join tb_jenis_pengajar on 
	tb_user.jenisPengajarId = tb_jenis_pengajar.id 
	
	left join vi_branch ON 
	tb_user.branchId = vi_branch.id ;

-- Dumping structure for view db_diklatlampung.vi_user_label_mapel
DROP VIEW IF EXISTS `vi_user_label_mapel`;
-- Removing temporary table and create final VIEW structure
DROP TABLE IF EXISTS `vi_user_label_mapel`;
CREATE ALGORITHM=UNDEFINED DEFINER=`root`@`localhost` VIEW `vi_user_label_mapel` AS SELECT 
	tb_user_label_mapel.id,
	tb_user_label_mapel.labelMapelId,
	tb_label_mapel.labelMapel,
	tb_user_label_mapel.jenisDiklatId,
	tb_jenis_diklat.jenisDiklat,
	tb_jenis_diklat.namaSingkat,
	tb_user_label_mapel.userId,
	vi_user.name AS namaPengajar,
	vi_user.aktivasiId

from tb_user_label_mapel 

	left join tb_label_mapel on 
	tb_user_label_mapel.labelMapelId = tb_label_mapel.id 
	
	left join tb_jenis_diklat on 
	tb_user_label_mapel.jenisDiklatId = tb_jenis_diklat.id 
	
	left join vi_user on 
	tb_user_label_mapel.userId = vi_user.id ;

-- Dumping structure for view db_diklatlampung.vi_user_log
DROP VIEW IF EXISTS `vi_user_log`;
-- Removing temporary table and create final VIEW structure
DROP TABLE IF EXISTS `vi_user_log`;
CREATE ALGORITHM=UNDEFINED DEFINER=`root`@`localhost` VIEW `vi_user_log` AS select `vi_user_login`.`id` AS `id`,`vi_user_login`.`id` AS `userLoginId`,`vi_user_login`.`userId` AS `userId`,if((`vi_user_login`.`userId` = 0),'Super Admin',`vi_user_login`.`name`) AS `name`,`vi_user_login`.`auth` AS `auth`,`vi_user_login`.`loginOn` AS `loginOn`,`vi_user_login`.`_loginOn` AS `_loginOn`,`vi_user_logout`.`logoutOn` AS `logoutOn`,`vi_user_logout`.`_logoutOn` AS `_logoutOn`,if((isnull(`vi_user_logout`.`logoutOn`) = 1),1,2) AS `stillInsideId`,(select `tb_decision`.`decision` from `tb_decision` where (`tb_decision`.`id` = if((isnull(`vi_user_logout`.`logoutOn`) = 1),1,2))) AS `stillInside` from (`vi_user_login` left join `vi_user_logout` on((`vi_user_logout`.`userLoginId` = `vi_user_login`.`id`))) ;

-- Dumping structure for view db_diklatlampung.vi_user_login
DROP VIEW IF EXISTS `vi_user_login`;
-- Removing temporary table and create final VIEW structure
DROP TABLE IF EXISTS `vi_user_login`;
CREATE ALGORITHM=UNDEFINED DEFINER=`root`@`localhost` VIEW `vi_user_login` AS select `tb_user_login`.`id` AS `id`,`tb_user_login`.`userId` AS `userId`,`vi_user`.`name` AS `name`,`tb_user_login`.`auth` AS `auth`,date_format(`tb_user_login`.`loginOn`,'%d/%m/%Y %h:%i:%s') AS `loginOn`,`tb_user_login`.`loginOn` AS `_loginOn` from (`tb_user_login` left join `vi_user` on((`tb_user_login`.`userId` = `vi_user`.`id`))) ;

-- Dumping structure for view db_diklatlampung.vi_user_logout
DROP VIEW IF EXISTS `vi_user_logout`;
-- Removing temporary table and create final VIEW structure
DROP TABLE IF EXISTS `vi_user_logout`;
CREATE ALGORITHM=UNDEFINED DEFINER=`root`@`localhost` VIEW `vi_user_logout` AS select `tb_user_logout`.`id` AS `id`,`tb_user_logout`.`userLoginId` AS `userLoginId`,date_format(`tb_user_logout`.`logoutOn`,'%d/%m/%Y %h:%i:%s') AS `logoutOn`,`tb_user_logout`.`logoutOn` AS `_logoutOn` from `tb_user_logout` ;

-- Dumping structure for view db_diklatlampung.vi_verifikasi_akun
DROP VIEW IF EXISTS `vi_verifikasi_akun`;
-- Removing temporary table and create final VIEW structure
DROP TABLE IF EXISTS `vi_verifikasi_akun`;
CREATE ALGORITHM=UNDEFINED DEFINER=`root`@`localhost` VIEW `vi_verifikasi_akun` AS SELECT 
	tb_verifikasi_akun.id,
	tb_verifikasi_akun.akunId,
	tb_verifikasi_akun.token,
	tb_verifikasi_akun.verifiedId,
	tb_decision.decision AS verified 
	
FROM tb_verifikasi_akun 
	
	left join tb_decision on 
	tb_verifikasi_akun.verifiedId = tb_decision.id ;

/*!40101 SET SQL_MODE=IFNULL(@OLD_SQL_MODE, '') */;
/*!40014 SET FOREIGN_KEY_CHECKS=IF(@OLD_FOREIGN_KEY_CHECKS IS NULL, 1, @OLD_FOREIGN_KEY_CHECKS) */;
/*!40101 SET CHARACTER_SET_CLIENT=@OLD_CHARACTER_SET_CLIENT */;
